-- MySQL dump 10.13  Distrib 5.7.24, for Linux (x86_64)
--
-- Host: localhost    Database: bachusWinery
-- ------------------------------------------------------
-- Server version	5.7.24

/*!40101 SET @OLD_CHARACTER_SET_CLIENT=@@CHARACTER_SET_CLIENT */;
/*!40101 SET @OLD_CHARACTER_SET_RESULTS=@@CHARACTER_SET_RESULTS */;
/*!40101 SET @OLD_COLLATION_CONNECTION=@@COLLATION_CONNECTION */;
/*!40101 SET NAMES utf8 */;
/*!40103 SET @OLD_TIME_ZONE=@@TIME_ZONE */;
/*!40103 SET TIME_ZONE='+00:00' */;
/*!40014 SET @OLD_UNIQUE_CHECKS=@@UNIQUE_CHECKS, UNIQUE_CHECKS=0 */;
/*!40014 SET @OLD_FOREIGN_KEY_CHECKS=@@FOREIGN_KEY_CHECKS, FOREIGN_KEY_CHECKS=0 */;
/*!40101 SET @OLD_SQL_MODE=@@SQL_MODE, SQL_MODE='NO_AUTO_VALUE_ON_ZERO' */;
/*!40111 SET @OLD_SQL_NOTES=@@SQL_NOTES, SQL_NOTES=0 */;

--
-- Table structure for table `Adres`
--

DROP TABLE IF EXISTS `Adres`;
/*!40101 SET @saved_cs_client     = @@character_set_client */;
/*!40101 SET character_set_client = utf8 */;
CREATE TABLE `Adres` (
  `idAdres` int(11) NOT NULL AUTO_INCREMENT,
  `miasto` varchar(40) NOT NULL,
  `kodPocztowy` varchar(12) NOT NULL,
  `ulica` varchar(45) NOT NULL,
  `nrLokalu` varchar(2) DEFAULT NULL,
  `nrPosesji` varchar(5) NOT NULL,
  `kraj` varchar(60) NOT NULL,
  PRIMARY KEY (`idAdres`),
  UNIQUE KEY `idAdres_UNIQUE` (`idAdres`)
) ENGINE=InnoDB AUTO_INCREMENT=301 DEFAULT CHARSET=utf8;
/*!40101 SET character_set_client = @saved_cs_client */;

--
-- Dumping data for table `Adres`
--

LOCK TABLES `Adres` WRITE;
/*!40000 ALTER TABLE `Adres` DISABLE KEYS */;
INSERT INTO `Adres` VALUES (1,'North Marquise','26293-0411','Daphne Street','12','4062','Bhutan'),(2,'West Arnoldoburgh','07396-5791','Yost Forks','4','2125','Luxembourg'),(3,'Arifurt','97877','Cartwright Turnpike','9','3129','Turks and Caicos Islands'),(4,'Lake Alessandra','70694','Pagac Summit','18','5581','Colombia'),(5,'West Thaddeusmouth','48897-5153','Kovacek Mountain','0','8543','Argentina'),(6,'North Betty','58049-3757','Ashley Square','12','7182','Slovakia (Slovak Republic)'),(7,'Gulgowskiton','28017','Wendy Mountain','10','2266','Benin'),(8,'Willardbury','55737','Caitlyn Lock','10','2369','Finland'),(9,'Lake Gideonstad','84435','Sherman Lock','4','7924','Mauritius'),(10,'Tristonmouth','64737','Mckayla Parkways','6','1516','United States of America'),(11,'Eddiestad','27901','Keebler Views','20','493','Iran'),(12,'North Reese','50809','Cole View','17','5336','France'),(13,'Henrietteland','04056-6085','Ward Ports','7','7550','Tonga'),(14,'Cathrineland','57233','Keith Dam','17','4871','Bosnia and Herzegovina'),(15,'West Adolfostad','00806-0362','Hyatt Spring','15','7890','Liechtenstein'),(16,'East Eliezer','10162-8547','Kautzer Greens','1','423','Dominican Republic'),(17,'North Mariana','67969','Shields Tunnel','12','8799','Canada'),(18,'Tristinhaven','88155-1438','Gerlach Mountain','3','7453','Tunisia'),(19,'Goldnerburgh','54636-4924','Zella Branch','3','5141','Republic of Korea'),(20,'New Kennedymouth','48573-5119','Fernando Walks','10','5867','Tajikistan'),(21,'Swiftside','37909-8704','Chris Canyon','0','8450','Brazil'),(22,'New Trinityland','23589','Graham Mountain','11','745','Syrian Arab Republic'),(23,'Demondtown','61481','Sauer Motorway','6','8294','Chile'),(24,'Howellchester','74893','Crona Village','9','3215','Kuwait'),(25,'West Werner','25210','Wisoky Roads','4','195','Colombia'),(26,'Fadelside','57880-9106','Arnaldo Extension','13','7848','Thailand'),(27,'North Zoietown','63615','Yost Vista','11','5836','Tuvalu'),(28,'East Opalville','51351-8927','Moore Knolls','19','4797','Seychelles'),(29,'Strosinberg','78230-5103','Tillman Ridge','12','3731','Mayotte'),(30,'Kuphalfurt','22718','Douglas View','8','8786','Guadeloupe'),(31,'Hattieside','49331','Thompson Meadow','5','4903','Equatorial Guinea'),(32,'Gloverfort','82213-7345','Oda Harbors','13','3404','Cook Islands'),(33,'New Pietro','90531-0994','Collins Crescent','20','959','Jersey'),(34,'Vickyburgh','42517','Lera Knolls','14','9588','Mali'),(35,'New Watson','50812','Marquis Cliff','17','8757','Zimbabwe'),(36,'Wilfordfurt','58612','Fredy Junctions','17','9879','Guatemala'),(37,'Amaraview','97637','Fletcher Canyon','19','1818','Kazakhstan'),(38,'Lake Christy','90703','Noe Ridges','19','917','Morocco'),(39,'South Blanca','10203','Kautzer Ford','9','8022','Palau'),(40,'Lake Earnestine','26444','Schuster Stravenue','18','7807','United Kingdom'),(41,'North Rosamond','08488','Howe Gardens','6','2140','Belize'),(42,'Alexton','85240-6080','Lind Curve','7','5467','Haiti'),(43,'Faheyburgh','25724-6837','Lori Points','11','2949','Sri Lanka'),(44,'Donborough','52995-0537','Delilah Crest','1','5872','Algeria'),(45,'Douglasstad','61639-6282','Altenwerth Highway','2','3031','Burkina Faso'),(46,'South Justonburgh','82650','Coty Terrace','9','4570','Lebanon'),(47,'Evefurt','46706-4706','Giles Stream','11','958','Suriname'),(48,'Sammieville','19714-7293','Kuhn Falls','6','5637','Sri Lanka'),(49,'Gleichnerchester','31002','Osinski Flat','6','705','Equatorial Guinea'),(50,'Dimitristad','32108','Della Tunnel','17','8350','Kuwait'),(51,'East Haylieside','45112-7003','Jon Trail','3','5645','Timor-Leste'),(52,'Russelside','96444','Vince Junctions','5','7436','Tuvalu'),(53,'Lake Pollyside','90464','Arjun Fields','12','976','Cambodia'),(54,'Asiaview','01733-3484','Alessandro Circles','19','8714','Sierra Leone'),(55,'North Freemanstad','11723-1783','Selmer Hollow','13','1887','Guinea'),(56,'Jakubowskiside','35004','Rebeka Port','5','3063','Italy'),(57,'South Nellieborough','03751-5582','Gibson Gardens','12','3050','Russian Federation'),(58,'New Chanelleland','46910-5487','Sabryna Rapids','1','2979','Croatia'),(59,'Trompfurt','26853','Homenick Rapid','19','5978','Belarus'),(60,'Lottieport','20410-4806','Mafalda Forge','16','367','Belarus'),(61,'West Murrayburgh','94147-0987','Effertz Station','0','5438','Central African Republic'),(62,'East Ward','31317-4114','Kris Loop','6','7929','Cameroon'),(63,'East Addison','38854','Goyette Unions','18','7340','Indonesia'),(64,'Harbertown','14389','Verla Rapid','12','1848','Netherlands'),(65,'Schinnerport','80158-5647','Ahmad Locks','10','939','Yemen'),(66,'Littelview','93578-2231','Katrine Green','8','1520','Singapore'),(67,'Port Maximo','57374-4968','Durgan Pike','14','6961','Panama'),(68,'Lake Christine','32142-8290','Tillman Spurs','13','1952','Turkey'),(69,'East Brooksville','92341','Gardner Forges','0','3710','Papua New Guinea'),(70,'Lake Cliftonstad','50928-5797','Becker Station','2','7091','Lebanon'),(71,'Bergnaumberg','50174-5324','Anika Forks','17','8198','Mauritania'),(72,'South Julietberg','88163','Vandervort Unions','14','9995','Singapore'),(73,'Wittington','43717','Abigayle Ford','19','4263','Greece'),(74,'Donnaton','46313','Rice Stream','20','2710','Djibouti'),(75,'Port Anabelberg','50257-6624','Lina Neck','20','499','Peru'),(76,'East Zionburgh','14912-7007','Kamille Keys','14','2225','Serbia'),(77,'Lake Zion','02553-8732','Becker Parks','0','9217','Ukraine'),(78,'Hickleview','75346','Halvorson Gardens','17','6558','Thailand'),(79,'Claudiaview','24529','Goldner Islands','15','1154','Thailand'),(80,'Port Katharinaside','73235','Cormier Cape','12','1106','Togo'),(81,'New Claire','78487-9467','Heller Causeway','5','2471','Martinique'),(82,'Port Vicky','82384-3665','Mante Island','13','1167','Djibouti'),(83,'Simonismouth','65388','Langworth Ramp','9','684','Portugal'),(84,'Francoland','51372-7416','Shields Light','17','7528','Costa Rica'),(85,'South Fermin','88523','Charlie Falls','12','3238','Antigua and Barbuda'),(86,'North Renee','76824-0262','Ella Overpass','6','9055','Iceland'),(87,'Rennerview','71623-4410','Conroy Groves','5','4936','Republic of Korea'),(88,'Lake Pedromouth','17791-9127','Bernhard Streets','20','7795','Bulgaria'),(89,'Langburgh','52192','Rosamond Knoll','1','9589','Cape Verde'),(90,'Maxwellhaven','86576-0766','Natalie Drives','13','4552','Japan'),(91,'Seanport','96858','Kameron Common','18','7890','Cayman Islands'),(92,'East Velda','87044','Erling Fall','3','5111','Ecuador'),(93,'Mayrafort','49202','Walsh Springs','15','1205','Zimbabwe'),(94,'Roobshire','62091-4790','Larkin Estate','1','6020','Malaysia'),(95,'Lake Aileen','26546','Roma Views','9','6559','Antarctica (the territory South of 60 deg S)'),(96,'Bartellhaven','10119-5713','Lesch Dale','10','8305','Malawi'),(97,'North Irwinland','26504-2456','Mertz Islands','0','7466','Mozambique'),(98,'North Laruefurt','41251','Ferry Burg','15','3448','Moldova'),(99,'Marjoryport','96585-8230','Edythe Points','11','6985','Bahrain'),(100,'East Geraldville','04942','Schoen Walks','16','1431','Montenegro'),(101,'Hoppeborough','01012-6076','Cummerata Crossing','10','5338','Lao People\'s Democratic Republic'),(102,'Brekkefort','91890','Keeling Causeway','9','2308','Guernsey'),(103,'New Raphaelle','18062','Sharon Flat','15','4618','Taiwan'),(104,'Toyport','41618','Jesus Camp','11','9122','Maldives'),(105,'McClurefort','43436-2706','O\'Keefe Ramp','5','1454','Canada'),(106,'West Jonasville','10847','Legros Landing','5','2362','Anguilla'),(107,'South Tremayne','69664','Parisian Underpass','3','5144','Saudi Arabia'),(108,'East Abbeymouth','97139','Rutherford Falls','1','7902','Sweden'),(109,'Bettiemouth','17637-2030','Renner Dam','20','5671','Bolivia'),(110,'Dietrichfurt','02932-8179','Adams Place','17','7684','Zimbabwe'),(111,'West Gudrun','95473','Volkman Wall','8','1002','Maldives'),(112,'East Keatonville','07284','Orn Viaduct','3','6253','Isle of Man'),(113,'Smithamside','85048','Emilio Mall','11','4843','Denmark'),(114,'Ronnyborough','46555','Demario Springs','2','3200','Anguilla'),(115,'Cierraberg','92678','Alejandrin Flats','1','1110','United States Minor Outlying Islands'),(116,'North Elsetown','69544-2426','Roselyn Cape','17','5752','Congo'),(117,'New Jazmynview','90818-7906','Osinski Ramp','15','2908','Liberia'),(118,'New Isabelle','58529-0038','Batz Inlet','16','8856','Canada'),(119,'East Leone','13274','Margaret Dam','11','1252','Panama'),(120,'North Lyda','85298-3667','Douglas Station','12','1096','Sri Lanka'),(121,'Lanestad','32926','Rogelio Wall','9','2992','Macedonia'),(122,'Dewaynemouth','16662-3655','Lemke Lane','2','7180','Slovakia (Slovak Republic)'),(123,'Lake Alanisland','76646-4927','Shanon Station','10','2366','Mozambique'),(124,'Aufderharborough','86480-5451','Schumm Run','14','5133','Qatar'),(125,'Prosaccomouth','31759','Hirthe Forges','9','6220','Monaco'),(126,'South Parisshire','59035-2226','Bartell Pike','20','4378','Paraguay'),(127,'Breannehaven','13571-9054','Faustino Parks','3','2223','Singapore'),(128,'East Wandaborough','63559-0141','Rosenbaum Lane','19','1473','Turkmenistan'),(129,'Port Anya','78776-9578','Dickens Squares','10','5311','Malawi'),(130,'Lake Chadrick','47962','Herminia Canyon','14','9781','Antarctica (the territory South of 60 deg S)'),(131,'Raphaelfurt','96922-4189','Uriah Glens','3','8532','Guatemala'),(132,'North Maegan','10812','Schmitt Springs','11','4559','Uzbekistan'),(133,'Kirkview','60766-4633','Cruickshank Harbors','10','719','Central African Republic'),(134,'New Lola','11092-1590','O\'Kon Drive','18','7468','Cameroon'),(135,'South Delta','89316-0153','Haley Divide','13','4229','Rwanda'),(136,'Edgardoport','59390','Carroll Loaf','13','8706','Russian Federation'),(137,'West Jordanview','94565','Hermiston Terrace','9','7693','Gabon'),(138,'Coryland','98484-8001','Elliot Summit','4','3072','Thailand'),(139,'Winonaport','19357','Herminia Ranch','19','7566','Saint Helena'),(140,'Brendenstad','16029','Marjory Squares','8','5640','Saint Martin'),(141,'Lake Earl','07126','Fabiola Terrace','17','4304','Namibia'),(142,'New Effie','39121','Rozella Plains','8','6891','Albania'),(143,'Trinityberg','55084','Dach Underpass','15','9509','Germany'),(144,'Ernserton','13839','Sauer Forges','17','7689','Denmark'),(145,'Kulaston','70846','Hessel Prairie','11','5023','Antarctica (the territory South of 60 deg S)'),(146,'Carterstad','21283','Auer Station','7','9016','French Southern Territories'),(147,'Denesikland','06470','Ullrich Ports','5','8044','Germany'),(148,'Kailynport','38061-1109','Ariel Pike','11','5396','Nauru'),(149,'Mullerstad','98959-5370','Erdman Ranch','11','8200','Angola'),(150,'West Geovanyshire','29088','Makayla Meadow','20','1239','Tunisia'),(151,'Port Sandrine','84663-8687','Ledner Lodge','8','9554','Mali'),(152,'Kertzmannport','42167-8915','Eryn Villages','1','3007','Gambia'),(153,'North Johanna','24894','Estel Ferry','7','3696','Sweden'),(154,'Port Althea','73705-7725','Haylie Forest','2','4427','Democratic People\'s Republic of Korea'),(155,'Dooleymouth','62859-6141','Davis Valleys','15','9453','Brunei Darussalam'),(156,'Ortizside','26212-9597','Donny Rest','18','9475','Norway'),(157,'O\'Reillyberg','29734','Theodora Lodge','1','348','Jordan'),(158,'Greenfort','25986','Mraz Vista','2','372','Swaziland'),(159,'East Sadie','69994-2819','Rice Road','18','9023','Iraq'),(160,'South Burnice','25926','Fausto Ports','10','4835','Tonga'),(161,'Kohlerside','72522','Annetta Common','16','6508','Burkina Faso'),(162,'West Jeremyland','55766','Veum Spur','7','6904','Palau'),(163,'Bodefort','61142-0162','Tyra Overpass','1','1680','Mauritania'),(164,'West Merlin','38455-1991','Orpha Lodge','10','9217','Kazakhstan'),(165,'Konopelskiland','88774-0563','Rafaela Spurs','14','7013','Cape Verde'),(166,'Abdullahstad','53966','Jerrod Rest','8','3607','Gibraltar'),(167,'East Enidland','10631-0532','Jaquan Ranch','1','5968','Uruguay'),(168,'Steuberhaven','08287-5625','Dietrich Orchard','7','4991','Lebanon'),(169,'West Goldenland','50353','Lind Lock','18','2253','Sri Lanka'),(170,'West Ervin','84202-6365','Chet Orchard','19','1914','Republic of Korea'),(171,'Tyraside','53798-6279','Ryder Lake','5','7317','Albania'),(172,'East Devonte','12709-7741','Lorenz Mission','5','6106','Colombia'),(173,'Donport','71444','Lueilwitz Parkways','5','6177','Cambodia'),(174,'North Sydnichester','47257','Hallie Springs','17','5893','Malawi'),(175,'Brookfort','12192','Marilou Corner','6','1179','Lesotho'),(176,'Olgafort','39351-1037','Pearline Ridge','11','4213','Georgia'),(177,'Goldnerfort','81499-5920','Adrienne Fork','1','4825','Belarus'),(178,'East Arlene','71958','Madge Ford','2','2746','Christmas Island'),(179,'Lake Mackborough','02001-5468','Taurean Terrace','6','5496','Colombia'),(180,'Paulberg','19468','Jude Road','0','9403','Bosnia and Herzegovina'),(181,'Lake Hans','33233','Hettinger Inlet','5','4705','Central African Republic'),(182,'New Bonita','93147-7601','Theodore Wall','6','8997','Palestinian Territory'),(183,'Desmondton','36446','Larissa Glen','7','2480','Gambia'),(184,'West Juniorside','19645','Rice Summit','8','1888','Chile'),(185,'Beierview','11614','Kylee Lodge','17','1909','Burundi'),(186,'Port Elsie','16089-4832','Blanda Knolls','0','6511','Syrian Arab Republic'),(187,'East Leda','48330-5162','Javier Road','6','5466','Marshall Islands'),(188,'Port Katharina','69065','Kaycee Islands','11','3011','Aruba'),(189,'Priceborough','14516-4704','Roberto Plaza','16','6780','Tuvalu'),(190,'Aftonberg','04005','Toy Via','19','142','Congo'),(191,'Davionton','06171-5590','Schaefer Mill','12','1900','Qatar'),(192,'Moenmouth','24833','Fadel Streets','3','843','Bosnia and Herzegovina'),(193,'North Johathanbury','76254','Rosalia Gateway','13','1581','Egypt'),(194,'Lupeborough','43066-3895','Godfrey Path','19','8978','Republic of Korea'),(195,'Lake Alda','28416','Mueller Parks','14','7692','Aruba'),(196,'Medahaven','75949','Weissnat Wells','12','5629','Martinique'),(197,'New Zacheryfurt','21324','Ocie Mountains','8','4604','Peru'),(198,'Lake Jordyland','27983','Dax Summit','3','4214','Lesotho'),(199,'New Macton','84161-5736','Stoltenberg Extension','13','8037','Palau'),(200,'Flossieton','20816','Beer Cape','8','1454','Anguilla'),(201,'Port Coyhaven','14479','Lauryn Mall','15','9512','Nepal'),(202,'South Brianshire','05005','Orn Circles','9','7692','Palau'),(203,'Port Harrison','92413-4966','Kailyn Plains','4','8596','Switzerland'),(204,'New Jadynhaven','88174','Jaiden Brook','20','4722','Italy'),(205,'Gibsontown','98731-4709','McLaughlin Road','14','2702','Burundi'),(206,'Lillianfurt','49729-7021','Tyreek Street','10','5176','Maldives'),(207,'South Rosemaryburgh','28380-2300','Bartoletti Orchard','17','8231','Brunei Darussalam'),(208,'Eichmanntown','94266-9582','McGlynn Walk','12','970','Mali'),(209,'East Carson','57892-8088','Bruen Heights','1','1401','Nigeria'),(210,'Altenwerthside','99770-3837','Gordon Neck','10','2533','Barbados'),(211,'South Hildegard','18933','Johnson Hill','17','4327','Swaziland'),(212,'Terranceborough','98506','Leannon Rest','1','6818','Samoa'),(213,'Kristyport','00518-0566','Howell Springs','7','299','Sao Tome and Principe'),(214,'East Aniyahview','39169','Fay Vista','9','6716','Equatorial Guinea'),(215,'Kulasberg','84767-1357','Laurine Falls','14','2125','Western Sahara'),(216,'North Aurelia','51572-2885','Tianna Mission','14','3150','Libyan Arab Jamahiriya'),(217,'Bodehaven','88267-0862','Dibbert Stream','17','4982','Tanzania'),(218,'South Lennie','82708','Reinger Underpass','11','7658','Mauritius'),(219,'South Petrastad','86312-0446','Nickolas Club','2','9296','Togo'),(220,'East Samirburgh','22280-6829','Nicole Spring','3','1588','China'),(221,'Turnerfurt','23824-7371','Liza Loaf','4','2679','Nigeria'),(222,'Lauriebury','17859','Suzanne Mountain','3','6014','Haiti'),(223,'Lake Liaview','41013','Hollis Springs','17','1511','Trinidad and Tobago'),(224,'Gleasonmouth','04285','Katrina Row','6','6578','Russian Federation'),(225,'Kyraport','51140','Huels Springs','0','4625','Germany'),(226,'Littelberg','78273-7518','Deanna Loop','7','1789','Panama'),(227,'North Lura','44883-2865','Leuschke Hills','10','2205','Mauritania'),(228,'Ayanastad','99481','Zula Shore','19','7550','Kiribati'),(229,'Nathanialview','75532','Schumm Land','13','3063','Turkmenistan'),(230,'North Estell','34390-6580','Euna Views','10','312','Lithuania'),(231,'West Omer','04291','Cremin Port','15','8303','San Marino'),(232,'Port Randal','09824','Reinger Vista','5','7883','Estonia'),(233,'East Gilberto','62085-0514','Juliet Canyon','20','1499','France'),(234,'Millsborough','08768-7540','Roma Dale','3','7801','Mozambique'),(235,'Nicholehaven','54053','Zieme Road','15','1786','Serbia'),(236,'Lake Shadfort','39651-4635','D\'Amore Canyon','14','9879','Virgin Islands, British'),(237,'Port Rupertstad','23522-7561','Darwin Station','20','5777','Nicaragua'),(238,'New Axel','82051-3652','Altenwerth Hills','8','7806','Kazakhstan'),(239,'Isaiahchester','64853','Bernier Alley','14','9652','Bahrain'),(240,'Predovicside','38122','D\'Amore Circle','20','8425','Virgin Islands, U.S.'),(241,'Cristshire','14069','Ritchie Vista','6','3258','Virgin Islands, U.S.'),(242,'West Ollieberg','53986','Konopelski Trace','17','2729','Central African Republic'),(243,'New Terencebury','48630-0080','Sylvan Land','18','1240','Maldives'),(244,'Lake Florineshire','07510-9602','Lakin Mountain','8','3456','Bahamas'),(245,'Lake Freda','66860','Lydia Underpass','12','221','American Samoa'),(246,'Armandborough','73520-0633','Sandra Fork','5','673','Ethiopia'),(247,'South Tatyana','73237-3316','Lang Crest','16','6876','Bosnia and Herzegovina'),(248,'Nellaland','69342','Alison Meadows','20','7460','Czech Republic'),(249,'Prudencestad','10941-5412','Block Mission','16','1816','Saint Helena'),(250,'Lorinechester','04528','Stroman Locks','1','9657','British Indian Ocean Territory (Chagos Archipelago)'),(251,'South Mazie','38546-4622','Keeling Point','3','5712','Malawi'),(252,'North Mariaborough','31135-5733','Enoch Prairie','8','4434','Brazil'),(253,'Katharinaville','26184-9699','Powlowski Island','4','5945','Australia'),(254,'Faeland','74633-6274','Mayert Summit','10','4271','Hong Kong'),(255,'Lake Aiyanaberg','52905','Harris Stravenue','3','7566','Azerbaijan'),(256,'Lemkeburgh','60353-7037','Bergstrom Bridge','14','1879','Argentina'),(257,'Libbyland','11489','Weissnat Rapids','10','7917','Philippines'),(258,'Schmittchester','25294','Gage Highway','18','2921','Hong Kong'),(259,'South Kayli','84040-1994','Cronin Valleys','14','2517','Ecuador'),(260,'East Bernadette','99600','Pacocha Fall','1','6631','Georgia'),(261,'West Antoniettastad','24697-2991','Hickle Points','17','7794','Venezuela'),(262,'Lake Elbertport','53063-5335','Kuphal Inlet','0','4121','Reunion'),(263,'South Lon','18199-5056','Swaniawski Lodge','13','6323','United States Minor Outlying Islands'),(264,'New Goldenfort','00252-3794','Anna Port','17','4178','Nauru'),(265,'Reichelmouth','68626','Richard Estate','14','5599','Saudi Arabia'),(266,'New Patsy','37049','Murazik Knolls','20','9876','Equatorial Guinea'),(267,'North Granvilleville','04078-4501','Erika Fords','16','958','Peru'),(268,'Hauckfort','62943','Kessler Station','8','330','Suriname'),(269,'Nicolasbury','96621','Rosamond Meadows','14','8601','Botswana'),(270,'Cartertown','57483-1816','Danial Lakes','15','3569','Algeria'),(271,'New Dimitrishire','30669','Twila Camp','16','4348','Yemen'),(272,'Lake Sharon','40873-8217','Mertz Gardens','5','3546','Cook Islands'),(273,'New Fermin','83989-5492','Aryanna Hill','3','8954','Guernsey'),(274,'Bergstromfurt','51706','Emmet Cape','4','3826','Yemen'),(275,'East Arturoview','26386','Ena Flats','9','387','Gibraltar'),(276,'West Mariellestad','26855-6672','Velda River','11','4049','Cambodia'),(277,'Amyborough','02104','Noelia Valleys','1','7059','Kyrgyz Republic'),(278,'East Edisonville','97687','Hermiston Unions','16','9014','Paraguay'),(279,'Kossbury','15511-3242','Hickle Road','1','3374','Tuvalu'),(280,'New Alfredaview','78718-8626','Kacey Valleys','11','4803','Samoa'),(281,'Shannashire','17293-3273','Koepp Freeway','10','5072','Turkey'),(282,'Schroedershire','02778','Lolita Springs','10','7962','Nepal'),(283,'South Taraport','92757-0250','Cormier Stream','8','6459','Solomon Islands'),(284,'New Einar','43432-7808','Marty Mountain','7','7348','Cameroon'),(285,'North Raul','32505-5444','Geovanni Tunnel','20','5390','Burkina Faso'),(286,'Port Lucasport','47951-0271','Enoch Ferry','9','5617','Philippines'),(287,'Kristoferton','45944-5687','Monique Hill','7','243','Antarctica (the territory South of 60 deg S)'),(288,'New Crawfordhaven','15775-4557','Huel Loop','19','4047','Cambodia'),(289,'South Teresa','73557-8610','Jalyn Circles','8','6536','Luxembourg'),(290,'North Davidview','71372-8223','Stiedemann Drive','0','2346','Sudan'),(291,'North Ibrahimview','71372','Boyer Trafficway','17','9672','Peru'),(292,'New Henriberg','01897-5665','Della Light','13','8443','Oman'),(293,'North Mozelleshire','01662','Asia Forge','14','844','Gabon'),(294,'Edhaven','20415','Kyla Terrace','3','4167','Myanmar'),(295,'Port Kailynmouth','43720','Goyette Greens','17','3316','Cocos (Keeling) Islands'),(296,'New Kinghaven','58275','Shanahan Avenue','9','8464','Virgin Islands, U.S.'),(297,'Kuvalismouth','08211-3448','Kyler Falls','16','3965','Lebanon'),(298,'Creminville','99519-8750','Coby Viaduct','8','4737','Cook Islands'),(299,'East Clara','59139','Davon Landing','9','6115','Canada'),(300,'Lake Hiram','53240-7050','Marcelo Islands','15','4245','Tonga');
/*!40000 ALTER TABLE `Adres` ENABLE KEYS */;
UNLOCK TABLES;

--
-- Table structure for table `DictKategoriaWina`
--

DROP TABLE IF EXISTS `DictKategoriaWina`;
/*!40101 SET @saved_cs_client     = @@character_set_client */;
/*!40101 SET character_set_client = utf8 */;
CREATE TABLE `DictKategoriaWina` (
  `idDictKategoriaWina` int(11) NOT NULL AUTO_INCREMENT,
  `nazwaKategoria` varchar(45) NOT NULL,
  `opis` varchar(255) DEFAULT NULL,
  PRIMARY KEY (`idDictKategoriaWina`),
  UNIQUE KEY `idDictKategoriaWina_UNIQUE` (`idDictKategoriaWina`),
  UNIQUE KEY `nazwaKategoria_UNIQUE` (`nazwaKategoria`)
) ENGINE=InnoDB AUTO_INCREMENT=10 DEFAULT CHARSET=utf8;
/*!40101 SET character_set_client = @saved_cs_client */;

--
-- Dumping data for table `DictKategoriaWina`
--

LOCK TABLES `DictKategoriaWina` WRITE;
/*!40000 ALTER TABLE `DictKategoriaWina` DISABLE KEYS */;
INSERT INTO `DictKategoriaWina` VALUES (1,'KAT 1: Wina musujące','alias et architecto earum qui'),(2,'KAT 2: Wina białe lekkie i świeże','non quia inventore sed consectetur'),(3,'KAT 3: Wina białe klasyczne i wytrawne','totam autem non eius iure'),(4,'KAT 4: Wina białe bogate o mocnej budowie','et quae velit et iusto'),(5,'KAT 5: Wina różowe pikantne i owocowe','voluptas ut dolore perspiciatis repellat'),(6,'KAT 6: Wina czerwone klasyczne i owocowe','aperiam ipsam consequuntur et consequatur'),(7,'KAT 7: Wina czerwone ciężkie i skoncentrowane','sunt odit voluptatem sequi omnis'),(8,'KAT 8: Wina białe o owocowej słodyczy','iste error nemo consectetur ipsam'),(9,'KAT 9: Szlachetne słodkie wina','rerum libero aut alias consequatur');
/*!40000 ALTER TABLE `DictKategoriaWina` ENABLE KEYS */;
UNLOCK TABLES;

--
-- Table structure for table `DictKategorie`
--

DROP TABLE IF EXISTS `DictKategorie`;
/*!40101 SET @saved_cs_client     = @@character_set_client */;
/*!40101 SET character_set_client = utf8 */;
CREATE TABLE `DictKategorie` (
  `idKategorie` int(11) NOT NULL AUTO_INCREMENT,
  `nazwa` varchar(20) NOT NULL,
  `jednostka` varchar(20) NOT NULL,
  `opis` varchar(250) DEFAULT NULL,
  PRIMARY KEY (`idKategorie`),
  UNIQUE KEY `idKategorie_UNIQUE` (`idKategorie`),
  UNIQUE KEY `nazwa_UNIQUE` (`nazwa`)
) ENGINE=InnoDB AUTO_INCREMENT=3 DEFAULT CHARSET=utf8;
/*!40101 SET character_set_client = @saved_cs_client */;

--
-- Dumping data for table `DictKategorie`
--

LOCK TABLES `DictKategorie` WRITE;
/*!40000 ALTER TABLE `DictKategorie` DISABLE KEYS */;
INSERT INTO `DictKategorie` VALUES (1,'Butelki','sztuki','corrupti repellendus quasi aut quaerat'),(2,'Korki','sztuki','non qui provident rem aperiam');
/*!40000 ALTER TABLE `DictKategorie` ENABLE KEYS */;
UNLOCK TABLES;

--
-- Table structure for table `DictOdmianaWinogron`
--

DROP TABLE IF EXISTS `DictOdmianaWinogron`;
/*!40101 SET @saved_cs_client     = @@character_set_client */;
/*!40101 SET character_set_client = utf8 */;
CREATE TABLE `DictOdmianaWinogron` (
  `idOdmianaWinogron` int(11) NOT NULL AUTO_INCREMENT,
  `nazwa` varchar(45) NOT NULL,
  `opis` varchar(255) DEFAULT NULL,
  PRIMARY KEY (`idOdmianaWinogron`),
  UNIQUE KEY `idOdmianaWinogron_UNIQUE` (`idOdmianaWinogron`),
  UNIQUE KEY `nazwa_UNIQUE` (`nazwa`)
) ENGINE=InnoDB AUTO_INCREMENT=11 DEFAULT CHARSET=utf8;
/*!40101 SET character_set_client = @saved_cs_client */;

--
-- Dumping data for table `DictOdmianaWinogron`
--

LOCK TABLES `DictOdmianaWinogron` WRITE;
/*!40000 ALTER TABLE `DictOdmianaWinogron` DISABLE KEYS */;
INSERT INTO `DictOdmianaWinogron` VALUES (1,'Agat Donski','pora dojrzewania owoców wczesna, plenność wysoka. Grona duże, stożkowate, średnio zwarte, ładne. '),(2,'Ajwaz','owoce dojrzewają wcześnie, plenność krzewów wysoka. Grona duże, stożkowate, średnio zwarte.'),(3,'Alden','odmiana o średnio późnej porze dojrzewania owoców, dlatego powinna być uprawiana pod ciepłymi ścianami i murami, szczególnie w chłodniejszych rejonach Polski.'),(4,'Arkadia','wysokiej jakości odmiana deserowa o wczesnej porze dojrzewania owoców. Plenność krzewów bardzo wysoka. Grona duże, do bardzo dużych, średnio zwarte.'),(5,'Arocznyj','nowa, interesująca odmiana rosyjska. Owoce dojrzewają wcześnie. Grona duże, średnio zwarte.'),(6,'Einset Seedless','beznasienna odmiana amerykańska, pora dojrzewania owoców wczesna, plenność średnia.'),(7,'Festivee','pora dojrzewania owoców średnio późna (przełom września i października).'),(8,'Frumoasa Albae','odmiana pochodzi z Mołdowy. Owoce dojrzewają dość późno zazwyczaj na przełomie września i października.'),(9,'Kodrianka','odmiana mołdawska. Pora dojrzewania owoców wczesna, wzrost krzewów silny, plenność dobra.'),(10,'Kryzownikowyj','owoce dojrzewają średnio wcześnie - w uprawie w drugiej połowie września. ');
/*!40000 ALTER TABLE `DictOdmianaWinogron` ENABLE KEYS */;
UNLOCK TABLES;

--
-- Table structure for table `DictOperacjeNaWinnicy`
--

DROP TABLE IF EXISTS `DictOperacjeNaWinnicy`;
/*!40101 SET @saved_cs_client     = @@character_set_client */;
/*!40101 SET character_set_client = utf8 */;
CREATE TABLE `DictOperacjeNaWinnicy` (
  `idDictOperacjeNaWinnicy` int(11) NOT NULL AUTO_INCREMENT,
  `nazwa` varchar(45) NOT NULL,
  `opis` varchar(255) DEFAULT NULL,
  PRIMARY KEY (`idDictOperacjeNaWinnicy`),
  UNIQUE KEY `idDictOperacjeNaWinnicy_UNIQUE` (`idDictOperacjeNaWinnicy`),
  UNIQUE KEY `nazwa_UNIQUE` (`nazwa`)
) ENGINE=InnoDB AUTO_INCREMENT=5 DEFAULT CHARSET=utf8;
/*!40101 SET character_set_client = @saved_cs_client */;

--
-- Dumping data for table `DictOperacjeNaWinnicy`
--

LOCK TABLES `DictOperacjeNaWinnicy` WRITE;
/*!40000 ALTER TABLE `DictOperacjeNaWinnicy` DISABLE KEYS */;
INSERT INTO `DictOperacjeNaWinnicy` VALUES (1,'Podcinanie','fugiat amet molestiae facilis magnam laborum sunt ab laboriosam id'),(2,'Podlewanie','officiis non fugiat distinctio harum repellat modi deleniti magnam voluptate'),(3,'Sadzenie','sapiente veritatis cupiditate eaque quibusdam earum neque nobis eveniet aut'),(4,'Zbiory winogron','facilis nobis iste quis corporis velit nesciunt nihil laudantium omnis');
/*!40000 ALTER TABLE `DictOperacjeNaWinnicy` ENABLE KEYS */;
UNLOCK TABLES;

--
-- Table structure for table `DictProcesy`
--

DROP TABLE IF EXISTS `DictProcesy`;
/*!40101 SET @saved_cs_client     = @@character_set_client */;
/*!40101 SET character_set_client = utf8 */;
CREATE TABLE `DictProcesy` (
  `idDictProcesy` int(11) NOT NULL AUTO_INCREMENT,
  `nazwa` varchar(40) NOT NULL,
  `opis` varchar(255) DEFAULT NULL,
  `dodatkowe` varchar(80) DEFAULT NULL,
  PRIMARY KEY (`idDictProcesy`),
  UNIQUE KEY `idDictProcesy_UNIQUE` (`idDictProcesy`)
) ENGINE=InnoDB AUTO_INCREMENT=19 DEFAULT CHARSET=utf8;
/*!40101 SET character_set_client = @saved_cs_client */;

--
-- Dumping data for table `DictProcesy`
--

LOCK TABLES `DictProcesy` WRITE;
/*!40000 ALTER TABLE `DictProcesy` DISABLE KEYS */;
INSERT INTO `DictProcesy` VALUES (1,'Winobranie','quisquam sed iusto reiciendis est','id'),(2,'Ewidencja dostaw winogron','sed eaque ut et illo','itaque'),(3,'Oddzielenie szypulek','tempora consequuntur et quam qui','sapiente'),(4,'Miazdzenie','explicabo est voluptatum odit aliquam','ut'),(5,'Maceracja','fuga enim fuga mollitia culpa','eligendi'),(6,'Sprawdzenie skladu','sit aliquam sunt consequatur rem','et'),(7,'Tloczenie','quis eius quam est laudantium','aliquam'),(8,'Fermentacja','dignissimos excepturi doloremque excepturi occaecati','sint'),(9,'Obciąg wina','officiis nemo quibusdam quos illum','consequatur'),(10,'Klarowanie i stabilizacja wina','ex ratione et expedita eos','perferendis'),(11,'Dojrzewanie','quibusdam delectus deserunt exercitationem mollitia','quibusdam'),(12,'Kupazowanie','dolorum expedita ad qui amet','delectus'),(13,'Obrobka moszczu przed fermentacja','ut quaerat autem sequi explicabo','dodatek SO2'),(14,'Obrobka moszczu przed fermentacja','et distinctio rerum ea et','szaptalizacja'),(15,'Obrobka moszczu przed fermentacja','itaque iusto voluptatem vel porro','zakwaszanie'),(16,'Obrobka moszczu przed fermentacja','accusamus est pariatur est quam','odkwaszanie'),(17,'Obrobka moszczu przed fermentacja','accusantium nostrum dolorem maxime cum','dodatek pozywki dla drozdzy'),(18,'Obrobka moszczu przed fermentacja','laborum ut consequuntur nostrum fugit','dodatek drozdzy');
/*!40000 ALTER TABLE `DictProcesy` ENABLE KEYS */;
UNLOCK TABLES;

--
-- Table structure for table `DictRolaUzytkownikow`
--

DROP TABLE IF EXISTS `DictRolaUzytkownikow`;
/*!40101 SET @saved_cs_client     = @@character_set_client */;
/*!40101 SET character_set_client = utf8 */;
CREATE TABLE `DictRolaUzytkownikow` (
  `idRolaUzytkownikow` int(11) NOT NULL AUTO_INCREMENT,
  `nazwa` varchar(45) NOT NULL,
  `opis` varchar(255) DEFAULT NULL,
  `typ` varchar(45) NOT NULL COMMENT 'poziom uprawnien',
  PRIMARY KEY (`idRolaUzytkownikow`),
  UNIQUE KEY `idRolaUzytkownikow_UNIQUE` (`idRolaUzytkownikow`),
  UNIQUE KEY `nazwa_roli_UNIQUE` (`nazwa`)
) ENGINE=InnoDB AUTO_INCREMENT=5 DEFAULT CHARSET=utf8;
/*!40101 SET character_set_client = @saved_cs_client */;

--
-- Dumping data for table `DictRolaUzytkownikow`
--

LOCK TABLES `DictRolaUzytkownikow` WRITE;
/*!40000 ALTER TABLE `DictRolaUzytkownikow` DISABLE KEYS */;
INSERT INTO `DictRolaUzytkownikow` VALUES (1,'ADMIN','illum et excepturi ea eveniet voluptas ipsam accusantium quod exercitationem','pracownik'),(2,'PRODUCTION','modi qui harum molestias quis sint quod enim praesentium sit','administrator'),(3,'WAREHOUSE','sed quis sunt quia assumenda eveniet vero voluptate quis sequi','pracownik'),(4,'ACCOUNTING','rerum suscipit qui eos quo pariatur cumque quam omnis aut','pracownik');
/*!40000 ALTER TABLE `DictRolaUzytkownikow` ENABLE KEYS */;
UNLOCK TABLES;

--
-- Table structure for table `DictTypPartii`
--

DROP TABLE IF EXISTS `DictTypPartii`;
/*!40101 SET @saved_cs_client     = @@character_set_client */;
/*!40101 SET character_set_client = utf8 */;
CREATE TABLE `DictTypPartii` (
  `idTypPartii` int(11) NOT NULL AUTO_INCREMENT COMMENT 'slownikowa\ninne dane niz w dict_kategorie',
  `nazwa` varchar(45) NOT NULL COMMENT 'typ_partii',
  `jednostka` varchar(45) NOT NULL COMMENT 'sztuki, kilkogramy, itd',
  PRIMARY KEY (`idTypPartii`),
  UNIQUE KEY `idTypPartii_UNIQUE` (`idTypPartii`),
  UNIQUE KEY `nazwa_UNIQUE` (`nazwa`)
) ENGINE=InnoDB AUTO_INCREMENT=5 DEFAULT CHARSET=utf8;
/*!40101 SET character_set_client = @saved_cs_client */;

--
-- Dumping data for table `DictTypPartii`
--

LOCK TABLES `DictTypPartii` WRITE;
/*!40000 ALTER TABLE `DictTypPartii` DISABLE KEYS */;
INSERT INTO `DictTypPartii` VALUES (1,'Moszczu','kilogramy'),(2,'Butelek wina','sztuki'),(3,'Winogron','tony'),(4,'Wina','litry');
/*!40000 ALTER TABLE `DictTypPartii` ENABLE KEYS */;
UNLOCK TABLES;

--
-- Table structure for table `InformacjeOWinie`
--

DROP TABLE IF EXISTS `InformacjeOWinie`;
/*!40101 SET @saved_cs_client     = @@character_set_client */;
/*!40101 SET character_set_client = utf8 */;
CREATE TABLE `InformacjeOWinie` (
  `idInformacjeOWinie` int(11) NOT NULL AUTO_INCREMENT COMMENT 'usunięto:\nzawartosc_alkocholu\nzawartoscCukru\n',
  `nazwa` varchar(45) NOT NULL,
  `motto` varchar(100) DEFAULT NULL COMMENT 'mysl przewodnia etykiety\n',
  `zawartoscPotAlergenow` varchar(255) DEFAULT NULL COMMENT 'zawartosc potencjalnych alergenow',
  `wartoscEnergetyczna` int(3) NOT NULL,
  `dictKategoriaWinaIdDictKategoriaWina` int(11) NOT NULL,
  PRIMARY KEY (`idInformacjeOWinie`),
  UNIQUE KEY `idInformacjeOWinie_UNIQUE` (`idInformacjeOWinie`),
  KEY `fk_informacje_o_winie_dict_kategoria_wina1_idx` (`dictKategoriaWinaIdDictKategoriaWina`),
  CONSTRAINT `fk_informacje_o_winie_dict_kategoria_wina1` FOREIGN KEY (`dictKategoriaWinaIdDictKategoriaWina`) REFERENCES `DictKategoriaWina` (`idDictKategoriaWina`) ON DELETE CASCADE ON UPDATE CASCADE
) ENGINE=InnoDB AUTO_INCREMENT=301 DEFAULT CHARSET=utf8;
/*!40101 SET character_set_client = @saved_cs_client */;

--
-- Dumping data for table `InformacjeOWinie`
--

LOCK TABLES `InformacjeOWinie` WRITE;
/*!40000 ALTER TABLE `InformacjeOWinie` DISABLE KEYS */;
INSERT INTO `InformacjeOWinie` VALUES (1,'doloribus','earum dolorem praesentium distinctio eos esse eveniet molestias numquam odit','copy',339,4),(2,'sed','et voluptas sit iste aperiam molestiae exercitationem ut officiis expedita','Uzbekistan',950,8),(3,'ut','libero magni libero non voluptas aspernatur error voluptas et ratione','lavender',649,5),(4,'minima','sunt voluptas saepe illo nulla ullam blanditiis reprehenderit tenetur alias','Forint',127,4),(5,'ex','vel velit dolorum vero dolorem assumenda et eveniet qui molestiae','networks',174,6),(6,'blanditiis','autem et quis nihil porro facere repudiandae tempore omnis laboriosam','Incredible Metal Chips',934,2),(7,'nisi','quis qui laudantium at natus omnis sed placeat et quae','AGP',938,6),(8,'quis','dicta dolores quia aliquam atque soluta delectus quidem in nihil','input',339,4),(9,'quia','dolorum illo vero rem voluptatem omnis consequatur velit numquam illum','Universal',413,8),(10,'molestiae','nostrum et natus cumque iusto reiciendis unde amet quia inventore','magenta',43,8),(11,'rerum','laborum modi adipisci neque ipsum nemo earum facilis omnis aut','Rapids',591,2),(12,'ab','voluptatum voluptatem quod natus voluptate provident qui aperiam at error','Orchestrator',697,6),(13,'et','temporibus facilis tempora neque sapiente ad quisquam labore laudantium suscipit','impactful',6,3),(14,'et','cumque autem molestiae et consectetur non delectus porro enim sit','South Dakota',755,8),(15,'aut','laboriosam aliquam omnis consequatur aperiam ut cupiditate sint incidunt nulla','Massachusetts',878,2),(16,'inventore','qui in molestiae quos modi maiores enim magnam cumque nemo','Awesome',886,5),(17,'ullam','aut eos totam unde autem rerum quia excepturi quia porro','withdrawal',199,8),(18,'quia','ut impedit quod est ipsum sequi minus corporis nostrum et','Balanced',448,1),(19,'quae','vitae nisi sunt sit dolorem et iusto natus illo eius','Romania',265,3),(20,'quo','voluptatem alias dignissimos minus voluptate voluptas autem voluptas inventore possimus','capacitor',440,7),(21,'ad','nihil et ab dicta vero expedita ut vel libero quod','Incredible',664,7),(22,'nam','nemo distinctio sint aliquid ut blanditiis minima est pariatur quia','orchid',581,1),(23,'dolorum','magni corporis nulla non maxime placeat a minima nam rerum','hacking',616,2),(24,'tenetur','est repellat ratione qui earum molestias quia ut inventore sit','Accountability',913,4),(25,'rerum','vel est autem nesciunt sunt et repellat cum voluptatem laboriosam','Cayman Islands Dollar',372,6),(26,'eaque','odit soluta iusto quia quod aut omnis id ea est','users',149,1),(27,'sit','commodi amet molestiae nam debitis sit aut beatae non vero','time-frame',593,9),(28,'officia','porro sit culpa unde pariatur ab iste non hic ipsam','Directives',887,5),(29,'expedita','excepturi saepe et iusto voluptatem sunt esse quae voluptas et','Communications',571,2),(30,'veniam','blanditiis fuga illo commodi molestiae ullam sit maiores praesentium quibusdam','schemas',757,4),(31,'nesciunt','iste quaerat error enim ex dicta ex et possimus quo','bluetooth',232,7),(32,'nisi','quis saepe eligendi minima laborum sint non ex tempora quae','Berkshire',994,7),(33,'velit','sed autem in odio quia debitis velit nihil in praesentium','intangible',552,9),(34,'architecto','aut aliquid laboriosam sint amet laborum illo consequatur et fugiat','content-based',614,4),(35,'officiis','deserunt rerum officia deleniti inventore laudantium et quo sed commodi','synthesize',53,3),(36,'quia','aliquam et ut ea aperiam voluptatem ab deserunt possimus nostrum','portal',449,9),(37,'aspernatur','vitae totam ut officiis maxime quia voluptatibus illum soluta veniam','Avon',338,6),(38,'pariatur','nobis omnis sed et vel aliquid est et est laborum','optical',956,1),(39,'cupiditate','esse nam architecto illum ad qui consequuntur veniam expedita sed','Future',782,2),(40,'maxime','dignissimos illo cupiditate eos sit id totam omnis nihil rerum','Specialist',164,4),(41,'earum','libero laborum laboriosam sequi officia rem atque rerum et iure','Direct',190,5),(42,'ea','voluptas ut ut fuga fuga eligendi nihil itaque sit a','transmitting',331,8),(43,'aspernatur','voluptates qui suscipit nesciunt voluptatem et voluptatem et molestiae cumque','port',205,9),(44,'saepe','ipsa est laborum hic aut ipsum nihil modi tempore deserunt','Home',588,8),(45,'qui','doloremque ducimus possimus fugiat officia tempora odit est aut harum','Games',171,9),(46,'odio','aut enim minus aut ut impedit atque repellat eos vitae','discrete',157,1),(47,'enim','tempore iure totam blanditiis assumenda dolor tempora beatae eum est','Keyboard',297,1),(48,'non','accusamus ea atque qui quaerat sunt sapiente laborum repellendus consectetur','solutions',744,7),(49,'minima','dolor ut provident sit sint sit ab quas deleniti earum','Rustic',625,7),(50,'maiores','veritatis suscipit animi mollitia aliquam veritatis omnis non quidem repellendus','ROI',360,4),(51,'perspiciatis','sint deleniti excepturi aut ut magnam suscipit reiciendis quisquam voluptatibus','Outdoors',531,5),(52,'officiis','et voluptas fugit ab asperiores voluptatem tempore consequuntur sapiente eos','paradigms',617,4),(53,'est','unde et est nemo enim excepturi iste neque debitis ut','synthesizing',885,3),(54,'reprehenderit','nihil nihil repellat architecto ut maiores nihil quis qui sequi','XML',109,9),(55,'alias','sit amet libero et quia necessitatibus dicta est aut ut','synthesizing',835,6),(56,'unde','aperiam eum quasi ut voluptatem consectetur nihil vero recusandae ut','envisioneer',974,9),(57,'minima','cum ut quia sit maxime ut ab voluptas ducimus dolore','schemas',246,8),(58,'qui','adipisci sunt aut debitis illum accusantium animi quas provident porro','optical',806,3),(59,'sequi','dicta quisquam id consequuntur labore incidunt cumque aut enim soluta','Operations',259,1),(60,'consequatur','ea voluptatem voluptas soluta odio ut saepe labore qui nisi','bypass',48,1),(61,'velit','dignissimos ratione quo tempore rerum qui dolor inventore numquam iste','Unbranded Plastic Soap',164,9),(62,'omnis','consectetur iste quis magni libero adipisci maxime sint tenetur magnam','collaboration',446,9),(63,'nulla','et dolor natus et et soluta consequatur voluptas quia molestiae','Fantastic',551,4),(64,'error','veniam sed laborum maxime voluptatem nulla possimus reprehenderit assumenda vel','salmon',555,2),(65,'vel','similique est rerum architecto deleniti rerum adipisci tenetur aliquid sed','Enterprise-wide',562,1),(66,'non','nobis inventore temporibus laudantium quia fugit labore consequatur quasi deserunt','Liberia',352,6),(67,'sit','labore fugiat accusantium dignissimos in beatae molestiae et maxime et','quantify',636,7),(68,'neque','saepe placeat et nulla excepturi perferendis eos et sed quos','Fish',469,8),(69,'dolore','consequatur voluptas sunt eos beatae nobis itaque modi et maiores','Cambridgeshire',973,9),(70,'quod','tenetur deleniti incidunt eligendi facere hic iusto aut officiis quos','Licensed',897,8),(71,'quia','dolores tempore facere eius quo et aut recusandae sed enim','Gorgeous Metal Car',953,3),(72,'ex','quam nulla consequuntur veritatis dicta aperiam consequatur cupiditate quaerat voluptatem','Hat',693,5),(73,'asperiores','deserunt voluptas reiciendis a eligendi esse tenetur dolor qui ut','Concrete',120,9),(74,'facilis','in modi sunt molestiae molestiae neque non distinctio consequatur odit','invoice',827,2),(75,'laboriosam','dolorem reiciendis id suscipit repudiandae aperiam aut vel porro consectetur','Refined',37,3),(76,'aut','molestiae fugit atque non cum vel itaque quas cupiditate iste','Progressive',174,9),(77,'consequatur','eum non consectetur corrupti dignissimos sit corrupti vero harum amet','Arizona',802,4),(78,'sint','maiores sit et voluptatum omnis consequatur quos aliquid blanditiis veniam','Function-based',131,8),(79,'illo','consequatur fugiat esse excepturi voluptate voluptatem sit quidem quia ut','overriding',811,5),(80,'quidem','aliquam vitae ad veniam qui saepe id natus molestias et','system',200,8),(81,'ab','sunt et nisi necessitatibus id eius labore facere inventore consequatur','Money Market Account',476,4),(82,'quo','natus reprehenderit esse veritatis et optio quia sit cum quibusdam','Guinea-Bissau',21,8),(83,'molestiae','eos atque doloremque ea necessitatibus voluptas veniam doloribus qui est','Facilitator',959,1),(84,'esse','sed quia est eveniet eveniet adipisci dolore ut ut saepe','Lead',128,2),(85,'itaque','dignissimos soluta mollitia consequatur et rem consectetur nihil et non','eyeballs',574,1),(86,'sed','consequatur quo perferendis odit non et nisi aspernatur et inventore','overriding',166,3),(87,'quibusdam','earum et libero magni et labore autem omnis optio reprehenderit','calculate',813,2),(88,'voluptatibus','accusantium asperiores totam aut ipsam doloribus tempore et dignissimos aliquid','Roads',26,3),(89,'et','molestias eum quasi tempore alias ut dolorem nostrum velit aut','mission-critical',430,3),(90,'et','commodi dolores et nostrum et quibusdam quod rerum molestiae expedita','SDD',392,5),(91,'rem','vel dolorum temporibus quo consequatur voluptas doloribus expedita a molestiae','navigating',102,3),(92,'harum','dolor molestias iusto ullam iste molestiae delectus nesciunt non est','pricing structure',563,7),(93,'omnis','possimus voluptatibus nemo ut sit quas aperiam eaque omnis reiciendis','calculating',735,7),(94,'placeat','minus doloribus tempora nemo natus quod nemo corrupti ullam aliquid','orange',737,4),(95,'optio','et sapiente aliquid in qui illo officia reiciendis labore est','Savings Account',651,5),(96,'sequi','consequuntur autem eos qui cupiditate repudiandae laudantium dicta qui sapiente','Practical',59,4),(97,'facere','dolorum sequi expedita sapiente quis id dignissimos sint possimus vel','Auto Loan Account',825,8),(98,'corporis','in omnis autem quos voluptatem omnis ut itaque deserunt et','generating',294,6),(99,'consequuntur','quia nulla in aut aspernatur ea dicta et architecto magni','Checking Account',294,4),(100,'enim','labore nihil animi ut et blanditiis eligendi ducimus voluptatem hic','synthesize',873,3),(101,'quae','vel ab dolorem enim quo consequuntur vel excepturi non officia','Internal',939,5),(102,'quos','consequuntur rem consequatur rem asperiores ut voluptates hic eos pariatur','Ergonomic',905,1),(103,'tempora','doloremque commodi quis enim in et neque rem odio modi','deploy',764,5),(104,'quo','quam et tempora rem neque tempore a velit quia quia','lime',419,6),(105,'in','ex sunt laudantium consequuntur sapiente voluptatem eaque optio nam aut','project',304,9),(106,'quod','inventore minus fugiat quidem non veniam ut explicabo et aliquid','US Dollar',179,5),(107,'labore','quia quam velit ex tenetur ullam qui voluptatibus sint voluptatibus','Kids',36,7),(108,'adipisci','nostrum iste quo deserunt odit eos illo eveniet reiciendis numquam','Auto Loan Account',546,2),(109,'amet','est earum modi molestias repellat enim earum est vel ipsa','protocol',968,9),(110,'commodi','nam magnam sint laborum incidunt suscipit qui autem et expedita','Intuitive',647,1),(111,'est','harum quidem blanditiis a iste libero quod quaerat repellendus magnam','Berkshire',866,4),(112,'nihil','et maiores vel aperiam sint voluptates aut eum sint molestiae','cutting-edge',713,4),(113,'deserunt','laborum eligendi debitis illum sed in sunt occaecati quisquam eveniet','Strategist',279,7),(114,'eaque','praesentium quisquam quia hic voluptatem repellendus quasi consequatur modi qui','navigate',820,7),(115,'non','cum et sunt soluta delectus autem voluptates officiis molestiae aut','Road',452,6),(116,'ut','et molestiae autem atque qui ea animi aut nulla velit','Ergonomic',144,4),(117,'vel','autem sunt architecto aut placeat saepe ex et ut dolore','mindshare',910,1),(118,'odit','id et ducimus ullam aut officia eligendi voluptatem itaque est','bus',50,7),(119,'mollitia','libero eum nihil quia harum libero nihil sunt explicabo voluptate','extranet',401,9),(120,'qui','est cupiditate quidem alias quod laborum nesciunt accusantium nostrum voluptatibus','XSS',452,4),(121,'ut','aliquam quia nobis natus atque aliquid magni asperiores impedit velit','Montana',908,9),(122,'eaque','non repellendus ea et dolorem exercitationem dolorem quidem aut autem','Small Wooden Chicken',701,8),(123,'vitae','labore ab qui ducimus commodi voluptate non asperiores nostrum sed','Quality',550,7),(124,'sed','dolorum consequatur sint impedit quod mollitia sed eaque nesciunt modi','input',567,8),(125,'ipsam','mollitia ab qui est cum maiores aut aliquid quisquam eligendi','generating',499,5),(126,'voluptas','dolorem sed et quis sit officiis repellat similique illum veniam','Rustic Rubber Pizza',470,2),(127,'unde','qui id aliquid reiciendis in et accusantium reprehenderit sequi aut','GB',206,4),(128,'aut','impedit minima voluptatem dolores eum atque et dignissimos iste aut','Principal',142,9),(129,'totam','consequatur necessitatibus ab laborum et quas qui dignissimos in laudantium','indigo',23,4),(130,'a','itaque debitis maxime nam et velit sit reprehenderit eos voluptatum','invoice',636,6),(131,'doloribus','quasi temporibus maxime rerum totam minus repellendus asperiores voluptate vero','Human',646,6),(132,'reiciendis','tempora ut architecto qui commodi non recusandae est architecto aliquid','invoice',868,4),(133,'aspernatur','labore recusandae voluptates sed ea error animi facilis magni quaerat','Chicken',38,8),(134,'fugit','magnam fuga sint autem ut explicabo similique illum omnis sed','target',633,8),(135,'vero','sed a quia hic voluptatem facilis neque voluptatem adipisci veniam','scale',928,6),(136,'veritatis','optio iusto assumenda voluptatem rem tempore ratione nisi hic accusantium','ADP',744,9),(137,'vero','quia repellat est libero et occaecati ut labore aut saepe','orchestration',871,8),(138,'quos','voluptates ut placeat ipsa blanditiis est quia et mollitia iure','virtual',422,8),(139,'est','natus iste aut illum suscipit blanditiis incidunt dolores ea eum','indexing',561,6),(140,'et','autem magnam expedita explicabo impedit labore aliquid ut totam aperiam','Auto Loan Account',639,3),(141,'qui','velit doloribus voluptas aut voluptatem aut quasi ut maxime ut','Fantastic',760,5),(142,'officiis','dignissimos aut ut minus quibusdam beatae alias nihil ea molestias','sky blue',566,7),(143,'perferendis','tempore possimus exercitationem aut quis et impedit non optio aut','Gloves',187,4),(144,'at','natus libero dolorum et quaerat tenetur deserunt non expedita voluptatem','Fish',235,2),(145,'corrupti','ut consequuntur suscipit quidem rerum necessitatibus sed aliquam blanditiis esse','Rubber',54,8),(146,'in','tenetur excepturi dolores reiciendis quia deserunt delectus ad consectetur perspiciatis','Coordinator',936,7),(147,'voluptas','optio sapiente adipisci sed sunt fuga quo et aut molestiae','Lock',127,1),(148,'quisquam','dolorem unde aut in quibusdam fugiat qui velit numquam in','Tasty',498,2),(149,'reiciendis','mollitia quasi itaque perspiciatis nobis est quod accusamus et non','Extension',692,4),(150,'et','quasi voluptas suscipit et minus sit quia esse ab molestiae','AGP',239,7),(151,'et','dolorem deserunt dolorem est aut minima voluptas reprehenderit architecto dicta','parsing',890,8),(152,'sunt','quam quo consectetur necessitatibus occaecati dolores non alias quia qui','Refined',754,5),(153,'quis','nam dicta aut quasi porro earum quia id dolorem molestias','bottom-line',453,3),(154,'voluptas','possimus cum et ab non voluptatem magni eius perspiciatis officia','Automotive',708,7),(155,'rerum','esse nam pariatur itaque dignissimos minima reprehenderit dolorum perspiciatis laboriosam','Fresh',672,1),(156,'tempore','ipsam accusantium eum eos sapiente et facilis fuga fugit aliquid','Fully-configurable',35,9),(157,'provident','modi est molestiae illum et quos vel voluptas dolores atque','discrete',810,7),(158,'ut','et earum consectetur tempore iure nam ut sequi non iure','Florida',104,4),(159,'perferendis','culpa amet quo ea error doloribus adipisci laudantium et repellendus','Cayman Islands',487,7),(160,'quisquam','omnis modi quis nulla sint quisquam soluta dolores nobis quia','indigo',194,2),(161,'quas','facilis non beatae quidem animi molestiae ratione praesentium sit est','Chief',116,5),(162,'illum','et consectetur voluptas nemo cum ab id doloribus quia dolores','client-driven',947,4),(163,'dolor','rerum et sequi omnis quia quis perspiciatis qui aut cum','magenta',25,7),(164,'omnis','dolore et odit non praesentium quibusdam asperiores in quis et','haptic',136,8),(165,'veniam','quos eos sed doloremque et aut mollitia quis dolorem blanditiis','Lead',857,1),(166,'pariatur','et sed eum veniam quo corporis laudantium quo saepe voluptas','Chair',640,7),(167,'sint','est vero laudantium sit adipisci rerum quis qui illo ea','empowering',528,1),(168,'aut','voluptates sed id aut officiis consequatur nemo et cupiditate qui','Markets',176,6),(169,'maiores','laudantium et ut aliquid vitae ad quis et voluptatem temporibus','Beauty',25,8),(170,'laborum','et odit molestiae doloremque veniam deleniti et quas quasi quo','Auto Loan Account',990,2),(171,'voluptates','quia molestiae in sunt enim et debitis optio dicta facere','IB',659,4),(172,'id','modi et officiis unde accusamus magnam reprehenderit repellendus sed omnis','Licensed',144,3),(173,'voluptatem','amet eum omnis necessitatibus eius repellendus neque odit exercitationem odit','Palladium',439,3),(174,'sed','ipsum sunt dicta labore voluptatem voluptatum totam voluptatem fugiat quo','pixel',998,3),(175,'ad','soluta quae ab dolorem pariatur quasi aperiam ut modi eum','world-class',854,3),(176,'deleniti','velit dolorem ut pariatur omnis enim voluptas tempore eaque porro','throughput',375,7),(177,'non','incidunt dicta nam minima rem alias nihil sed animi laboriosam','solutions',387,9),(178,'aliquam','aut doloremque quos dignissimos sit earum quaerat maiores voluptatem ut','intranet',894,4),(179,'sed','dolore voluptas occaecati maxime sed nesciunt cumque consequatur ea aperiam','Credit Card Account',0,5),(180,'deserunt','est rerum et possimus magnam nobis eaque ut dicta voluptates','Maine',930,4),(181,'occaecati','qui officiis ea maxime est impedit vel animi corrupti natus','Technician',672,6),(182,'aut','unde libero quasi ab et sequi dolores aut provident quam','Data',845,9),(183,'ullam','et quis repellendus illo quas reprehenderit asperiores adipisci necessitatibus vitae','Personal Loan Account',276,4),(184,'aperiam','eos dolor omnis ut neque sint eaque facilis facere quis','Frozen',366,9),(185,'consectetur','et itaque nostrum commodi ipsum enim quas sint sit blanditiis','auxiliary',459,9),(186,'beatae','tenetur doloribus minus quam veniam repudiandae voluptatem quis fugit similique','Functionality',836,5),(187,'accusantium','aspernatur illum voluptatum id suscipit deserunt omnis est pariatur dolores','Movies',639,4),(188,'laudantium','aliquid aperiam molestias consequatur voluptas non in ex corporis adipisci','Junction',303,3),(189,'molestiae','rerum nisi excepturi eum reiciendis id eos provident blanditiis qui','invoice',935,9),(190,'reprehenderit','voluptatum consequatur repellendus aut quos odit esse corporis consectetur mollitia','Buckinghamshire',666,5),(191,'porro','qui voluptas quasi et eligendi magni nihil veritatis reiciendis quae','hard drive',856,2),(192,'porro','vel quas ab voluptates quia deleniti veritatis tempora ipsum nesciunt','Wisconsin',226,5),(193,'illum','quia laudantium quia nobis autem dolorem non dolores qui ullam','alarm',137,4),(194,'rerum','officiis et in atque et porro quidem eum quia aut','Liaison',661,8),(195,'eaque','sint autem vitae a qui excepturi sunt qui dolor ad','Plastic',287,9),(196,'nobis','eum qui provident illum est unde dolores quidem fugiat aut','Small Fresh Keyboard',459,9),(197,'ex','dignissimos atque est qui nihil qui quis ducimus sequi odio','Baby',193,7),(198,'accusamus','et id voluptas ad dicta nihil quo dolores soluta aut','ROI',471,9),(199,'natus','omnis qui optio officiis error natus est molestias error enim','bandwidth',192,1),(200,'dolorum','quia ut enim consequatur nam est et atque est et','Automotive',711,8),(201,'et','sint recusandae ad harum temporibus et illo et quaerat et','Pants',995,5),(202,'commodi','debitis tempora non incidunt cupiditate quo ut autem nihil non','national',131,2),(203,'inventore','nam labore sit sit sit et quos aut non quibusdam','Movies',960,3),(204,'suscipit','est qui iure ipsum eligendi corporis in reprehenderit error ducimus','monitor',15,2),(205,'sunt','dolorem facere esse voluptatum ullam debitis ipsam temporibus nulla incidunt','Intelligent Granite Keyboard',966,2),(206,'consequatur','quia possimus praesentium reprehenderit sed qui quam tempora optio voluptas','Future',116,7),(207,'repellendus','ut beatae quia sunt possimus ipsa similique ut dolorem tenetur','1080p',586,9),(208,'temporibus','esse eum qui voluptates doloribus nihil reprehenderit ipsa nulla aut','Checking Account',162,7),(209,'aliquid','voluptatibus maxime est velit animi qui consequuntur saepe numquam vitae','Manager',636,8),(210,'fugiat','qui hic et molestias impedit voluptates asperiores inventore nobis adipisci','Outdoors',731,3),(211,'enim','enim et necessitatibus quia voluptate et incidunt voluptatem maiores et','web services',980,4),(212,'omnis','voluptas maiores consequatur architecto tempora illum dolores consequatur ipsum quia','invoice',302,3),(213,'praesentium','et quia et maxime autem quia nihil assumenda voluptatibus sunt','forecast',208,9),(214,'voluptatem','et sed laboriosam voluptatibus tempore ullam qui asperiores sunt nihil','Fully-configurable',290,1),(215,'quia','aspernatur ad reiciendis consequatur aut blanditiis dolore dignissimos molestiae facere','forecast',45,7),(216,'eius','adipisci quia cumque cumque dolores earum quas quae exercitationem est','Savings Account',143,2),(217,'accusamus','at reiciendis repudiandae consequatur minima et consequatur minima fugit voluptas','Product',310,5),(218,'dolores','aperiam dolore magnam est est doloremque amet perspiciatis corporis quia','Applications',551,5),(219,'vel','tempore facere commodi ullam voluptatem sint laudantium amet aut dolores','Guyana Dollar',868,8),(220,'modi','est sit vero reiciendis temporibus et maxime eum sit temporibus','Gorgeous Cotton Towels',303,2),(221,'omnis','adipisci ipsa suscipit vero dignissimos ut quae animi excepturi quo','bandwidth',136,3),(222,'officiis','sit et ipsa delectus rerum neque omnis ullam eum et','haptic',1,5),(223,'ut','sed modi beatae temporibus similique itaque est expedita neque vel','Faroe Islands',522,7),(224,'nemo','non qui et repellendus qui animi possimus et aliquid et','harness',230,6),(225,'velit','incidunt beatae eaque aut quis culpa occaecati sint ut earum','transmitting',184,1),(226,'sunt','sit voluptatem ut quam deleniti voluptas necessitatibus optio omnis laudantium','invoice',395,5),(227,'expedita','facere rem maxime et dignissimos recusandae eos ipsa blanditiis accusantium','Fords',409,4),(228,'aspernatur','ea optio consequatur nulla recusandae similique commodi accusamus et illo','Denmark',326,7),(229,'aut','voluptatem sed libero qui quia quo eaque odio qui possimus','deposit',691,8),(230,'dolor','est qui et provident quibusdam doloribus qui dolorem ipsum eius','Chilean Peso Unidades de fomento',782,8),(231,'est','cupiditate architecto pariatur modi doloremque laborum placeat vel quasi sapiente','Fresh',490,2),(232,'modi','sit perspiciatis maiores qui unde vero nisi ducimus rem repudiandae','Unbranded',439,5),(233,'et','perferendis id consequatur qui adipisci suscipit necessitatibus distinctio veniam id','driver',495,4),(234,'quam','sit et voluptas aut sed qui possimus voluptas unde doloremque','Mali',379,8),(235,'dolor','et quia sit quo consectetur sint sunt vel ab vero','Managed',969,5),(236,'architecto','consequatur quis quos quo quidem sit neque amet sint labore','bus',733,9),(237,'qui','modi in et aut facilis eos sed eum voluptas possimus','generating',63,5),(238,'in','qui a dolor vero architecto fugit odit est rerum aspernatur','calculate',117,1),(239,'aut','enim suscipit quo consequuntur nulla beatae voluptatem doloremque perspiciatis deserunt','COM',648,2),(240,'ut','ut recusandae nulla quidem et eaque aut impedit voluptatem voluptas','wireless',554,8),(241,'fugiat','modi est numquam voluptas necessitatibus tempore vero distinctio magni enim','B2C',84,5),(242,'magnam','quae similique expedita dolor accusamus natus maiores maiores beatae facere','Managed',840,4),(243,'aut','tenetur aut eos consequatur numquam molestias dignissimos eius ex iste','Product',980,5),(244,'consectetur','dignissimos laboriosam minus at repellendus molestiae velit soluta repellendus ducimus','Diverse',551,5),(245,'pariatur','delectus rerum ab doloremque aut aperiam velit quibusdam vel et','Tasty',478,7),(246,'iste','eos occaecati est rerum eum aspernatur ut repellendus praesentium ut','Liaison',562,6),(247,'veniam','est nostrum sit esse delectus et aliquam et iste et','Hat',163,7),(248,'doloremque','repellat accusantium minus omnis et magni modi dolores laborum numquam','Lari',392,4),(249,'nemo','quibusdam dicta est vel nisi aliquam esse est consequatur sint','magnetic',532,8),(250,'aut','nesciunt nihil dolores est impedit eius vero ea aut minima','bricks-and-clicks',65,3),(251,'sapiente','libero aliquid ducimus sit voluptatem dolor consequatur harum at non','Rustic Concrete Tuna',39,4),(252,'doloremque','repellendus eos tempore veniam ex tenetur enim exercitationem incidunt aut','Burgs',768,2),(253,'velit','beatae neque voluptates explicabo qui vel reprehenderit laborum veniam qui','Bedfordshire',327,5),(254,'voluptatem','eius voluptatem veniam et quia id sint repellat dolor et','plum',366,3),(255,'in','temporibus explicabo at incidunt omnis ad optio quibusdam qui rerum','mindshare',821,4),(256,'earum','voluptatem distinctio asperiores nisi eum veritatis officiis qui magni suscipit','Concrete',65,4),(257,'possimus','expedita cupiditate molestiae explicabo est sequi ratione soluta id aut','cross-platform',231,9),(258,'impedit','adipisci explicabo aut cumque quo nam aut porro soluta facilis','hard drive',827,6),(259,'quia','sit fugiat et nobis nesciunt fuga impedit et reprehenderit officia','Extension',139,2),(260,'ut','cum laboriosam quia officia natus consectetur omnis magni harum et','Springs',819,8),(261,'delectus','sit eum quidem repellendus autem enim dolore labore quas harum','invoice',351,7),(262,'quis','consequatur et quasi nemo aliquam deleniti ipsam earum eum recusandae','interface',23,1),(263,'quia','et error ut repudiandae qui expedita vero voluptatem ipsam aspernatur','Granite',255,8),(264,'nam','itaque voluptatum harum voluptates aut rerum possimus dolorem aperiam ipsa','International',555,2),(265,'qui','fuga fuga aliquid et vero minus culpa omnis id aut','Electronics',233,5),(266,'et','velit sint veritatis eligendi cupiditate unde et in nostrum occaecati','North Dakota',291,2),(267,'ipsa','ea vitae provident delectus et culpa dolorem ut officia atque','Factors',860,6),(268,'iste','aut quas velit iusto voluptatem dolor ea quo dolorum est','Future',588,3),(269,'animi','dolores similique quod cumque tempore animi at iusto quod voluptas','technologies',75,5),(270,'recusandae','ut recusandae eos placeat tenetur earum assumenda facere ratione voluptates','generating',500,1),(271,'enim','quidem tenetur pariatur consequatur quis eos nesciunt quam qui ad','leverage',177,7),(272,'aut','est fugit aut fuga numquam omnis dolor rerum impedit voluptatem','Manager',40,9),(273,'sint','magnam recusandae molestiae iure mollitia dignissimos ad sapiente quia mollitia','Agent',13,3),(274,'aliquam','non id cum dolores voluptate nesciunt totam deleniti qui rerum','Gloves',688,2),(275,'culpa','ut dolorem perferendis esse voluptates ipsa aliquam recusandae blanditiis et','Licensed Frozen Computer',388,4),(276,'quos','quisquam provident et voluptatem ab qui id voluptate placeat blanditiis','Response',950,2),(277,'veniam','numquam rerum consequatur nam quo quisquam id quia vitae corporis','Granite',936,7),(278,'odio','molestiae repudiandae ut dolorem ea facilis odio fugit voluptatibus consequuntur','Toys',131,6),(279,'dolorem','quia quae laboriosam quas molestiae necessitatibus iusto quo commodi dolor','Investment Account',565,4),(280,'vitae','voluptas non sint assumenda consectetur rerum deserunt sed optio aut','Direct',320,8),(281,'et','tenetur aut perferendis quam quisquam nihil in incidunt at nisi','Jewelery',468,8),(282,'error','quia voluptas dignissimos accusantium totam consequatur itaque cum consequatur provident','Investment Account',337,1),(283,'commodi','velit voluptates qui amet velit reprehenderit beatae in quod eius','Ferry',249,3),(284,'modi','nobis laboriosam consequatur nihil officiis accusantium deserunt fugiat accusamus nihil','parsing',643,1),(285,'voluptas','atque voluptatem est laborum inventore corrupti sed modi porro deserunt','Paradigm',460,2),(286,'aut','rem consectetur eos nisi voluptatem ab dicta quod consequatur sit','payment',977,9),(287,'omnis','architecto aut consectetur neque cumque numquam voluptatibus quisquam quidem ducimus','Legacy',46,4),(288,'est','voluptatem deserunt sit reiciendis veniam sunt quidem et dolorum sint','Lithuanian Litas',701,4),(289,'dolor','itaque nesciunt eaque odio temporibus aut ipsam ex repellat hic','Representative',288,4),(290,'nam','magnam in a praesentium necessitatibus officia quasi saepe aperiam qui','TCP',184,9),(291,'in','autem debitis est possimus quidem ut ut ad temporibus magnam','methodologies',416,6),(292,'mollitia','cumque ut ipsa qui asperiores est consequatur delectus atque nihil','calculate',581,4),(293,'mollitia','quae velit quam ipsam vero porro quo iusto quis error','repurpose',269,8),(294,'incidunt','qui aut illo iste assumenda et reprehenderit dolor odio voluptas','wireless',110,1),(295,'recusandae','tenetur necessitatibus atque illum quam alias reiciendis tempore magnam facilis','Grocery',261,2),(296,'expedita','repellendus et laborum et dolor odio et sint quis suscipit','Home Loan Account',338,9),(297,'voluptate','eum voluptas voluptas tempore ut est perspiciatis facilis quas reiciendis','haptic',748,5),(298,'aspernatur','velit perspiciatis quasi ea quibusdam non odit deserunt quis consequatur','definition',66,1),(299,'non','amet rerum laudantium aut ab ea quam labore vero explicabo','Diverse',149,8),(300,'odit','occaecati reprehenderit doloremque ab voluptas explicabo rerum qui optio necessitatibus','Mouse',278,3);
/*!40000 ALTER TABLE `InformacjeOWinie` ENABLE KEYS */;
UNLOCK TABLES;

--
-- Table structure for table `Kontrahenci`
--

DROP TABLE IF EXISTS `Kontrahenci`;
/*!40101 SET @saved_cs_client     = @@character_set_client */;
/*!40101 SET character_set_client = utf8 */;
CREATE TABLE `Kontrahenci` (
  `idKontrahenci` int(11) NOT NULL AUTO_INCREMENT,
  `NIP` varchar(10) DEFAULT NULL,
  `nazwaSpolki` varchar(40) NOT NULL,
  `telefon` varchar(14) NOT NULL,
  `eMail` varchar(90) NOT NULL,
  `stronaWww` varchar(255) DEFAULT NULL,
  `KRS` varchar(10) DEFAULT NULL,
  `nrKonta` varchar(26) NOT NULL,
  `fax` varchar(45) DEFAULT NULL,
  `adresIdAdres` int(11) NOT NULL,
  PRIMARY KEY (`idKontrahenci`),
  UNIQUE KEY `telefon_UNIQUE` (`telefon`),
  UNIQUE KEY `eMail_UNIQUE` (`eMail`),
  UNIQUE KEY `nazwaSpolki_UNIQUE` (`nazwaSpolki`),
  UNIQUE KEY `idKontrahenci_UNIQUE` (`idKontrahenci`),
  UNIQUE KEY `nrKonta_UNIQUE` (`nrKonta`),
  UNIQUE KEY `NIP_UNIQUE` (`NIP`),
  UNIQUE KEY `KRS_UNIQUE` (`KRS`),
  KEY `fk_kontrahenci_adres1_idx` (`adresIdAdres`),
  CONSTRAINT `fk_kontrahenci_adres1` FOREIGN KEY (`adresIdAdres`) REFERENCES `Adres` (`idAdres`) ON DELETE CASCADE ON UPDATE CASCADE
) ENGINE=InnoDB AUTO_INCREMENT=304 DEFAULT CHARSET=utf8;
/*!40101 SET character_set_client = @saved_cs_client */;

--
-- Dumping data for table `Kontrahenci`
--

LOCK TABLES `Kontrahenci` WRITE;
/*!40000 ALTER TABLE `Kontrahenci` DISABLE KEYS */;
INSERT INTO `Kontrahenci` VALUES (1,'7778426542','Wilderman and Sons','130-107-9056','Vernon90@gmail.com','http://ashley.net','8641852363','44918081050229979530630855','814-219-4818',1),(2,'7891220956','Collier LLC','540-581-5743','Margot_Toy@yahoo.com','http://winston.info','5120895769','68206546104796247796872274','825-520-7722',2),(3,'8451737773','Prosacco LLC','909-456-3288','Camryn.Tillman94@hotmail.com','https://lydia.com','4651492743','96264697241519283002754309','624-102-6346',3),(4,'8955265184','Leffler, Smitham and Abshire','019-851-6726','Tyrel_Pacocha41@yahoo.com','https://toni.biz','9192253709','36605050851722400598906690','768-817-3695',4),(5,'7249902051','Doyle - McDermott','174-730-1353','Pearl.Crona32@yahoo.com','http://wava.com','8797341447','66673938539984730800564183','032-733-5040',5),(6,'7269159541','Douglas LLC','861-630-4419','Zechariah52@yahoo.com','https://melvina.com','2658752135','38111464759854418374639592','330-359-2982',6),(7,'0499231531','Balistreri - Casper','823-214-6439','Valentina.Schuster@yahoo.com','https://alayna.name','9033485680','25775021595240753616064949','736-402-8356',7),(8,'8238213088','Mayert Inc','356-719-0702','Dakota85@yahoo.com','http://charlie.biz','1722867468','65303594569476746056340132','316-107-3623',8),(9,'3380990910','Borer, Gleason and Stamm','042-714-3430','Haven.Oberbrunner54@gmail.com','http://shawna.name','7935377921','04596656691600491017973121','161-463-5096',9),(10,'7147334044','Turner, Maggio and Stehr','420-006-8517','Gerardo_Brekke8@hotmail.com','https://aliza.net','5716766373','85445226617267977989938114','598-977-6610',10),(11,'5897496966','Pouros and Sons','280-616-6894','Nettie.Barrows@hotmail.com','https://genesis.name','1075780548','37265036652359773236701139','904-978-3487',11),(12,'3054830727','West - Dickinson','794-052-3742','Camila_Dickens@hotmail.com','http://lempi.name','2335276510','59913223513130621663974073','089-918-6606',12),(13,'5678088956','Herman Inc','592-535-7786','Napoleon_Kunze@hotmail.com','http://hester.biz','0486149598','21618947818167661972715147','677-366-5891',13),(14,'8068280649','Simonis Inc','545-178-1084','Dean_Kshlerin61@gmail.com','http://erna.net','1131400808','06215791359383002142409818','041-264-9324',14),(15,'6802304145','Barton - Adams','013-283-5886','Reilly.Tremblay@yahoo.com','http://dannie.org','0732067112','55788583239909339719055614','201-514-3916',15),(16,'9882615941','O\'Kon LLC','224-906-1432','Cecilia68@yahoo.com','http://eleanore.net','8774050586','18171586307874735202525036','532-122-1148',16),(17,'5592393906','Moen Group','516-622-2480','Ena.Schoen@hotmail.com','https://lauren.name','3162046381','02449293191943500309116906','116-551-3780',17),(18,'7494505647','Boyle, Schmitt and D\'Amore','237-141-3885','Broderick.Cruickshank27@yahoo.com','http://melissa.name','0134197959','62084084763121079610370311','937-353-1467',18),(19,'5673323850','Jast LLC','845-971-3345','Evans_Cremin7@hotmail.com','http://murray.com','0089624872','39732739333899707475203909','279-077-8171',19),(20,'2303875202','Kihn - Lakin','213-462-8898','Liana_Predovic@hotmail.com','http://felicita.com','8194404023','45990275417921681797526640','315-180-9254',20),(21,'6739936067','Krajcik - Jones','934-125-0771','Dovie_Adams@yahoo.com','http://emanuel.net','4342167863','26618978682349803221546978','967-025-7190',21),(22,'7227273556','Walker - Yundt','676-529-3519','Norwood_Koss@gmail.com','https://kennedi.net','4701045497','34539232340372002665654074','078-533-2856',22),(23,'7227794605','Leuschke and Sons','850-946-0309','Jamie.Powlowski42@gmail.com','http://glen.info','3193588330','21219735606557676191468784','408-588-7920',23),(24,'2547413895','Koss - Schroeder','820-948-5589','Ferne.Bergstrom54@yahoo.com','https://greyson.biz','7889813348','64701692655239775759582684','587-599-9072',24),(25,'5572684202','Corkery and Sons','659-242-2709','Nickolas1@hotmail.com','http://danielle.info','2347820150','61860039570376490936256024','221-605-4540',25),(26,'6568826811','Jenkins, Mertz and Harvey','621-803-2881','Reilly_Lindgren77@hotmail.com','http://bulah.info','4817707299','52548536019301930267092136','291-018-8593',26),(27,'3022710715','Dibbert - Breitenberg','927-837-5499','Rory.Kuphal@gmail.com','http://rickie.info','6306248916','33278682274794121354911940','949-653-7366',27),(28,'4663629663','Kirlin - Terry','001-793-4212','Naomie.Morar@gmail.com','http://rudy.com','8775381959','91101360936235224211404212','234-749-2557',28),(29,'0479422969','Mraz LLC','290-338-8165','Dion_Haag19@yahoo.com','https://otto.com','8406309171','25505667585523698633020413','665-870-8540',29),(30,'9416501685','Dietrich Group','650-303-0372','Cordell.Deckow@hotmail.com','http://nelle.com','0740229678','21171172686068258420218545','979-772-1528',30),(31,'6051010693','Runolfsdottir, Lehner and Harris','847-763-0885','Marley5@gmail.com','https://abbey.com','0227049258','00698800257027667111245971','739-931-3080',31),(32,'9894875571','Christiansen, Kuhic and Konopelski','697-762-5879','Lee.Green63@yahoo.com','https://jana.net','4927278681','29879444693973393405981569','312-413-7586',32),(33,'1536522541','Bauch, Durgan and Abshire','593-799-7542','Gilda_Bernier@gmail.com','http://lorna.org','3007979305','44645615545342842703254737','057-343-9949',33),(34,'7646585567','Bergstrom LLC','522-414-5067','Alejandra1@gmail.com','http://jennifer.info','5792897923','14953764982040602956157651','611-907-0303',34),(35,'9618334748','Ziemann - Murphy','192-827-9964','Kennedi_Gleason40@yahoo.com','http://thomas.net','8895425850','64279064145811802202268284','696-745-2640',35),(36,'1342648048','Towne LLC','963-308-5410','Neoma.Kemmer18@hotmail.com','https://milton.org','5222248362','34946301118015123184752164','726-847-8902',36),(37,'3198875173','Upton - Gislason','596-647-2907','Claire12@hotmail.com','http://gertrude.info','4476995391','60293651223444417090073454','747-798-0623',37),(38,'9854756133','Brekke Inc','216-369-1253','Herminia.DAmore43@yahoo.com','https://elna.name','9051539164','79306340978389777959187410','873-675-7537',38),(39,'6620575710','Ebert, Thiel and Jaskolski','447-211-4176','Dakota_Wolff@hotmail.com','https://reta.biz','2689981896','34839883973606033353787379','890-708-4935',39),(40,'5115651356','Tromp, Rutherford and Luettgen','450-715-7357','Chad_Keeling72@yahoo.com','http://esperanza.com','4677996966','20495969230648275074349957','299-862-5495',40),(41,'8569316978','Crona, Swift and Wiegand','684-768-4664','Elliott85@yahoo.com','http://sabina.com','3962489461','50252036272655772318540051','160-777-5610',41),(42,'1176385818','Tromp, Marquardt and Witting','877-103-6030','Randal_Kulas56@yahoo.com','http://morton.net','2511114890','37154060658892146357195420','518-498-1096',42),(43,'9306906413','VonRueden, VonRueden and Wuckert','335-887-8483','Kyler_Hessel@gmail.com','https://xander.info','4487756370','57295184484725903663445424','532-157-6882',43),(44,'0341988183','Ernser - Kshlerin','418-316-3435','Magali.Orn@gmail.com','https://emmanuelle.com','1809919218','69245918612257240325128829','986-761-6059',44),(45,'6802780314','Wisozk - Dibbert','561-408-1637','Jayce.Stehr63@hotmail.com','http://christopher.info','6086385665','03305225823459131006308415','740-295-9019',45),(46,'4209478981','Strosin, Hodkiewicz and Jerde','784-422-8753','Darrell72@hotmail.com','http://norbert.biz','8934990221','26936313192479080081425103','192-540-1011',46),(47,'5813937844','Kiehn, Torphy and Runte','982-608-6919','Marlee.Reilly94@hotmail.com','https://ivy.net','3946954193','82588874729498159649810122','854-194-1108',47),(48,'0045049614','Schmitt LLC','682-240-2925','Ottilie.Daniel@yahoo.com','https://maryjane.info','9058038189','77461394965923427519937058','229-119-7788',48),(49,'4624192439','Block Inc','290-009-4481','Isac_Kozey@gmail.com','http://carissa.org','6883143938','83622059144234117301001238','736-925-3896',49),(50,'8478948407','Doyle Inc','088-544-7036','Yoshiko22@gmail.com','http://cassidy.info','6482211928','36791721536570418005182328','409-675-2371',50),(51,'7666291354','Dickens - Armstrong','450-758-1544','Lexie45@gmail.com','https://linwood.name','8450021891','68762598610748969143696442','352-098-5526',51),(52,'2980441828','Crona - Parker','825-613-7115','Myra_Labadie32@hotmail.com','https://jaycee.biz','6114767367','32482891247041884628466501','000-909-2700',52),(53,'1461341586','Tromp LLC','706-755-3218','Aisha97@hotmail.com','http://coty.name','6038984479','90507714853137381340782162','890-827-4577',53),(54,'0163145857','Langworth, Labadie and Gislason','618-710-3249','Rick.Rodriguez29@gmail.com','https://frederik.net','5250316848','84278958704565330523336023','851-322-5818',54),(55,'3533172890','Gerhold - Fay','724-336-4271','Daisha_Kessler@yahoo.com','http://stanley.org','3373878200','56181607050709216795463619','241-588-7420',55),(56,'9073198617','Franecki Inc','633-255-3473','Travis46@gmail.com','http://herbert.org','3218824282','64272970090000691283154503','677-845-4572',56),(57,'5701425227','Fadel - Koss','074-032-5695','Tyreek83@yahoo.com','http://felton.com','4417124361','27966758160937319924090600','105-220-9716',57),(58,'6128062862','Stark - Schuppe','775-240-6427','Newell.Leuschke@hotmail.com','https://destinee.info','9603769471','65744386238109235721755652','188-986-8431',58),(59,'0523017932','Collier, Gerhold and Ernser','443-967-5700','Nestor_Bruen@gmail.com','http://haley.net','6002891382','27546968059495492601507212','588-435-5954',59),(60,'2560440606','Frami, Berge and Okuneva','130-305-6665','Columbus_Turner77@hotmail.com','http://gregoria.net','7654128786','58564078642339321584448042','241-505-8250',60),(61,'0372913547','Crooks and Sons','351-576-4544','Miller65@yahoo.com','http://jena.biz','8765163081','60618214846703303452936820','983-018-4865',61),(62,'3651953776','Runolfsson - Koepp','262-455-6472','June59@gmail.com','http://cristina.net','1566635601','27485021531272943500208972','356-025-3775',62),(63,'7872606252','Hahn - Schmeler','026-912-5297','Rupert.Mills@hotmail.com','https://agustina.info','3822124879','67225658124958721999046525','119-596-7487',63),(64,'3742965340','Simonis and Sons','123-585-0410','Hugh.Wolff@gmail.com','https://reyna.name','0575066413','22577529559318635681873990','628-839-2216',64),(65,'4913703470','Kemmer, Cronin and Toy','466-106-0856','Sincere_Weissnat@gmail.com','http://jaunita.net','8042813230','29314930809944701396114413','327-305-1044',65),(66,'1347983564','D\'Amore - O\'Kon','658-975-9286','Sean91@yahoo.com','http://lisette.name','5986857902','48492204041524663673154069','271-191-1153',66),(67,'7749209232','Lubowitz LLC','678-894-4384','Deion.Nitzsche23@hotmail.com','http://efren.name','1437829235','75651452794588664704216981','264-684-8425',67),(69,'2846959819','Bailey - Fisher','987-875-5268','Mina78@gmail.com','http://brady.biz','6698866943','46859667146667340109441965','478-756-2069',69),(70,'6070995298','Cartwright Inc','904-413-2583','Houston_Wiza8@gmail.com','http://cydney.name','4437219086','57679395880494426760387130','572-622-7090',70),(71,'7798838049','Huels, O\'Hara and Hudson','918-981-2353','Amani_Stiedemann@yahoo.com','http://lysanne.org','0215158343','22418231172328933035252502','860-437-2046',71),(72,'1872111436','Hilll - Heathcote','061-766-7194','Adele.Rice34@yahoo.com','http://kasey.biz','5515868097','61149797940200567164262205','509-293-0688',72),(73,'5617753200','Schroeder LLC','654-331-6586','Leland_Kunde38@hotmail.com','http://chanelle.com','4653648254','70420490298887431240330292','108-774-5548',73),(74,'8994110580','Champlin - Weimann','573-597-9536','Chaya47@hotmail.com','http://myra.net','5941147405','20132259246474408765829533','538-816-4799',74),(75,'2301733591','Stehr - Hoeger','799-334-1900','Greyson.Zulauf79@hotmail.com','https://leone.org','4883657250','92632150337495409991426994','208-910-1738',75),(76,'2313617695','Murazik, Larson and Swift','978-476-7960','Jairo.Armstrong@hotmail.com','https://audra.biz','3459759058','69645820729950401261293354','806-661-4291',76),(77,'5315430263','Reilly - Kris','110-750-1533','Irma.Littel@gmail.com','https://era.org','5065363490','92267319355116286655855403','070-100-2243',77),(78,'1396281943','Ebert - Hickle','287-349-5333','Alia_Veum56@gmail.com','https://kimberly.net','1136387062','84940711997341806023527010','573-604-8059',78),(79,'0667246481','Little, Keebler and Frami','111-702-8885','Troy.Hoppe@yahoo.com','https://rebeca.info','7250120506','98852876580136609839582952','288-965-9335',79),(80,'8633733389','Rosenbaum - Kulas','568-844-9413','Rahul.Schroeder59@yahoo.com','http://major.com','4845275933','92077048466783242425366346','500-710-7850',80),(81,'9915683895','Boyle, Graham and Gleason','041-760-5949','Ashton.Bosco@yahoo.com','https://calista.com','7057050543','99917393388068452568806271','059-776-6022',81),(82,'6109345885','Parker, Roberts and Pagac','980-779-7060','Destiny.Jast37@yahoo.com','http://ryley.biz','6935725936','49246625014649922877866867','216-257-9891',82),(83,'1811394418','Rutherford, Wuckert and Kohler','201-173-9862','Donnell_Sauer47@gmail.com','https://mallie.net','8109379068','16043516103524287881251138','533-405-7533',83),(84,'6459065565','Blick, Howe and Effertz','272-036-6662','Osborne_Macejkovic80@hotmail.com','https://lazaro.org','4577570295','00116505537940074422289828','674-009-6030',84),(85,'8935251618','Ullrich LLC','923-209-9617','Amy.Goyette@yahoo.com','http://hollie.com','7583085359','23655851503527105708303787','126-657-8681',85),(86,'0170807610','Huel - Adams','907-634-3095','Carmelo_Yundt@yahoo.com','https://consuelo.com','5857656576','02419623455996509432668014','370-410-5581',86),(87,'7688623430','Leuschke Group','660-381-9020','Hailey.Johns30@gmail.com','https://lea.com','7350194298','01025389229509641698766685','838-548-1286',87),(88,'1184568379','Turcotte, Wilderman and Tremblay','163-085-4018','Heaven75@gmail.com','http://lucinda.org','1866494211','86918949145925647566347367','840-122-5846',88),(89,'0203857953','Bartoletti - Howell','060-325-7301','Aletha57@hotmail.com','http://darwin.org','3436449226','93844157803042257079617686','586-678-8631',89),(90,'0145461729','Welch, Kuhlman and Nolan','257-709-9044','Kristoffer_Bayer5@gmail.com','https://charlene.biz','5784803779','56004793850975481965595564','960-792-2237',90),(91,'4715928468','Lesch, Rath and Haley','207-816-5182','Wilber45@hotmail.com','https://jeremy.com','2895526638','94392226784785954174546897','225-270-2678',91),(92,'9163764282','Gibson - Larson','706-579-8478','Rhoda62@yahoo.com','http://aaron.info','6057135722','66807422306786617171061288','657-188-9152',92),(93,'8294295254','Mayer and Sons','448-476-1212','Eunice_Daniel48@yahoo.com','https://domingo.info','0534422222','69464803885850230841675080','803-512-5512',93),(94,'3796848015','Welch - Schaefer','978-327-2541','Krista25@gmail.com','https://misty.org','7286308985','10547845323837164963262329','320-182-4550',94),(95,'0230921522','Walter, Leannon and Runolfsdottir','077-091-6628','Stefan97@hotmail.com','https://sonya.name','2433353208','11443939655971379436579637','236-131-2000',95),(96,'2833104161','Johnston, Simonis and Swift','882-946-0445','Ethan55@hotmail.com','https://brent.org','3710208136','77351713586424857551702960','094-120-3678',96),(97,'8047337827','Cole, Mann and Runolfsson','250-537-3920','Broderick.Weissnat54@gmail.com','https://mariana.net','0661201676','01547072195726576804210792','225-737-4480',97),(98,'6120097406','Runolfsdottir - Reilly','594-989-4326','Luz83@gmail.com','https://electa.com','0844290093','97451167600969502357119830','737-970-6916',98),(99,'5569386254','Abbott, VonRueden and Daugherty','166-875-8621','Ian.Terry@hotmail.com','http://janae.name','8686174001','62866315394322724242492512','777-009-2948',99),(100,'7132544132','Maggio and Sons','985-056-0315','Akeem_Dibbert@hotmail.com','http://gail.org','7137670655','71634923040881521980064020','091-951-0267',100),(101,'6011699071','Brekke, Parker and Hahn','498-618-2743','Roselyn8@gmail.com','http://anibal.com','5667108805','98651601769569724475740631','287-518-0326',101),(102,'3147519493','Stiedemann LLC','583-177-7640','Ulices_Lynch@gmail.com','https://lola.net','6929742961','62537897578674576518767011','247-874-1187',102),(103,'1852736165','Grimes - Prohaska','020-650-7192','Nathen_Dooley@yahoo.com','https://horacio.biz','3953936613','87034863607274045053674437','139-440-0102',103),(104,'6107797199','Keeling - Block','034-254-5169','Maryjane.Smitham@hotmail.com','http://monroe.com','8113084724','44446554481593656865734110','813-473-7001',104),(105,'2219107685','Wehner - Jakubowski','607-541-1444','Okey17@gmail.com','https://julia.biz','6394587451','17152911480218826732921393','550-547-0151',105),(106,'2464732946','Witting - Donnelly','365-930-2986','Mireya.Barrows@gmail.com','http://madison.biz','7386345836','39415754066943316178850944','375-526-4496',106),(107,'4555278296','McKenzie, Torphy and Heaney','419-439-9439','Halie.Smith70@hotmail.com','http://sheila.biz','8241054434','04486657947401349094403027','001-422-0272',107),(108,'0034284525','Schinner - Auer','010-608-9318','Vada29@yahoo.com','http://ronny.com','5661175443','50325451993193882078205729','912-635-0542',108),(109,'2570740851','Hoeger, Cassin and Murazik','128-423-5982','Alf.Green73@gmail.com','https://raquel.info','2283736877','04392261153557263226781111','063-051-3837',109),(110,'7716881707','Willms, Brekke and Pacocha','518-194-7200','Raul.Johns19@hotmail.com','http://ladarius.org','2171486929','29748026749748335882914645','732-703-1273',110),(111,'9096172374','Gerhold LLC','217-794-5610','Ellie88@gmail.com','http://king.name','2317484979','74060853020031687994340630','111-302-1341',111),(112,'4164196877','Kulas - Wuckert','966-948-2682','Turner.Lueilwitz18@yahoo.com','https://ellie.com','7741731606','76548840516582741964793345','304-065-3911',112),(113,'8886096600','Harris LLC','010-732-0825','Easton_Schimmel57@yahoo.com','https://roselyn.info','8557007817','15207252162775363518659033','266-049-6968',113),(114,'4230951523','Baumbach - Kris','548-680-0837','Carleton.Cassin50@yahoo.com','http://kendrick.biz','0811869545','39880671027861295219622104','408-499-4614',114),(115,'1610826859','Hegmann, Harvey and Feil','101-942-8710','Annamarie5@hotmail.com','http://helga.org','6064833726','74673156663613908694730475','882-359-5843',115),(116,'6533690593','Sipes - Grady','743-396-1416','Mariela_Ortiz@gmail.com','https://geoffrey.name','5088478864','64984179351643930646376855','302-936-1575',116),(117,'7431910441','Wilkinson, Parisian and Erdman','400-901-8875','Albina_Boyer@gmail.com','http://carley.org','6265341951','70098253614121107406174471','566-249-0208',117),(118,'5828394686','Rohan - Muller','091-406-0374','Marge30@gmail.com','http://maritza.biz','5474891897','63491842597831963430116665','328-993-5231',118),(119,'2876333619','Dickinson - Pouros','201-975-2410','Bria90@yahoo.com','http://eloise.name','8892164217','91257208148841316842136410','907-870-5981',119),(120,'9462057107','Watsica LLC','600-235-5458','Toni.Haley34@yahoo.com','https://maria.org','3828882383','72276754409442674055977153','876-470-5447',120),(121,'4069518010','Walsh and Sons','550-797-7240','Raleigh.Wisoky@gmail.com','http://noemie.net','3368804102','22118324187498975441957904','905-735-5489',121),(122,'8259026329','Willms Group','730-591-4927','Marcellus_Braun@gmail.com','http://walker.com','5618993814','40292470088799171139277511','530-125-8545',122),(123,'6430989247','Kertzmann, Weissnat and Dare','023-131-5746','Sandy92@yahoo.com','http://delphia.name','7408033566','21971344648877627749876923','901-052-1116',123),(124,'6426949082','Wyman LLC','714-886-7555','Rebeca.Pouros@gmail.com','http://naomi.info','1441109223','54231664986348232872846452','017-337-7640',124),(125,'3980693678','Mayert - Abshire','115-947-0568','Minnie57@gmail.com','http://verdie.name','3445275167','50747181264660427545218474','941-761-9855',125),(126,'3784692986','Anderson, Lang and Erdman','785-745-8583','Cheyenne75@gmail.com','http://abigail.biz','3557572504','39070567408702684172239778','153-635-4923',126),(127,'8766097627','Lemke, Ryan and Zieme','681-570-4940','Cleveland71@yahoo.com','http://destin.net','4061887819','28203012533714276903145570','327-614-7608',127),(128,'5063245127','Anderson and Sons','501-472-6450','Lora68@hotmail.com','https://sammie.name','0984006760','37564880440749114425599444','573-748-6925',128),(129,'1569672285','Macejkovic and Sons','533-430-2028','Deangelo59@hotmail.com','https://darien.net','1216731434','68679071578748291238871472','895-111-6797',129),(130,'8238228215','Ritchie, Boyle and Bogan','414-325-7325','Abdul_Tremblay96@yahoo.com','http://arvid.info','4047014468','34237845286426788804342534','940-302-9518',130),(131,'3962484801','Moore - Gerlach','115-155-2891','Steve30@yahoo.com','https://melvin.name','0717830289','51828807442268791462293681','071-754-4845',131),(132,'8275018451','Kuhn, Rempel and Kilback','151-308-6450','Rosendo_Reilly60@hotmail.com','http://green.name','0564775795','16536896972892582169580946','480-706-1530',132),(133,'1310850934','Erdman, MacGyver and Spinka','627-819-0555','Watson10@gmail.com','http://clotilde.org','5904240005','61921212890334934815497129','801-645-6756',133),(134,'4704409737','Heathcote, Dietrich and Collier','609-670-1338','Adeline_Wisozk@yahoo.com','http://tremaine.biz','7918240898','04151652433766609830313353','502-306-6051',134),(135,'2675076787','Eichmann, Gottlieb and Hilll','074-888-9064','Cecile_Gibson37@gmail.com','http://blaze.name','0492926631','11792405526535990932792785','371-356-8778',135),(136,'5786087578','Wiegand - Wunsch','516-914-2265','Sabrina_Purdy34@gmail.com','https://lue.com','0242839935','23674372380868030329879648','386-446-3410',136),(137,'4941042857','Carter - Koss','955-011-9326','George50@hotmail.com','http://lonzo.biz','5245588702','06431051862527897117506713','161-354-2123',137),(138,'6551584937','Prohaska Inc','795-128-6822','Violette92@gmail.com','https://gwendolyn.org','7020627359','33284312236150764213857042','783-902-9347',138),(139,'6485009556','Walker, McClure and Graham','473-584-6553','Roman98@gmail.com','http://alvina.info','9982397597','66806194586977219782820722','377-582-4591',139),(140,'0265248375','Huel, Streich and Russel','475-298-0668','Esmeralda.Lueilwitz@yahoo.com','https://emilio.biz','9162639090','15120296266539171281624166','526-279-8333',140),(141,'4158997988','Rowe LLC','836-373-8149','Kirsten_Flatley43@gmail.com','https://raven.com','6688815244','33076527213919018215860475','834-455-8286',141),(142,'8809716345','Simonis LLC','102-839-2262','Ian35@hotmail.com','http://cary.com','5616409825','46479494099792170008604678','102-464-4659',142),(143,'9739721829','Bayer, Quigley and Okuneva','554-222-1951','Lora.Brakus@hotmail.com','http://vicenta.info','6646229726','88642610276435600890994123','892-852-3526',143),(144,'9283963532','Breitenberg Group','717-697-6014','Maurine_Rowe33@gmail.com','https://brannon.com','5774861557','14978310493004336679490627','822-673-9281',144),(145,'8946186472','Hahn Inc','176-718-8111','Garret_Schumm@gmail.com','http://marcel.info','7227019892','15726895833284019279602566','345-477-7723',145),(146,'1759810327','Satterfield and Sons','287-683-0869','Halle94@hotmail.com','http://dashawn.net','5448860542','94575661122917714710319227','685-900-0161',146),(147,'3168005807','Monahan - Hamill','178-366-1722','Leon77@yahoo.com','http://ara.org','0628402430','25174617105103838380769650','899-016-4100',147),(148,'5135742667','Kilback - Dietrich','740-520-0714','Rhoda.Kiehn@gmail.com','http://brad.info','4841916541','91377392135732792970206212','348-497-8082',148),(149,'6854087124','Blick, Emard and Paucek','566-534-7327','Carson.Bruen@hotmail.com','http://meaghan.name','7330786222','15269381926058103842029416','175-679-1767',149),(150,'7742074246','Gutmann Inc','265-703-6321','Dennis.Farrell@gmail.com','https://breanne.name','3532925560','02078335753605955792438671','494-118-3138',150),(151,'7692038381','Carter - White','239-456-8006','Agustin.Rath@hotmail.com','http://beaulah.org','6264551658','76632667722065518483669210','991-497-1222',151),(152,'3330665278','Schuppe Inc','277-998-8151','Ciara_Gislason39@hotmail.com','https://kristy.net','9221794213','43125092347702834364678698','622-956-7094',152),(153,'6212824279','Wilkinson, Jerde and Koepp','236-860-9696','Daphne.Hauck25@hotmail.com','https://rhoda.com','3556833607','57616455375649527331199555','163-347-9576',153),(154,'5099997795','Bradtke and Sons','716-669-6144','Willard.Dibbert67@yahoo.com','http://max.net','0314999365','92193371194281295082581021','437-825-5338',154),(155,'8984344688','Champlin LLC','905-855-2586','Camilla40@hotmail.com','https://tod.com','2719307200','51259021960913561169585069','755-954-7375',155),(156,'7679191241','Schuppe Group','984-448-1984','Merritt17@hotmail.com','http://bernard.org','0908687846','34134396756985148324558646','424-093-0692',156),(157,'8613241838','Lakin - Wintheiser','885-699-8204','Marielle_Kihn61@gmail.com','http://tremayne.biz','3289272149','18486706626480805289949734','236-534-3039',157),(158,'4871220265','Shanahan and Sons','640-108-9628','Granville_Harris@yahoo.com','http://kamryn.com','0591747728','69552547634241415895033161','654-546-8572',158),(159,'3508668777','Hodkiewicz Inc','595-715-3130','Stefanie8@hotmail.com','https://clovis.name','4855771904','86604383239719911604835559','638-030-0178',159),(161,'0646948226','Luettgen Inc','455-749-6986','Fermin89@gmail.com','http://favian.net','0269292602','91890509433192430974721523','465-652-3170',160),(162,'6181583058','Gleichner - Schneider','326-800-5221','Freda93@gmail.com','http://melissa.com','5724283960','67248033731049094058787684','142-720-7643',161),(163,'9343062477','Abernathy, Kuvalis and Williamson','529-440-7512','Viviane39@gmail.com','http://alf.info','7751593127','42867969957032037779783060','337-568-9743',162),(164,'6279486274','Thompson - Jones','443-822-8576','Reinhold.Braun@hotmail.com','http://jaleel.name','2402755145','93237621688327610220724279','596-463-4549',163),(165,'0211241717','Morissette Group','955-020-2984','Jabari43@yahoo.com','http://adella.info','5172344254','62606191492804173113611629','575-137-6507',164),(166,'4679470605','Nader LLC','964-800-6104','Arvid_Hirthe@hotmail.com','https://jed.org','1259826570','95972129704670607840621407','458-891-7050',165),(167,'6566900310','Lesch Group','936-211-8831','Amya26@yahoo.com','http://jennings.net','3663942471','31017837316619311433693491','823-366-5335',166),(168,'5504745797','Lueilwitz, Rempel and Shields','758-675-8392','Graham_Ullrich@hotmail.com','http://roosevelt.com','8199274171','83095131984995552451173027','713-537-7751',167),(169,'0190263808','Bode and Sons','498-944-1309','Annetta.OConner@gmail.com','https://cindy.com','2542055388','61260321916947249935110559','303-058-3397',168),(170,'8980654962','Baumbach - Dickens','168-186-6499','Valentina_Ankunding@yahoo.com','https://dimitri.biz','6128355535','88822771814613253137728359','749-432-8220',169),(171,'7714400105','Senger LLC','532-832-5011','Emie_Boyle@gmail.com','http://kacie.net','5993838207','61276753387709638876430554','300-359-2541',170),(172,'4643712032','Kuvalis, Bednar and Marvin','801-720-2715','Madelyn96@gmail.com','http://modesto.org','9239993287','53911947068069155942688342','674-257-2637',171),(173,'9516439171','Baumbach Inc','689-854-4784','Maximus_Denesik38@hotmail.com','https://era.biz','7844410923','05177846228777964222764815','176-514-7705',172),(174,'6333179519','Emard - Heaney','042-825-6122','Saige_Ward2@hotmail.com','https://dereck.name','4333426407','52848342351969829928167694','279-932-1465',173),(175,'6322695687','Dickens Group','367-526-7191','Bernardo_Feil35@hotmail.com','https://fanny.org','7658405221','79911775813375770803521492','029-577-3439',174),(176,'8670748020','Hettinger - Mraz','711-925-2881','Alexie_Grant@gmail.com','https://shyann.biz','8539967316','21895400549392984068386840','867-924-8202',175),(177,'6499145404','Von - Douglas','771-948-8173','Hipolito.Pouros@hotmail.com','https://ella.name','0932604663','49629933694513799959432138','198-764-9820',176),(178,'7969801120','Harvey LLC','574-126-5037','Camilla89@yahoo.com','http://lisette.net','5113366974','26785678231331929809765413','546-998-9526',177),(179,'8098354752','Waelchi, Mayer and Greenholt','564-645-5009','Angela25@gmail.com','http://ezekiel.name','8110723031','25060480983940882410882340','458-348-6743',178),(180,'1798504590','Senger - Kemmer','378-769-2864','Elmore88@gmail.com','http://lindsey.biz','5490626802','37104613576843101183680021','313-186-4837',179),(181,'6321306358','Watsica, Jones and Sipes','522-103-7222','Hannah_Hagenes@yahoo.com','https://dahlia.net','0712276914','85433077339304483387929153','702-819-2302',180),(182,'2040471754','Muller Group','681-653-5506','Kareem68@yahoo.com','http://nicola.net','0365740229','94254291363599645048509483','943-166-9740',181),(183,'8850262721','Oberbrunner, Koch and Farrell','385-402-1938','Laurie.Prohaska@yahoo.com','http://vaughn.info','9578564965','51665807380967757248236683','303-194-5391',182),(184,'0288885914','Walsh, Bechtelar and Kuhn','313-032-4962','Anabelle79@yahoo.com','http://mikel.name','2492200217','20590562831092059206648548','056-247-5879',183),(185,'6827193443','Murazik, Hilpert and McLaughlin','127-784-8181','Rose.Abshire59@gmail.com','https://dino.org','0398075368','03143018810044643857420742','895-082-6602',184),(186,'7195340758','Lowe Group','984-266-9805','Myron14@hotmail.com','https://berenice.info','9356898291','98203080317640709149607400','041-185-0855',185),(187,'1875466043','Feil and Sons','461-131-2016','Clark.Hartmann33@gmail.com','http://kris.net','3269361782','20945439998234271208517375','039-723-4934',186),(188,'9457231241','Metz, Stehr and Kuhlman','697-256-6866','Dante32@gmail.com','http://ruben.info','4933516892','26643905692951097444245838','878-054-9142',187),(189,'7916177312','Cummings Inc','097-552-6679','Aiden_Williamson24@hotmail.com','https://gustave.info','3830778278','03071808400293359934942668','370-648-0895',188),(190,'0614642626','Block - Auer','934-103-6399','Shanon_Schimmel42@gmail.com','https://manuel.biz','0924695799','00742645754363505821694803','189-885-5180',189),(191,'8892041812','Maggio LLC','091-883-0422','Erika57@gmail.com','http://felix.name','8134011765','00350163938743645091637022','501-840-8339',190),(192,'9949557403','Franecki and Sons','394-582-2687','Candace_Schoen@gmail.com','http://mona.name','7982128595','55496227704243428102078460','969-195-1347',191),(193,'7374429599','Price, Kuhic and Douglas','602-430-8521','Jordan.Kemmer@hotmail.com','https://rupert.name','9981125444','93949675167920021223443211','984-302-7119',192),(194,'0635594603','Mitchell - Auer','918-386-9130','Tia.Dickinson4@gmail.com','http://garrison.com','4736376880','80602577242023228592250644','152-754-4271',193),(195,'2713426483','Hilpert LLC','314-809-9187','Joy_Schulist@gmail.com','https://isabella.net','2487169007','55779889129825173091891790','876-273-4018',194),(196,'5137847062','Muller LLC','743-518-7349','Wilber79@yahoo.com','https://santino.name','1073221288','37151429926978058205576722','887-340-8775',195),(197,'9850362283','Murray, Medhurst and Wilkinson','254-713-7785','Dashawn_Friesen@gmail.com','https://golda.org','5213495492','92535777908183902308907192','331-487-6426',196),(198,'8263711501','Crooks - Hoeger','185-735-2990','Amelie.Yundt@hotmail.com','https://darryl.net','3265532432','75793771971649133099514716','108-383-8720',197),(199,'3853987893','Marquardt and Sons','791-693-8023','Vivianne46@gmail.com','http://cordelia.com','8034693047','44338522477630481528800244','772-333-7076',198),(200,'1469592233','Abshire LLC','166-250-2725','Rhoda.Swaniawski48@hotmail.com','http://kathlyn.info','5415156609','19442482455502473998781192','469-985-7134',199),(201,'5605558211','Anderson - Cole','839-524-4889','Princess.Ernser@gmail.com','http://zachery.biz','5671432589','22441012462965504265678579','972-194-1267',200),(202,'3990839335','Nitzsche and Sons','170-134-3493','Janet45@yahoo.com','http://cleo.info','7158643248','27498234619118535762374502','085-935-3030',201),(203,'4265611131','Stamm and Sons','451-546-0011','Mercedes_Buckridge78@yahoo.com','http://mose.biz','7115112772','67162258657764720717005469','635-142-1467',202),(204,'1778773599','Fritsch - Price','786-137-7021','London_Friesen@hotmail.com','http://dessie.org','4679238141','19016885591865399275043319','443-413-9036',203),(205,'1326378219','Howell, Franecki and Ritchie','862-259-7466','Wava.Waelchi8@hotmail.com','https://rebecca.name','3063789698','77794651243491924124587306','999-063-3833',204),(206,'8407125502','Keebler, Hane and Bernier','156-165-3067','Berenice.Pouros@gmail.com','https://orlo.com','5090692815','42960522343918062975675531','362-165-4836',205),(207,'0461230435','Moen - Conroy','148-270-8831','Prudence85@yahoo.com','http://jackeline.com','6509162386','39952118909188271007654711','711-637-9090',206),(208,'0761364416','Grimes, Graham and Roberts','656-557-5807','Dangelo74@yahoo.com','http://aimee.net','1893895768','58248553391468647765125466','512-929-0836',207),(209,'8506312736','Zboncak, Schmeler and Kub','470-275-4824','Roscoe_Harvey@gmail.com','https://kirstin.net','8211769566','09967397319198230706048613','248-369-5785',208),(210,'5821335836','Gottlieb - Nicolas','193-698-6828','Adele53@hotmail.com','https://gerhard.com','1276416345','96709585220449725763383840','054-964-7242',209),(211,'2951308198','Hegmann - Tillman','865-087-9463','Angelita90@yahoo.com','http://gaston.com','6854731474','18473463478921281907565337','245-742-6957',210),(212,'1327968737','Mohr - Bernier','828-756-6858','Claud46@gmail.com','http://elinor.info','4109202261','44842355302195186352227166','136-785-1017',211),(213,'9312310466','Schamberger - Stoltenberg','760-232-6108','Chelsea81@hotmail.com','http://jarret.org','4265660103','88163358188722094736909008','273-180-0535',212),(214,'9184964534','Weimann Group','757-291-9312','Kylie62@hotmail.com','http://antonina.biz','3800910427','85329474653832202935920259','994-736-4204',213),(215,'0144199568','Schiller Group','360-108-0945','Tyreek_Fay@hotmail.com','https://orie.biz','2838682618','11777031193568568836634649','939-967-1081',214),(216,'9763830569','Carter, Hills and Cartwright','596-541-5635','Savion_Lehner@gmail.com','http://ruben.info','4614229463','95442785239905481545950834','751-439-4119',215),(217,'3025635455','Hills, Ondricka and Daugherty','188-130-7168','Tierra_Hand89@gmail.com','https://melyssa.com','3203501379','51580497453177044624449568','522-155-1877',216),(218,'9382770648','Monahan LLC','646-676-9567','Tyler41@hotmail.com','http://tess.com','6172021767','74774159124632203243124905','073-630-5992',217),(219,'3697955909','Bradtke Inc','649-031-0055','Lucile_Dickens36@gmail.com','http://colby.info','1688780064','25166197281187500791428174','877-959-2976',218),(220,'5814333748','Ortiz - Ritchie','007-746-5413','Demario59@hotmail.com','https://ova.com','8542022745','68710242399575998511667226','192-269-7002',219),(221,'9476624659','Bernhard, Kozey and Wiegand','695-410-2082','Brennan.Shanahan@yahoo.com','https://devante.name','2980195289','48272529504628798617285774','100-610-7109',220),(222,'2975114943','Fahey and Sons','398-472-3926','Tia_Durgan65@gmail.com','https://shawna.org','3226821976','83352763368940966954383862','117-581-8460',221),(223,'6656351238','Miller Inc','201-691-9296','Curtis.Bernhard@gmail.com','https://kane.biz','6930429167','92423020855945644509417305','008-213-3530',222),(224,'3572695485','Littel - Reinger','630-412-0989','Emory_Kuhic12@yahoo.com','http://alysson.info','3844933581','14525696660497937335558999','586-017-0976',223),(225,'6740550764','Walker LLC','983-204-9636','Rogers5@yahoo.com','http://alexa.name','8313390695','48131372129964199560311655','823-884-4128',224),(226,'1818132944','Leffler LLC','317-436-2723','Bennett.Hilpert71@hotmail.com','http://earl.info','6313311936','22345281089566090432612821','686-003-7078',225),(227,'4784025321','Ritchie - Bednar','782-507-5982','Hailey_Konopelski64@hotmail.com','http://baby.biz','5261528588','56363756199029606867264632','274-412-6337',226),(228,'7402572394','Hudson Group','043-819-6634','Eliza.Bogan@yahoo.com','https://dedrick.com','5290112468','41446948732983270459258047','056-498-4281',227),(229,'4365580524','Dibbert - Jones','809-517-2802','Serenity.Abshire@yahoo.com','https://bertha.biz','1141830897','67887417239695904383806091','220-864-2331',228),(230,'5749642617','Runolfsson Group','713-170-3081','Clifton34@hotmail.com','http://carrie.org','7813840568','42579320610965004792460657','399-661-5399',229),(231,'0634524408','Volkman and Sons','269-097-4636','Anderson_Stanton@yahoo.com','http://clifford.org','1100167164','74681555045591817079167496','690-035-0584',230),(232,'1066628983','Kuhlman - Rohan','565-127-9998','Keely.Grant79@gmail.com','http://sanford.net','9989676036','16778895970962615831822621','442-347-4654',231),(233,'3066778688','Schmeler Group','653-875-2532','Filomena_Wiza66@gmail.com','https://mavis.biz','4059032100','20210644756998327067551762','505-530-7880',232),(234,'3764303622','Nienow - Labadie','057-904-7054','Pinkie.Hilll@yahoo.com','http://lavinia.biz','7149325557','39454470657678058988896998','188-814-2781',233),(235,'4218051938','Marks Group','950-411-0006','Zion66@hotmail.com','http://nyasia.com','2299933633','53431267460450363248201688','380-383-8952',234),(236,'4229579753','Nicolas - Weber','375-783-3357','Graciela39@gmail.com','http://claudia.biz','3324837959','11649513502743933574444329','067-877-8881',235),(237,'1217847279','Nader - Yost','531-441-5435','Roxane66@hotmail.com','http://anjali.org','9755867643','39415484215301890275778517','449-085-8836',236),(238,'2682978463','Haley Group','001-722-3398','Imani_Weber98@hotmail.com','https://ressie.net','1932880615','79930740797012515486731359','206-401-1761',237),(239,'2348849282','Franecki, Rempel and Heathcote','798-372-0242','Jaydon20@yahoo.com','https://earlene.net','5071912879','86137006198392451014520884','406-439-7073',238),(240,'5862398207','Wiza and Sons','616-080-7607','Paul_Schaden@hotmail.com','http://elaina.net','8825787946','86602547989350100357627667','675-880-6675',239),(241,'3147867337','Cronin, Medhurst and Gerlach','772-648-7073','Kaitlyn19@hotmail.com','http://elouise.com','2652710393','76795683866808980213783032','173-425-3651',240),(242,'2248162883','Rippin and Sons','041-707-7255','Carlos_Carroll@gmail.com','http://velva.info','5396409328','58967707416722000265253459','468-834-9984',241),(243,'8705276660','Lubowitz, Mohr and Halvorson','585-234-1622','King_Heaney@gmail.com','http://raegan.info','8929430276','72137681179292215933341005','310-866-4864',242),(244,'6220979530','Schuster, Considine and Kub','253-216-6610','Hayley83@yahoo.com','http://woodrow.info','4760263676','90254899311806781355574311','165-308-7945',243),(245,'7648491778','Lynch - Muller','444-649-8179','Hettie.Rogahn@hotmail.com','http://jacinthe.org','6664079975','66529431253057499199325739','267-746-6124',244),(246,'7261345116','Bins - Koss','053-640-8432','Otto_Trantow29@hotmail.com','https://shanny.com','6656475633','39206792561113870363747674','346-693-9834',245),(247,'5362750654','Monahan, Swaniawski and Waters','603-948-0968','Avis_Hermiston@gmail.com','http://sven.com','6840751935','30112049393142364772143223','838-157-2100',246),(248,'1255477621','Cartwright - Schimmel','076-503-7065','Dana.Conn@gmail.com','http://jessie.name','9410461708','36884156917381940920675716','549-554-7049',247),(249,'5751209653','Breitenberg and Sons','835-663-9161','Dora_Langworth@gmail.com','https://palma.info','3422698697','66505275634872817855132480','280-907-8186',248),(250,'5154838484','Barton, Balistreri and Bahringer','029-420-9932','Delaney_Bergstrom@gmail.com','https://zoe.com','8065547268','33291866666530642804736720','328-236-5543',249),(251,'7989449092','Gusikowski, Kuhic and Funk','222-396-1855','Mathias_Ziemann@hotmail.com','http://joana.info','5272960085','75731904435290644388367537','329-407-9878',250),(252,'4364322607','Harris, Morissette and Hane','770-420-9943','Sidney48@yahoo.com','http://johnathon.info','0397496851','02928927902303217689006909','830-385-8987',251),(253,'0044761567','Fahey Group','796-913-1937','Coralie87@gmail.com','http://oleta.name','5303482216','17613726398898300995961927','747-776-1482',252),(254,'2361616948','Wunsch and Sons','948-188-5699','Peter_Roberts12@yahoo.com','http://agustina.org','5578246498','07023714875478628618912381','868-612-1590',253),(255,'2547554787','Tromp - Connelly','452-566-8174','Ubaldo36@yahoo.com','https://ozella.biz','2400865150','67035361331919827153748643','864-974-3932',254),(256,'3367826750','Kub LLC','127-677-4881','Isaias_Yost41@gmail.com','https://ted.net','9179340900','34638345347944595844142521','959-203-4445',255),(257,'6477085413','Smitham and Sons','144-396-2568','Lydia.Rohan@yahoo.com','https://trace.biz','2657693815','68463235089976547808601619','370-528-6531',256),(258,'4053729959','Runolfsson - Paucek','679-869-4720','Amari79@gmail.com','https://vernie.org','2521431573','97917375549057122345816477','133-305-1117',257),(259,'6656250817','Reichel, Osinski and Ankunding','263-888-6627','Effie63@yahoo.com','https://cassandre.info','4293106274','76359051521892378949979195','192-290-9073',258),(260,'0909808453','Shields, Koch and Schneider','110-621-2749','Julie9@gmail.com','https://brandi.com','1630491652','96021815468625066376326752','153-266-0005',259),(261,'2498432132','Romaguera, Veum and Rath','714-959-5094','Sofia31@hotmail.com','http://makenzie.info','1131788286','81251127008545991600730665','983-819-9497',260),(262,'9850875036','Harris - Leannon','406-894-8972','Margret21@yahoo.com','http://freeman.info','6685177944','83058554350491002552175905','991-502-8529',261),(263,'8910545970','Lesch, Buckridge and Conn','848-902-5177','Nicholas61@yahoo.com','http://haylie.com','9182790676','17391893905277837797123282','629-066-2235',262),(264,'8184493672','Abernathy - Jacobi','857-001-4493','Nikita18@yahoo.com','https://franco.net','3156157588','89757273174484901890491725','569-042-6092',263),(265,'6233474136','Osinski - Cruickshank','645-439-5026','Myron60@gmail.com','https://leo.net','0000288459','80701239888622817274871355','259-014-6164',264),(266,'9349879129','Jaskolski, Langworth and Flatley','052-542-6784','Gaylord21@hotmail.com','https://providenci.com','5780369977','42982079665837639839456645','420-574-4893',265),(267,'6069409548','Donnelly - Senger','683-584-9370','Christiana.VonRueden81@hotmail.com','https://eliane.org','9426636798','24070975584070469709365245','235-210-9759',266),(268,'6967082037','Simonis, Hettinger and Metz','007-218-1745','Estefania_Schmidt22@gmail.com','http://liliana.com','3729508778','16455494681429744593297460','079-121-8390',267),(270,'5818124173','Metz, Leannon and Mueller','475-945-8955','Enrico_Collier12@hotmail.com','http://vidal.com','1587733854','66337302809486246093358675','010-793-5131',268),(271,'5977573955','Nikolaus - Ernser','438-945-0634','Kale_Fisher32@yahoo.com','http://oren.net','9541472825','97091998157332986789176706','301-415-0271',269),(272,'8685072917','Nikolaus Group','682-184-0803','Joaquin.Gutmann86@hotmail.com','https://raul.info','2617421916','39866333580960900248897843','472-940-5036',270),(273,'9178700839','Deckow LLC','201-130-5475','Reyna.Lynch17@yahoo.com','https://jessie.info','3452002120','75251306866309593190477631','234-581-1897',271),(275,'8239087243','Lebsack, Ebert and Luettgen','502-752-2901','Cara_Von46@hotmail.com','https://afton.info','6751912204','79701527526322558156502266','279-108-7557',272),(276,'8826046318','Mraz - Mertz','769-853-3648','Terrell40@hotmail.com','http://americo.org','8462477709','42206749903403437077265767','254-248-7134',273),(277,'1193093238','Kemmer, Armstrong and Lesch','863-858-2258','Karlee.Greenholt90@hotmail.com','http://leone.org','7619799702','61088214189309054186058955','273-318-1979',274),(278,'7286466947','Kuhlman, Collins and Boehm','826-493-1299','Chauncey93@hotmail.com','https://ola.name','8203783112','10186242239191276137794477','698-859-4411',275),(279,'5107343696','Price - Hand','652-199-5853','Odie68@yahoo.com','https://cornelius.org','5175884007','44991466185939383698909231','493-470-4074',276),(280,'5310904092','Stoltenberg - Lockman','195-033-9489','Clifton.Grant9@gmail.com','http://victor.info','3308034621','82526810277126692404484994','113-428-8725',277),(281,'4463852028','Pfeffer, Goyette and Streich','286-390-3549','Mortimer7@gmail.com','http://rosina.com','5683859335','74543293028395455820387808','006-100-9846',278),(282,'1345808897','Haley, Cassin and Rath','976-698-9115','Roslyn79@yahoo.com','http://amely.biz','6566481092','44291522395899162242377531','539-361-0647',279),(283,'2590345892','Harvey, Zulauf and Cummings','048-263-6477','Berenice51@gmail.com','http://delilah.biz','0066966533','36667069871551940704783106','073-639-5918',280),(284,'2463446793','Treutel - Baumbach','515-440-7016','Nasir74@gmail.com','https://werner.com','6163520278','02860617817911102635844374','751-237-6226',281),(285,'9877249639','Larson - Botsford','843-876-9413','Aubree.Reynolds@hotmail.com','http://herminia.net','7546119950','15036090797374884351304409','064-758-9306',282),(286,'9456655083','Hackett LLC','471-355-2995','General_Walter71@hotmail.com','https://theodora.biz','2842013122','57899369598726333734010764','458-791-4401',283),(287,'4888591604','McCullough Inc','443-778-5405','Amie24@gmail.com','http://daphne.biz','0918043531','81716904756648342037979098','873-306-0846',284),(288,'6015285245','Rosenbaum LLC','432-140-1404','Jerod.Green@hotmail.com','http://antonio.org','6184797673','99794681214418705550439526','329-726-7710',285),(289,'4786598194','Tromp - Emard','086-689-1917','Ayana_Walker47@gmail.com','http://johann.info','8189932173','13101322459053617092698389','370-146-5847',286),(290,'7500460693','Wintheiser, Weissnat and Raynor','208-443-7383','Markus0@yahoo.com','https://jett.org','4803583598','35622560477938640858131107','941-995-9236',287),(291,'4365930319','Cremin LLC','489-903-5246','Hardy62@yahoo.com','https://yasmin.org','3264993118','87607954176792534802176187','127-168-9861',288),(292,'9922068506','Rippin, Koch and Cummerata','979-704-7202','Demarco.Boehm13@yahoo.com','https://cameron.org','4590475159','83320448057059805448627332','139-740-8363',289),(293,'1517601081','Veum Inc','301-810-5343','Garth_McCullough93@gmail.com','http://tamia.info','7329380782','74293381971025167400830930','745-984-5246',290),(294,'0241622317','Strosin, Gutmann and Swaniawski','035-999-6206','Chandler_Green7@yahoo.com','https://elton.info','9531839657','68620921632108192113267528','762-038-8563',291),(295,'6033337962','Durgan and Sons','123-963-6437','Alysson.Lang@yahoo.com','https://jacquelyn.net','2869581915','92858864440525339629688729','284-828-4524',292),(296,'7896786041','Farrell, Walker and Gibson','774-263-8937','Nigel58@hotmail.com','http://ernesto.name','9226549091','31514576276292882418338414','551-044-2417',293),(297,'8549837147','Lebsack, Funk and Lang','243-648-9576','Stephan.Davis64@hotmail.com','https://wilber.name','2573644715','71668160254342126702110916','900-550-7137',294),(298,'6690493755','Feest, McClure and Price','391-461-2721','Gretchen.Feil@hotmail.com','http://craig.name','8655128135','65323751758490465977283604','535-093-9793',295),(299,'0314626189','Lebsack - Abbott','039-627-5541','Bud_Yost@hotmail.com','https://claude.biz','5678604764','59184406634244178344473955','087-972-3127',296),(300,'1543970124','Larkin Inc','614-958-2608','Carroll_Shields@hotmail.com','https://lew.name','4983035041','65897516969657954670836790','135-315-2527',297),(301,'4448405658','Kreiger, Klein and Nitzsche','026-490-8915','Lois_Prohaska@gmail.com','https://jacquelyn.name','8338737547','12274464409458191606635341','826-561-1625',298),(302,'1180902667','Farrell - Wiza','080-286-0365','Sheridan22@hotmail.com','http://dolores.net','5085021172','67137283668580334511040177','313-920-5000',299),(303,'6949915709','Considine Group','196-568-8059','Torrey_Kutch@gmail.com','https://bradford.biz','5880698636','88353960941260992457345966','231-822-9834',300);
/*!40000 ALTER TABLE `Kontrahenci` ENABLE KEYS */;
UNLOCK TABLES;

--
-- Table structure for table `ListPrzewozowy`
--

DROP TABLE IF EXISTS `ListPrzewozowy`;
/*!40101 SET @saved_cs_client     = @@character_set_client */;
/*!40101 SET character_set_client = utf8 */;
CREATE TABLE `ListPrzewozowy` (
  `idListPrzewozowy` int(11) NOT NULL AUTO_INCREMENT,
  `imieKierowcy` varchar(45) NOT NULL,
  `nazwiskoKierowcy` varchar(60) NOT NULL,
  `uwagiPrzewoznika` varchar(255) DEFAULT NULL,
  `zastrzezeniaOdbiorcy` varchar(255) DEFAULT NULL,
  `eDokument` mediumtext NOT NULL COMMENT 'urle do podpisow/pieczatek',
  `przesylkaIdPrzesylka` int(11) NOT NULL,
  PRIMARY KEY (`idListPrzewozowy`),
  UNIQUE KEY `idListPrzewozowy_UNIQUE` (`idListPrzewozowy`),
  KEY `fk_list_przewozowy_przesylka1_idx` (`przesylkaIdPrzesylka`),
  CONSTRAINT `fk_list_przewozowy_przesylka1` FOREIGN KEY (`przesylkaIdPrzesylka`) REFERENCES `Przesylka` (`idPrzesylka`) ON DELETE CASCADE ON UPDATE CASCADE
) ENGINE=InnoDB AUTO_INCREMENT=300 DEFAULT CHARSET=utf8;
/*!40101 SET character_set_client = @saved_cs_client */;

--
-- Dumping data for table `ListPrzewozowy`
--

LOCK TABLES `ListPrzewozowy` WRITE;
/*!40000 ALTER TABLE `ListPrzewozowy` DISABLE KEYS */;
INSERT INTO `ListPrzewozowy` VALUES (1,'Sasha','Koss','ivory extensible Beauty','Gorgeous Rubber Shoes syndicate matrix Direct Response',_binary 'web/src/synergies',1),(2,'Eileen','Dibbert','Computers Cambodia Brand','payment override Personal Loan Account Jewelery Path',_binary 'web/src/bypass',2),(3,'Jevon','Abbott','Generic Cotton Sausages JSON generating','invoice bypassing Soap online cyan',_binary 'web/src/Berkshire',3),(4,'Duncan','Thiel','Product bypass reboot','Auto Loan Account alarm Avon circuit Games',_binary 'web/src/Sleek',4),(5,'Mohamed','Little','Mississippi Checking Account niches','Bond Markets Units European Composite Unit (EURCO) parsing feed Illinois Rubber',_binary 'web/src/envisioneer',5),(6,'Rodger','Russel','synthesize infrastructures pixel','Integrated Enterprise-wide lavender Sports Awesome',_binary 'web/src/Program',6),(7,'Billie','Waters','infrastructures Soft Fish','complexity AI TCP compress European Monetary Unit (E.M.U.-6)',_binary 'web/src/Dynamic',7),(8,'Howard','Connelly','Movies empower Quality-focused','withdrawal Checking Account Sleek Concrete Shoes Fresh ADP',_binary 'web/src/override',9),(9,'Gennaro','Runolfsdottir','payment red Human','Facilitator Rubber hacking Inlet non-volatile',_binary 'web/src/Tokelau',10),(10,'Rowena','Keebler','New Mexico Triple-buffered port','complexity complexity compelling Cambridgeshire Consultant',_binary 'web/src/program',11),(11,'Lambert','Jerde','Architect Intelligent incubate','Unbranded Soft Shirt hacking robust e-enable auxiliary',_binary 'web/src/Flat',12),(12,'Odie','Block','olive installation convergence','Awesome Usability backing up Saint Barthelemy Metical',_binary 'web/src/digital',13),(13,'Herminia','Russel','Cambridgeshire reboot Dynamic','open architecture architectures Visionary system engine Pitcairn Islands',_binary 'web/src/matrix',14),(14,'Carlotta','Stokes','cyan Markets Auto Loan Account','Car transform zero defect Rustic streamline',_binary 'web/src/Communications',15),(15,'Lynn','Bartell','neural Implemented Car','Incredible Steel Gloves SQL Minnesota Product Markets',_binary 'web/src/discrete',16),(16,'Brianne','Fritsch','Soft Wooden open-source','Plastic Road Savings Account Table Michigan',_binary 'web/src/primary',17),(17,'Keeley','Watsica','Berkshire Product Fall','Savings Account adapter Cambridgeshire web-readiness Prairie',_binary 'web/src/Research',18),(18,'Emiliano','Volkman','Australia Compatible regional','Bahraini Dinar systems payment static Programmable',_binary 'web/src/architect',19),(19,'Eleonore','Kshlerin','deposit Checking Account overriding','deposit Checking Account Hat driver generate',_binary 'web/src/Gorgeous Granite Chicken',20),(20,'Shawn','Nolan','repurpose synthesize Clothing','Chair Planner matrices ivory quantify',_binary 'web/src/transmitter',21),(21,'Meda','Beatty','Customer bypassing product','California Incredible Soft Car Credit Card Account Squares Metrics',_binary 'web/src/extend',22),(22,'Rocio','Welch','Right-sized Loop index','Handmade Electronics Solomon Islands Dollar utilize tan',_binary 'web/src/5th generation',23),(23,'Melvin','Purdy','Group Kids Texas','brand Handmade adapter ADP drive',_binary 'web/src/Fresh',24),(24,'Keshawn','Koch','Investment Account Cambridgeshire Customer','input e-services Movies payment transparent',_binary 'web/src/Pound Sterling',25),(25,'Lue','Boyle','recontextualize transmit Credit Card Account','Utah virtual tan GB Circle',_binary 'web/src/Movies',26),(26,'Olin','Bogisich','Jamaica orchid panel','Guinea Franc Bike red Compatible Mountain',_binary 'web/src/Kip',27),(27,'Ryley','Treutel','Orchestrator Health bypassing','Dominican Peso Interactions back up Director calculate',_binary 'web/src/Re-engineered',28),(28,'Xzavier','Blanda','Administrator leverage Norwegian Krone','blue synthesizing Wisconsin Ford Chicken',_binary 'web/src/Borders',29),(29,'Casimir','Cruickshank','matrix Indiana sexy','niches Tuvalu Checking Account Licensed Concrete Sausages e-markets',_binary 'web/src/Buckinghamshire',30),(30,'Libby','Hauck','Rustic Wooden Bacon Hawaii Intelligent Fresh Sausages','Station Corporate override wireless Awesome',_binary 'web/src/Regional',31),(31,'Elroy','Ortiz','Pre-emptive grow Bike','Future quantify Horizontal COM Analyst',_binary 'web/src/deposit',32),(32,'Orpha','Wiza','Investment Account matrix Uzbekistan','Home Loan Account Buckinghamshire turquoise Kids synthesize',_binary 'web/src/Outdoors',33),(33,'Cathryn','Becker','infrastructures connect bypassing','Indiana Technician Fantastic Steel Tuna PCI paradigms',_binary 'web/src/Borders',34),(34,'Enrico','Hane','Usability connecting Squares','Plastic Expanded maximized Concrete homogeneous',_binary 'web/src/Glens',35),(35,'Osborne','Goldner','Savings Account synergize Handmade','SMS User-centric multimedia Books IB',_binary 'web/src/Pizza',36),(36,'Tina','Hudson','digital Brunei Dollar invoice','out-of-the-box wireless Tools Ergonomic haptic',_binary 'web/src/Wooden',37),(37,'Tommie','Rempel','Credit Card Account Tools deposit','deliverables USB Berkshire capacitor niches',_binary 'web/src/Quality',38),(38,'Johann','Bashirian','connect compress Forge','interface Intelligent feed human-resource plum',_binary 'web/src/holistic',39),(39,'Gerald','Cronin','Function-based matrices Plastic','Alaska Savings Account cross-media Montana Tools',_binary 'web/src/Awesome Fresh Chair',40),(40,'Raina','Glover','Chicken International Assurance','reboot strategize Squares methodical virtual',_binary 'web/src/Kids',41),(41,'Cassie','Lockman','orchestrate Regional demand-driven','synthesizing software fault-tolerant Home Loan Account Awesome',_binary 'web/src/Gloves',42),(42,'Florence','Bogisich','Rial Omani Handmade fault-tolerant','convergence deposit capacitor Bike Ergonomic',_binary 'web/src/Tuvalu',43),(43,'Ruthie','Raynor','turn-key Chair architectures','payment Republic of Korea azure Concrete integrated',_binary 'web/src/functionalities',44),(44,'Kassandra','Berge','Personal Loan Account matrix Multi-tiered','Practical Multi-lateral Program Cambridgeshire Awesome Rubber Table',_binary 'web/src/Industrial',45),(45,'Juvenal','Dibbert','Chile Credit Card Account THX','forecast Granite portals bluetooth Tasty Concrete Tuna',_binary 'web/src/content-based',46),(46,'Fletcher','Bode','Unbranded Heights invoice','Hat Nuevo Sol deliverables Shoes Lead',_binary 'web/src/Chicken',47),(47,'Kennedi','Orn','robust bypassing secondary','Fantastic Hong Kong Dollar Kenyan Shilling virtual Zloty',_binary 'web/src/expedite',48),(48,'Mariana','Raynor','Functionality Albania analyzer','Usability Chair SQL bluetooth Savings Account',_binary 'web/src/synergistic',49),(49,'Vladimir','Lueilwitz','navigating Auto Loan Account Clothing','Practical violet Consultant transmitter User-centric',_binary 'web/src/e-tailers',50),(50,'Cody','Rogahn','Soft secured line matrix','generate utilize Markets system engine Soft',_binary 'web/src/Wooden',51),(51,'Rachelle','Kunde','array India connect','Unbranded full-range Belize Practical Wooden Cheese Borders',_binary 'web/src/Quality',52),(52,'Parker','Kiehn','repurpose Lebanese Pound real-time','holistic tan backing up primary Handcrafted',_binary 'web/src/dedicated',53),(53,'Earnestine','Dare','compress matrix Row','Cambridgeshire Industrial generate Buckinghamshire Buckinghamshire',_binary 'web/src/capacitor',54),(54,'Aurore','Hyatt','Nebraska encoding Handcrafted','SQL transform sensor Kids Wyoming',_binary 'web/src/CSS',55),(55,'Lisa','Fadel','Credit Card Account Saudi Arabia PCI','Palladium plum primary District Ergonomic Rubber Salad',_binary 'web/src/Equatorial Guinea',56),(56,'Aaliyah','Champlin','quantifying Lesotho clear-thinking','one-to-one Falkland Islands (Malvinas) Rufiyaa Credit Card Account Auto Loan Account',_binary 'web/src/Books',57),(57,'Sydney','Kirlin','Investment Account Reverse-engineered Senior','Practical Berkshire Berkshire purple Borders',_binary 'web/src/Digitized',58),(58,'Brain','Wyman','User-friendly bypassing Ports','Berkshire teal virtual Fantastic B2B',_binary 'web/src/alliance',59),(59,'Dorian','Kozey','grey 24/7 Orchestrator','optical synthesize Ramp Chips Enterprise-wide',_binary 'web/src/Refined Plastic Towels',60),(60,'Cecile','Stamm','sensor Texas Associate','orange California Versatile Iowa unleash',_binary 'web/src/Assistant',61),(61,'Carolina','Ankunding','Optional connecting Games','Incredible Wooden payment channels Future',_binary 'web/src/back up',62),(62,'Joannie','Sipes','schemas Awesome Frozen Soap virtual','Rubber Concrete Bypass architect transform',_binary 'web/src/Path',63),(63,'Carson','Farrell','teal HTTP Latvia','mobile paradigms deposit implementation hardware',_binary 'web/src/SAS',64),(64,'Markus','Dare','Dynamic bifurcated technologies','Money Market Account Enhanced holistic payment Director',_binary 'web/src/Vermont',65),(65,'Emmanuel','Corkery','open-source withdrawal Accounts','Associate bus New Mexico Fresh compressing',_binary 'web/src/card',66),(66,'Judson','Stamm','monitoring Mississippi Checking Account','calculate initiatives Sleek Plastic Cheese invoice compress',_binary 'web/src/Rapids',67),(67,'Santina','Wisozk','Auto Loan Account monitor Creative','Ergonomic Frozen Computer Practical visualize Metal RSS',_binary 'web/src/Security',68),(68,'Jace','Murazik','3rd generation Metal Plastic','microchip Wooden SCSI virtual Legacy',_binary 'web/src/Internal',69),(69,'Mallory','Macejkovic','Maine back-end quantify','Greens Bahamian Dollar Forks compress Soft',_binary 'web/src/SCSI',70),(70,'Cristina','Schroeder','Metal Investment Account open-source','Alabama invoice Horizontal Synergized synergize',_binary 'web/src/fuchsia',71),(71,'Graciela','Collier','infomediaries Infrastructure olive','productize hybrid Locks Operations red',_binary 'web/src/white',72),(72,'Karina','Collier','Incredible Rubber Bacon networks wireless','SMTP synergistic Dynamic Paradigm synthesize',_binary 'web/src/quantifying',73),(73,'Hanna','Fritsch','actuating Fish withdrawal','SCSI Syrian Pound neural e-services matrix',_binary 'web/src/Rhode Island',74),(74,'Vada','Lindgren','Kwacha Buckinghamshire Unbranded','Optimized Iraqi Dinar Florida dynamic Administrator',_binary 'web/src/synthesize',75),(75,'Haylee','Hudson','Faroe Islands Borders deposit','blue haptic SCSI Oregon Divide',_binary 'web/src/THX',76),(76,'Kaley','Metz','protocol infrastructures invoice','Buckinghamshire Books supply-chains payment deliverables',_binary 'web/src/wireless',77),(77,'Herman','Swaniawski','protocol HDD reboot','Shirt Investment Account Practical Crossing Shoes',_binary 'web/src/SCSI',78),(78,'Isabella','Stehr','silver Oklahoma Borders','Bypass Metal multi-state sexy Michigan',_binary 'web/src/capacitor',79),(79,'Amaya','Powlowski','Data driver Circle','Keyboard Buckinghamshire deposit Montana cross-platform',_binary 'web/src/Small',80),(80,'Amir','Hilll','Sleek Cotton Towels Credit Card Account transmitting','e-enable EXE SQL Track Credit Card Account',_binary 'web/src/Facilitator',81),(81,'Carolina','Schroeder','Dynamic synthesize online','Buckinghamshire Principal Nevada Chicken orchid',_binary 'web/src/Multi-tiered',82),(82,'Alicia','Mosciski','infrastructure innovative collaboration','West Virginia Norwegian Krone Identity EXE Assistant',_binary 'web/src/B2C',83),(83,'Ruth','Price','Montana calculating Zimbabwe Dollar','calculating Maryland Bolivia input cohesive',_binary 'web/src/visualize',84),(84,'Pattie','Bechtelar','digital content zero tolerance','Steel South Carolina South Dakota encompassing Concrete',_binary 'web/src/Berkshire',85),(85,'Destin','Kshlerin','Berkshire violet parse','deposit Planner interactive Slovakia (Slovak Republic) harness',_binary 'web/src/e-enable',86),(86,'Eveline','Frami','Bacon mobile transmit','value-added CSS Practical Steel Car Kids auxiliary',_binary 'web/src/synthesize',87),(87,'Frank','Jakubowski','Ergonomic GB Pants','Principal firewall generate Algeria Identity',_binary 'web/src/Liechtenstein',88),(88,'Era','Kozey','Tuna connecting Gorgeous','Open-source withdrawal Home Loan Account Soap Customer',_binary 'web/src/policy',89),(89,'Salvatore','Berge','Riel Assistant efficient','Rwanda Franc Ergonomic gold Internal Ergonomic',_binary 'web/src/Sudanese Pound',90),(90,'Kole','Olson','Ball connecting Licensed Fresh Keyboard','port Malaysian Ringgit Shirt Tennessee bleeding-edge',_binary 'web/src/Checking Account',91),(91,'Durward','Kunde','Focused JBOD pixel','facilitate payment GB parse infrastructures',_binary 'web/src/array',92),(92,'Blake','Langworth','Beauty zero defect monitor','withdrawal Total microchip bricks-and-clicks Indian Rupee Ngultrum',_binary 'web/src/Orchestrator',93),(93,'Raheem','Jacobs','killer Illinois Estates','transitional Associate Frozen Gorgeous Soft Gloves hub',_binary 'web/src/USB',94),(94,'Austen','Collier','lime tertiary Surinam Dollar','productize Face to face auxiliary Accountability neutral',_binary 'web/src/utilisation',95),(95,'Albin','Cassin','Plain Arkansas neural','deliverables pixel Azerbaijan Philippines Surinam Dollar',_binary 'web/src/Berkshire',96),(96,'Joany','Reinger','Wyoming Electronics salmon','SQL back-end Secured grow Technician',_binary 'web/src/Handcrafted Fresh Pants',97),(97,'Antonietta','Powlowski','Legacy ubiquitous XSS','Home Loan Account Investment Account architect functionalities content',_binary 'web/src/connecting',98),(98,'Johnny','Schaefer','multi-byte core panel','Solutions Solutions Awesome e-enable Fresh',_binary 'web/src/Administrator',99),(99,'Madonna','Wintheiser','Jewelery Human Central','Borders deliverables Specialist AI Bedfordshire',_binary 'web/src/technologies',100),(100,'Freida','DuBuque','Nicaragua stable Bermudian Dollar (customarily known as Bermuda Dollar)','Home Loan Account scale transparent application grey',_binary 'web/src/deposit',101),(101,'Kariane','Pagac','Buckinghamshire Universal secured line','Tajikistan overriding optical groupware static',_binary 'web/src/Officer',102),(102,'Rosalyn','Wyman','Chief Personal Loan Account plum','Intelligent mesh alarm Money Market Account Internal',_binary 'web/src/Small',103),(103,'Lonny','Schinner','reboot synergy deposit','Licensed Granite Gloves Incredible Soft Pants tan port Jordanian Dinar',_binary 'web/src/Light',104),(104,'Raleigh','Wiegand','Platinum Creek green','Internal Wooden Global array Orchestrator',_binary 'web/src/Lesotho',105),(105,'Adam','Mayer','XML eco-centric Canadian Dollar','CFA Franc BCEAO Borders California Fantastic Steel Gloves Home Loan Account',_binary 'web/src/input',106),(106,'Jennyfer','Hoeger','model Texas Assistant','demand-driven Djibouti card Practical open-source',_binary 'web/src/cyan',107),(107,'Colin','MacGyver','Factors bluetooth Fantastic Soft Tuna','24/7 Metal Personal Loan Account knowledge user Tasty Frozen Ball',_binary 'web/src/Designer',108),(108,'Lela','Huels','Oregon TCP Profit-focused','Tuvalu New Zealand Dollar Frozen deposit Qatar',_binary 'web/src/Security',109),(109,'Nicolas','Howe','process improvement firewall SCSI','Walk Nevada Australian Dollar Shirt Borders',_binary 'web/src/Stand-alone',110),(110,'Imelda','Jast','Berkshire bluetooth Gloves','COM digital Tasty upward-trending migration',_binary 'web/src/experiences',111),(111,'Arlie','MacGyver','Guernsey applications Borders','Engineer Orchestrator Designer turquoise groupware',_binary 'web/src/networks',112),(112,'Orrin','Bailey','Colombian Peso Unidad de Valor Real Frozen RSS','monitor index Right-sized Outdoors Gorgeous Metal Sausages',_binary 'web/src/Villages',113),(113,'Quinton','Leffler','optical Kwacha initiatives','Business-focused Electronics Electronics Granite Program',_binary 'web/src/Steel',114),(114,'Amara','Sanford','Implemented Kwanza Enterprise-wide','Generic program Investment Account Concrete open-source',_binary 'web/src/e-tailers',115),(115,'Doris','Upton','convergence Rand portal','Branding capacitor Consultant Savings Account access',_binary 'web/src/Rubber',116),(116,'Ricardo','VonRueden','AGP EXE Table','content-based Keyboard Associate wireless Yemen',_binary 'web/src/reboot',117),(117,'Amie','Greenfelder','Personal Loan Account Infrastructure violet','XSS Practical Manager turn-key superstructure',_binary 'web/src/6th generation',118),(118,'Haley','Greenholt','olive bypassing Tools','Digitized Canadian Dollar Designer Facilitator functionalities',_binary 'web/src/Accountability',119),(119,'Marjolaine','Hoeger','Agent Pound Sterling Cyprus','Sports Granite pink Islands Electronics',_binary 'web/src/Table',120),(120,'Hettie','McKenzie','Re-engineered Shirt quantifying','input cultivate deposit digital Administrator',_binary 'web/src/Spurs',121),(121,'Kiley','Lynch','feed generate client-server','USB pixel enterprise deposit zero administration',_binary 'web/src/Borders',122),(122,'Trever','Witting','Practical Virgin Islands, British Leone','Buckinghamshire Developer Tuna Savings Account Convertible Marks',_binary 'web/src/Handmade Steel Car',123),(123,'Tom','Aufderhar','Senior value-added Center','innovative monitoring enable open system secured line',_binary 'web/src/Borders',124),(124,'Elijah','Schaden','maroon Savings Account impactful','multi-state quantify lime navigating Granite',_binary 'web/src/PNG',125),(125,'Emiliano','Hudson','withdrawal Terrace Locks','action-items back up strategize generating encompassing',_binary 'web/src/Chicken',126),(126,'Albina','Wunsch','Singapore Dollar European Unit of Account 9(E.U.A.-9) Outdoors','optical multi-state Gambia withdrawal streamline',_binary 'web/src/overriding',127),(127,'Immanuel','Kub','Forward Steel Isle of Man','compress Borders port Credit Card Account bandwidth',_binary 'web/src/quantify',128),(128,'Zella','Abernathy','Developer Fantastic invoice','sensor Gateway copy Strategist Marketing',_binary 'web/src/firewall',129),(129,'Keagan','Kerluke','Chicken reboot Horizontal','attitude Fiji Dollar Supervisor value-added Investment Account',_binary 'web/src/Infrastructure',130),(130,'Garrett','Kreiger','Applications Internal XML','Decentralized orchestrate rich Chicken Towels',_binary 'web/src/XSS',131),(131,'Hattie','Roberts','Wells National Moldova','Buckinghamshire zero tolerance Fresh Assistant Computer',_binary 'web/src/Investment Account',132),(132,'Lourdes','Hodkiewicz','Games Assistant card','Licensed indexing efficient Direct Home',_binary 'web/src/e-commerce',133),(133,'Ronny','Herman','Credit Card Account portals Missouri','Small Small Egyptian Pound Bike Vision-oriented',_binary 'web/src/Officer',134),(134,'Myrl','Kassulke','Macedonia New Leu white','Lakes Branding Incredible Fresh Fish Fork Human',_binary 'web/src/asymmetric',135),(135,'Rozella','Bechtelar','Chile backing up monitor','Balanced Awesome Senior Frozen array',_binary 'web/src/1080p',136),(136,'Jerry','Pacocha','grey Solomon Islands Dollar withdrawal','seize Computer Auto Loan Account navigating silver',_binary 'web/src/Unbranded Fresh Tuna',137),(137,'Kaia','Rogahn','Concrete Networked Fantastic','virtual Incredible Minnesota Borders world-class',_binary 'web/src/Cambridgeshire',138),(138,'Marcelo','Gutmann','Avon panel Plastic','Borders Checking Account Coordinator mobile mint green',_binary 'web/src/challenge',139),(139,'Theodora','Russel','Credit Card Account Dynamic functionalities','frictionless solid state haptic Auto Loan Account Unbranded',_binary 'web/src/Borders',140),(140,'Theresa','Osinski','Facilitator schemas lavender','Bacon back up online Outdoors supply-chains',_binary 'web/src/synthesize',141),(141,'Broderick','Walsh','Tasty next-generation Assimilated','navigate XSS National Concrete Swaziland',_binary 'web/src/Implemented',142),(142,'Manuela','Torp','Alaska Cook Islands Fresh','Surinam Dollar Games transmitting Practical Cotton Bacon Auto Loan Account',_binary 'web/src/Customer',143),(143,'Ashleigh','Bradtke','sensor firewall Locks','Berkshire Forward Generic Frozen Pants Kyat Jewelery',_binary 'web/src/Plastic',144),(144,'Mandy','Morissette','Towels seize value-added','District navigate Unbranded Cotton Car Central Gloves',_binary 'web/src/end-to-end',145),(145,'Gayle','Boehm','Personal Loan Account indexing Assurance','cultivate optimize Practical Architect regional',_binary 'web/src/Arkansas',146),(146,'Dorris','Balistreri','Secured contingency Web','invoice pixel Chips calculate Hat',_binary 'web/src/Functionality',147),(147,'Carissa','Jenkins','SMTP Health maximize','South Dakota Infrastructure dot-com matrix Knoll',_binary 'web/src/Licensed',148),(148,'Annie','Mante','Mandatory Lilangeni Licensed','calculating Personal Loan Account Internal Chair Handcrafted',_binary 'web/src/Functionality',149),(149,'Aida','Schamberger','back up Handmade Licensed Fresh Shoes','database encompassing matrix Kazakhstan model',_binary 'web/src/Pizza',150),(150,'Orville','Hintz','pink program Pakistan','Savings Account Spurs user-facing Multi-lateral compressing',_binary 'web/src/structure',151),(151,'Adolph','Cronin','Computers cultivate Rubber','bypassing morph Factors Soap back up',_binary 'web/src/Generic Granite Computer',152),(152,'Ethan','Ziemann','scale web services Graphic Interface','Rwanda Franc generating Meadow SMTP productize',_binary 'web/src/ubiquitous',153),(153,'Aracely','D\'Amore','override withdrawal parsing','Handmade collaborative Accountability Multi-lateral evolve',_binary 'web/src/Web',154),(154,'Tobin','Schultz','Shoal RAM Designer','Designer Hawaii Investment Account Isle of Man bandwidth',_binary 'web/src/Fresh',155),(155,'Henderson','Bednar','Rustic Riel installation','Open-architected Borders Bedfordshire Montana Minnesota',_binary 'web/src/Investment Account',156),(156,'Golda','Halvorson','Strategist International background','Facilitator Handmade local area network panel Radial',_binary 'web/src/deposit',157),(157,'Lora','Hills','Beauty cross-platform scale','Outdoors functionalities human-resource Legacy Isle',_binary 'web/src/Berkshire',158),(158,'Barry','Wiza','Lead Rubber Venezuela','Health Canadian Dollar Handcrafted Plastic Cheese Florida ivory',_binary 'web/src/microchip',159),(159,'Waylon','Walker','Avon firewall Incredible Metal Chicken','integrated best-of-breed Avon COM Associate',_binary 'web/src/contextually-based',160),(160,'Mavis','Luettgen','orange Yen calculate','Shoes Diverse Down-sized transitional Solutions',_binary 'web/src/Wooden',161),(161,'Mustafa','Williamson','bricks-and-clicks Alabama Table','visualize sky blue Dynamic deliverables back-end',_binary 'web/src/platforms',162),(162,'Esteban','Sawayn','Louisiana Central hacking','migration Wyoming Integration synergistic primary',_binary 'web/src/intuitive',163),(163,'Gilberto','Jenkins','redundant Personal Loan Account Auto Loan Account','even-keeled turquoise Practical Steel Bike 24/7 Walk',_binary 'web/src/harness',164),(164,'Wilmer','Hirthe','Small Soft Bike Liaison Configuration','Future white systems Pass Idaho',_binary 'web/src/Auto Loan Account',165),(165,'Reuben','Marquardt','Buckinghamshire Books plug-and-play','Horizontal Falkland Islands Pound open architecture tangible Producer',_binary 'web/src/Division',166),(166,'Frida','Schmidt','SMS California vortals','Vermont Georgia Data Chair Spain',_binary 'web/src/uniform',167),(167,'Catalina','Ankunding','Brunei Dollar Money Market Account Technician','Investment Account open-source Auto Loan Account bandwidth indexing',_binary 'web/src/auxiliary',168),(168,'Taryn','Mraz','real-time Bike composite','Communications Unbranded Steel Tuna redundant application groupware',_binary 'web/src/Tokelau',169),(169,'Favian','Johns','XML support Granite','cyan one-to-one Brook Chair convergence',_binary 'web/src/Grocery',170),(170,'Lora','Kertzmann','Concrete Center Granite','Facilitator Florida Chicken calculating Health',_binary 'web/src/Qatari Rial',171),(171,'Remington','Russel','Outdoors deposit Auto Loan Account','blue Decentralized bandwidth Configuration capacity',_binary 'web/src/capacitor',172),(172,'Orpha','Schimmel','navigating EXE niches','strategy invoice Fish Ohio digital',_binary 'web/src/Prairie',173),(173,'Melisa','Keebler','matrix online Bacon','target Producer Swedish Krona virtual Re-contextualized',_binary 'web/src/rich',174),(174,'Jessika','Hintz','Designer enable Computers','Berkshire backing up Assurance cross-platform Personal Loan Account',_binary 'web/src/SQL',175),(175,'Reginald','Abernathy','benchmark online Canyon','Avon transmitter Program Curve Representative',_binary 'web/src/cyan',176),(176,'Kailyn','Von','maroon Books Assistant','generate Fresh payment Borders payment',_binary 'web/src/Pizza',177),(177,'Amaya','Hudson','Investor utilize system','Savings Account Reunion solutions Pants connecting',_binary 'web/src/background',178),(178,'Mekhi','Wiza','AGP Tactics bluetooth','Bacon payment Mauritius Rupee Executive Pennsylvania',_binary 'web/src/Internal',179),(179,'Delbert','Casper','Tasty solid state withdrawal','matrix Liechtenstein dynamic interface Handmade Wooden Gloves',_binary 'web/src/black',180),(180,'Onie','Stamm','ubiquitous program database','Villages Ghana green Stream Facilitator',_binary 'web/src/Ridge',181),(181,'Cortez','Wilderman','Sleek Checking Account Streets','Borders Mouse Ergonomic Plastic Shirt Intelligent Cotton Chair transmitting',_binary 'web/src/Fiji Dollar',182),(182,'Cleve','Prohaska','Optimized SSL Towels','Sleek Steel Keyboard redefine analyzer Steel Extension',_binary 'web/src/Car',183),(183,'Bettie','Kemmer','technologies New Hampshire Intelligent','Functionality Lek magenta Bedfordshire overriding',_binary 'web/src/didactic',184),(184,'Christopher','Dickinson','Home Loan Account Armenian Dram haptic','Salad orange Representative functionalities Intelligent',_binary 'web/src/tertiary',185),(185,'Grayce','Russel','Bermuda Lock Chips','bypass Rand Loti quantifying virtual Checking Account',_binary 'web/src/tan',186),(186,'Kaylah','Reilly','salmon collaboration bifurcated','Maine Beauty Tasty Berkshire Industrial',_binary 'web/src/purple',187),(187,'Myah','Kerluke','Personal Loan Account Business-focused Djibouti Franc','plum Soft pricing structure Honduras backing up',_binary 'web/src/Croatian Kuna',188),(188,'Danyka','Abshire','back-end SDD Investment Account','Director solution-oriented technologies digital interface',_binary 'web/src/Representative',189),(189,'Quinten','Walsh','transparent Division synergies','input haptic withdrawal Legacy Bedfordshire',_binary 'web/src/empowering',190),(190,'Amie','Hane','Towels synthesizing National','invoice Intelligent Tonga azure compress',_binary 'web/src/Lead',191),(191,'Michel','Macejkovic','Indian Rupee Cambridgeshire transmitter','fresh-thinking enhance Practical Steel Sausages Germany Rubber',_binary 'web/src/Awesome',192),(192,'Aubree','Abbott','Sports Illinois Buckinghamshire','Analyst lavender Junction Forward markets',_binary 'web/src/Computers',193),(193,'Loy','Wunsch','Latvia Stream Optimized','Avon Music encoding ADP Keyboard',_binary 'web/src/Washington',194),(194,'Donato','Carroll','Borders reciprocal integrate','Accountability turn-key Gorgeous orchid Singapore',_binary 'web/src/Response',195),(195,'Jessyca','Hoppe','Supervisor Towels Vermont','Factors Savings Account Chair cross-platform Oklahoma',_binary 'web/src/Handmade',196),(196,'Dee','O\'Connell','Auto Loan Account Unbranded Direct','Designer strategize Unbranded Djibouti Franc Hat',_binary 'web/src/revolutionize',197),(197,'Lizzie','Casper','productize strategy quantify','program override e-enable synergistic Lodge',_binary 'web/src/optimize',198),(198,'Marcella','Kirlin','Borders customized Nuevo Sol','Fully-configurable fuchsia port Forward copy',_binary 'web/src/Ouguiya',199),(199,'Kariane','Wolff','tan International override','sticky monitor Associate magenta secured line',_binary 'web/src/systematic',200),(200,'Laney','Zieme','Orchestrator Shoes Plastic','Vermont Factors Lebanese Pound Agent engineer',_binary 'web/src/Fords',201),(201,'Matilda','Jones','Shoes Books plum','Metal networks Regional Towels invoice',_binary 'web/src/Alabama',202),(202,'Dan','Kulas','Practical Cotton Fish Awesome Saint Martin','Engineer Balanced JSON Avon strategic',_binary 'web/src/FTP',203),(203,'Daryl','Terry','CFP Franc Supervisor payment','Islands Movies mission-critical intangible Direct',_binary 'web/src/coherent',204),(204,'Blanca','Anderson','Direct Avon protocol','Business-focused Refined Frozen Shirt open architecture Focused RAM',_binary 'web/src/Brand',205),(205,'Kurt','Dickens','Gourde US Dollar Future-proofed COM','redundant Intranet e-tailers multi-byte interface',_binary 'web/src/Coordinator',206),(206,'Martin','Pfeffer','Licensed Steel Table Manager 1080p','Forge withdrawal engage functionalities system',_binary 'web/src/Rustic Cotton Computer',207),(207,'Korey','Waters','open-source Assistant gold','enterprise Mills system Wooden Kids',_binary 'web/src/Sleek Metal Soap',208),(208,'Cydney','Leannon','Slovakia (Slovak Republic) Generic Steel Fish auxiliary','digital infrastructure online Music Fantastic Steel Bacon',_binary 'web/src/override',209),(209,'Susana','Luettgen','Clothing Small Plastic Tuna Auto Loan Account','withdrawal COM generate generate help-desk',_binary 'web/src/Global',210),(210,'Misty','Walker','Palladium Assurance COM','Wisconsin hacking Buckinghamshire salmon Washington',_binary 'web/src/Plastic',211),(211,'Della','Schroeder','yellow Assistant Money Market Account','Mountains Falls paradigm benchmark withdrawal',_binary 'web/src/invoice',212),(212,'Nakia','Marks','revolutionary Mobility Fields','Fantastic Frozen Chair withdrawal Kroon Security Brand',_binary 'web/src/Norwegian Krone',213),(213,'Alexie','Wintheiser','Anguilla Ball Turnpike','program Won web-enabled Arkansas Handcrafted',_binary 'web/src/SMTP',214),(214,'Brando','Wehner','streamline Gorgeous Concrete Mouse envisioneer','Supervisor initiative auxiliary CSS Health',_binary 'web/src/Auto Loan Account',215),(215,'Camron','Murray','Avon relationships encompassing','Towels Antarctica (the territory South of 60 deg S) Colorado withdrawal copying',_binary 'web/src/Solutions',216),(216,'Cathy','Mueller','District Berkshire De-engineered','mint green homogeneous port Car Czech Koruna',_binary 'web/src/navigating',217),(217,'Catalina','Kling','Organic Massachusetts policy','methodology Plastic Principal e-commerce index',_binary 'web/src/grow',218),(218,'Cleta','Schulist','withdrawal Investor e-commerce','feed Djibouti value-added Som metrics',_binary 'web/src/Auto Loan Account',219),(219,'Leland','Gusikowski','District Ergonomic Cotton Fish Islands','green Identity Global Auto Loan Account policy',_binary 'web/src/invoice',220),(220,'Jedediah','Stark','New Jersey mission-critical wireless','back up Horizontal functionalities overriding Vermont',_binary 'web/src/Money Market Account',221),(221,'Verlie','Koepp','hacking Interactions Applications','red capacity Architect Total extensible',_binary 'web/src/frictionless',222),(222,'Lillian','Mante','programming Taiwan Soft','Usability Advanced Ville Persevering Awesome Wooden Fish',_binary 'web/src/Architect',223),(223,'Tyra','West','content-based Credit Card Account Granite','Auto Loan Account Generic cross-platform Home Loan Account Legacy',_binary 'web/src/Assistant',224),(224,'Yasmin','Emmerich','circuit bandwidth SMS','optical Belgium Kids Wooden JBOD',_binary 'web/src/New York',225),(225,'Carlo','Swift','Bedfordshire ivory Niger','Motorway service-desk Shoal dot-com National',_binary 'web/src/open-source',226),(226,'Kirsten','Rogahn','Credit Card Account Parkway Orchestrator','Group Austria deposit Future Outdoors',_binary 'web/src/programming',227),(227,'Sheldon','Langworth','enable Grass-roots Officer','Designer mint green best-of-breed maximize index',_binary 'web/src/Handcrafted',228),(228,'Tyrel','Hayes','Handcrafted Fresh Shoes olive info-mediaries','Lesotho Reduced Creative Chilean Peso Unidades de fomento metrics',_binary 'web/src/Hat',229),(229,'Rosetta','Armstrong','black Silver Principal','partnerships Practical Frozen Shoes Cliffs streamline Books',_binary 'web/src/Cape',230),(230,'Maureen','Berge','De-engineered Internal Savings Account','GB Automotive Cotton Intelligent Metal Ball port',_binary 'web/src/Steel',231),(231,'Ignatius','Johnston','alliance Home coherent','Assistant strategize New Jersey backing up Assistant',_binary 'web/src/software',232),(232,'Janelle','VonRueden','Forint hacking digital','Incredible deposit Mission Lebanese Pound disintermediate',_binary 'web/src/transmitter',233),(233,'Janice','Kozey','5th generation Money Market Account Central','Guam vertical Steel Tasty Plastic',_binary 'web/src/calculate',234),(234,'Pierce','Hessel','South Carolina supply-chains Berkshire','Gorgeous Fresh Pants Argentina programming white USB',_binary 'web/src/Antarctica (the territory South of 60 deg S)',235),(235,'Murphy','Jakubowski','grey throughput Plastic','deposit Tennessee Seamless Hat Burundi',_binary 'web/src/quantify',236),(236,'Fausto','Dach','Forward Gloves heuristic','cultivate protocol hard drive Borders monitor',_binary 'web/src/Central',237),(237,'Kenneth','Marvin','Hat National Home Loan Account','Chicken Communications Nuevo Sol Agent Small Concrete Towels',_binary 'web/src/Incredible',238),(238,'Tommie','Armstrong','envisioneer Future feed','Checking Account Handmade Uzbekistan Brand Auto Loan Account',_binary 'web/src/Minnesota',239),(239,'Elaina','Trantow','Seychelles Rupee Practical Functionality','Assistant Tasty Concrete Salad District matrix New York',_binary 'web/src/Virgin Islands, British',240),(240,'Violette','Lindgren','Bedfordshire program Central','Books extranet Silver Wooden schemas',_binary 'web/src/invoice',241),(241,'Novella','Parker','functionalities Shoes metrics','back up copy Optimization Toys Credit Card Account',_binary 'web/src/RAM',242),(242,'Amely','Huel','ADP Investment Account Savings Account','deliver utilize maroon optical Chips',_binary 'web/src/Proactive',243),(243,'Leda','Rath','New Jersey maroon Lodge','hard drive Bike Proactive Investor reboot',_binary 'web/src/withdrawal',244),(244,'Brandy','Flatley','implementation bypassing Movies','Ball purple Chair overriding invoice',_binary 'web/src/instruction set',245),(245,'Heber','Nolan','Directives Soft quantify','Planner Creative Arkansas Music Handmade',_binary 'web/src/auxiliary',246),(246,'Justen','Kuphal','Generic Plastic Towels sensor calculate','Bedfordshire Fish transmitting optical Dalasi',_binary 'web/src/Enhanced',247),(247,'Maritza','Dach','East Caribbean Dollar Designer Burg','digital Credit Card Account Zimbabwe Dollar functionalities portal',_binary 'web/src/human-resource',248),(248,'Adeline','Homenick','next-generation Associate New Hampshire','Cayman Islands Dollar Chief Hryvnia Generic Money Market Account',_binary 'web/src/digital',249),(249,'Nico','Schmidt','Lead Brook Administrator','Handmade Small system engine 1080p tangible',_binary 'web/src/Dynamic',250),(250,'Brady','Hermann','Principal Practical Coordinator','open-source Tasty Cotton Towels Data Poland 5th generation',_binary 'web/src/e-business',251),(251,'Rylan','Halvorson','Codes specifically reserved for testing purposes synergistic THX','invoice stable Roads Specialist grey',_binary 'web/src/Pizza',252),(252,'Elenora','Powlowski','Engineer Metal Nevada','Associate Granite override mobile calculating',_binary 'web/src/Flats',253),(253,'Vladimir','Bartoletti','Sleek Frozen Gloves Meadows back up','calculating magenta Prairie indexing strategize',_binary 'web/src/District',254),(254,'Payton','Kshlerin','Car markets grow','system relationships content Fantastic Soft Sausages Borders',_binary 'web/src/primary',255),(255,'Elbert','Heidenreich','Iran Checking Account THX','auxiliary Center Cotton indexing multi-state',_binary 'web/src/Metal',256),(256,'Ana','Konopelski','Awesome Fresh Chicken projection Wooden','Gorgeous Analyst vertical Ergonomic Plastic Mouse Fantastic',_binary 'web/src/Awesome',257),(257,'Leo','Hammes','black structure value-added','withdrawal Clothing integrate Soap extensible',_binary 'web/src/content-based',258),(258,'Curtis','Lang','reinvent frictionless Persistent','Baby ivory infrastructures XSS infomediaries',_binary 'web/src/Research',259),(259,'Shanny','Towne','Cambridgeshire Benin Berkshire','back up auxiliary Money Market Account withdrawal Money Market Account',_binary 'web/src/Granite',260),(260,'Roslyn','O\'Kon','Cuba Paraguay end-to-end','Concrete target EXE Incredible open-source',_binary 'web/src/scalable',261),(261,'Birdie','Zieme','Station wireless Refined Rubber Fish','Grass-roots generate redundant Brand Small',_binary 'web/src/optimize',262),(262,'Myrtice','Smith','Mountains California Kids','Planner Frozen port Games Berkshire',_binary 'web/src/digital',263),(263,'Graciela','Schowalter','extend Car enterprise','SCSI dynamic encompassing input Handmade',_binary 'web/src/calculate',264),(264,'Jovani','Frami','Computers iterate open-source','copying Computer Chair Profit-focused Ball',_binary 'web/src/full-range',265),(265,'Isabelle','Leuschke','Beauty array Handcrafted','Maryland hub Metal bluetooth Chair',_binary 'web/src/Albania',266),(266,'Lucas','Wiza','Upgradable users quantifying','Human Car Plastic User-centric Montana',_binary 'web/src/Progressive',267),(267,'Coty','Greenfelder','Table Chief transition','solutions bus Industrial Factors Games',_binary 'web/src/Grocery',268),(268,'Cielo','Waelchi','collaboration one-to-one Horizontal','contextually-based Unbranded Wooden Shirt navigating Health invoice',_binary 'web/src/fault-tolerant',269),(269,'Stan','Schmidt','contingency Administrator 5th generation','Industrial evolve bricks-and-clicks copy applications',_binary 'web/src/Algeria',270),(270,'Cyrus','Glover','Plastic software Frozen','withdrawal Sleek Granite Salad Cross-platform experiences back up',_binary 'web/src/Berkshire',271),(271,'Charley','Klocko','Unbranded Inverse Denar','cross-platform Towels Investment Account 24/7 Graphic Interface',_binary 'web/src/conglomeration',272),(272,'Peter','Turcotte','bypassing Money Market Account Future','SSL Seamless communities Tasty Steel Sausages Accounts',_binary 'web/src/transmitting',273),(273,'Shayne','Buckridge','IB Handcrafted Cotton Fish reboot','best-of-breed expedite Solutions Azerbaijanian Manat Heights',_binary 'web/src/Cambridgeshire',274),(274,'Khalid','Marks','Rustic Hawaii neural','firewall Extended bandwidth-monitored Graphical User Interface generating',_binary 'web/src/port',275),(275,'Manuel','Russel','green Personal Loan Account Developer','vertical Principal zero administration Iowa syndicate',_binary 'web/src/Electronics',276),(276,'Cassandra','Langworth','Bedfordshire Handcrafted Granite Salad Won','extranet Idaho Somalia Canada Optimization',_binary 'web/src/relationships',277),(277,'Annette','Kling','Infrastructure Gorgeous extranet','green Cambridgeshire Direct Steel Fantastic',_binary 'web/src/calculating',278),(278,'Melisa','Morissette','Focused Rubber generating','Forward Granite Platinum Sports Delaware',_binary 'web/src/Money Market Account',279),(279,'Levi','Weimann','connect Investment Account lavender','e-business Research JSON Open-source Refined Cotton Tuna',_binary 'web/src/Shoes',280),(280,'Ignacio','Hintz','end-to-end Metal Practical','e-enable markets distributed cyan parse',_binary 'web/src/hub',281),(281,'Rosalinda','Schmeler','brand Money Market Account experiences','payment neural Kyat navigate Fresh',_binary 'web/src/bandwidth',282),(282,'Marcella','Zboncak','IB Walk New Hampshire','tan Home Loan Account Music Principal District',_binary 'web/src/Small',283),(283,'Cynthia','Windler','West Virginia Sweden XSS','real-time Reduced salmon Cambodia Future',_binary 'web/src/Tennessee',284),(284,'Alyson','Kris','Cotton Roads hacking','Research cross-platform program feed Congo',_binary 'web/src/withdrawal',285),(285,'Minnie','Hand','Dynamic Saint Pierre and Miquelon Representative','bluetooth Florida regional Generic parse',_binary 'web/src/Missouri',286),(286,'Miles','McGlynn','Grocery protocol Self-enabling','invoice FTP redundant Officer e-markets',_binary 'web/src/HDD',287),(287,'Lenny','Stracke','extensible Multi-layered panel','Nevada Executive Angola 24/365 Robust',_binary 'web/src/Focused',288),(288,'Annette','Beahan','content-based Checking Account initiative','payment Belize Dollar paradigms Berkshire Games',_binary 'web/src/bypassing',289),(289,'Audreanne','Lynch','Glen Chicken niches','Cambodia open-source payment parallelism index',_binary 'web/src/Balboa US Dollar',290),(290,'Royce','Feest','Unbranded Plastic Fish compressing Directives','Direct gold Lebanese Pound Director bandwidth-monitored',_binary 'web/src/Berkshire',291),(291,'Lora','Morar','Specialist XSS partnerships','Credit Card Account reintermediate haptic e-enable Bike',_binary 'web/src/silver',292),(292,'Gilda','Jenkins','Money Market Account Manager Brand','Consultant front-end Usability Wooden fault-tolerant',_binary 'web/src/synthesize',293),(293,'Kendall','Rice','cyan innovate circuit','Rustic Fresh Shirt Prairie granular calculating Bedfordshire',_binary 'web/src/Kazakhstan',294),(294,'Obie','Lynch','e-tailers RSS reciprocal','Maryland fuchsia South Dakota Wells framework',_binary 'web/src/Interactions',295),(295,'Mandy','Block','payment framework Illinois','Small Credit Card Account tan open architecture Ball',_binary 'web/src/Credit Card Account',296),(296,'Harmony','Schinner','Plastic B2C Checking Account','lavender Vermont e-markets compressing Home Loan Account',_binary 'web/src/drive',297),(297,'Oswaldo','Welch','responsive Personal Loan Account visionary','override Quality Accounts Puerto Rico European Unit of Account 9(E.U.A.-9)',_binary 'web/src/optical',298),(298,'Brooke','Bogisich','Frozen Incredible sensor','payment Buckinghamshire Bahamian Dollar Euro revolutionize',_binary 'web/src/wireless',299),(299,'Garfield','Hyatt','Green Handmade Concrete Towels strategize','virtual Money Market Account Designer compelling Investment Account',_binary 'web/src/card',300);
/*!40000 ALTER TABLE `ListPrzewozowy` ENABLE KEYS */;
UNLOCK TABLES;

--
-- Table structure for table `ListPrzewozowyHasAdres`
--

DROP TABLE IF EXISTS `ListPrzewozowyHasAdres`;
/*!40101 SET @saved_cs_client     = @@character_set_client */;
/*!40101 SET character_set_client = utf8 */;
CREATE TABLE `ListPrzewozowyHasAdres` (
  `idListPrzewozowyHasAdres` int(11) NOT NULL AUTO_INCREMENT,
  `adresIdAdres` int(11) NOT NULL,
  `miejsce` enum('Nadania','Odbioru') NOT NULL,
  `listPrzewozowyIdListPrzewozowy` int(11) NOT NULL,
  PRIMARY KEY (`idListPrzewozowyHasAdres`),
  UNIQUE KEY `idListPrzewozowyHasAdres_UNIQUE` (`idListPrzewozowyHasAdres`),
  KEY `fk_przesylka_has_adres_adres1_idx` (`adresIdAdres`),
  KEY `fk_przesylka_has_adres_list_przewozowy1_idx` (`listPrzewozowyIdListPrzewozowy`),
  CONSTRAINT `fk_przesylka_has_adres_adres1` FOREIGN KEY (`adresIdAdres`) REFERENCES `Adres` (`idAdres`) ON DELETE CASCADE ON UPDATE CASCADE,
  CONSTRAINT `fk_przesylka_has_adres_list_przewozowy1` FOREIGN KEY (`listPrzewozowyIdListPrzewozowy`) REFERENCES `ListPrzewozowy` (`idListPrzewozowy`) ON DELETE CASCADE ON UPDATE CASCADE
) ENGINE=InnoDB AUTO_INCREMENT=601 DEFAULT CHARSET=utf8;
/*!40101 SET character_set_client = @saved_cs_client */;

--
-- Dumping data for table `ListPrzewozowyHasAdres`
--

LOCK TABLES `ListPrzewozowyHasAdres` WRITE;
/*!40000 ALTER TABLE `ListPrzewozowyHasAdres` DISABLE KEYS */;
INSERT INTO `ListPrzewozowyHasAdres` VALUES (1,1,'Nadania',1),(2,2,'Nadania',2),(3,3,'Nadania',3),(4,4,'Nadania',4),(5,5,'Nadania',5),(6,6,'Nadania',6),(7,7,'Nadania',7),(8,8,'Nadania',8),(9,9,'Nadania',9),(10,10,'Nadania',10),(11,11,'Nadania',11),(12,12,'Nadania',12),(13,13,'Nadania',13),(14,14,'Nadania',14),(15,15,'Nadania',15),(16,16,'Nadania',16),(17,17,'Nadania',17),(18,18,'Nadania',18),(19,19,'Nadania',19),(20,20,'Nadania',20),(21,21,'Nadania',21),(22,22,'Nadania',22),(23,23,'Nadania',23),(24,24,'Nadania',24),(25,25,'Nadania',25),(26,26,'Nadania',26),(27,27,'Nadania',27),(28,28,'Nadania',28),(29,29,'Nadania',29),(30,30,'Nadania',30),(31,31,'Nadania',31),(32,32,'Nadania',32),(33,33,'Nadania',33),(34,34,'Nadania',34),(35,35,'Nadania',35),(36,36,'Nadania',36),(37,37,'Nadania',37),(38,38,'Nadania',38),(39,39,'Nadania',39),(40,40,'Nadania',40),(41,41,'Nadania',41),(42,42,'Nadania',42),(43,43,'Nadania',43),(44,44,'Nadania',44),(45,45,'Nadania',45),(46,46,'Nadania',46),(47,47,'Nadania',47),(48,48,'Nadania',48),(49,49,'Nadania',49),(50,50,'Nadania',50),(51,51,'Nadania',51),(52,52,'Nadania',52),(53,53,'Nadania',53),(54,54,'Nadania',54),(55,55,'Nadania',55),(56,56,'Nadania',56),(57,57,'Nadania',57),(58,58,'Nadania',58),(59,59,'Nadania',59),(60,60,'Nadania',60),(61,61,'Nadania',61),(62,62,'Nadania',62),(63,63,'Nadania',63),(64,64,'Nadania',64),(65,65,'Nadania',65),(66,66,'Nadania',66),(67,67,'Nadania',67),(68,68,'Nadania',68),(69,69,'Nadania',69),(70,70,'Nadania',70),(71,71,'Nadania',71),(72,72,'Nadania',72),(73,73,'Nadania',73),(74,74,'Nadania',74),(75,75,'Nadania',75),(76,76,'Nadania',76),(77,77,'Nadania',77),(78,78,'Nadania',78),(79,79,'Nadania',79),(80,80,'Nadania',80),(81,81,'Nadania',81),(82,82,'Nadania',82),(83,83,'Nadania',83),(84,84,'Nadania',84),(85,85,'Nadania',85),(86,86,'Nadania',86),(87,87,'Nadania',87),(88,88,'Nadania',88),(89,89,'Nadania',89),(90,90,'Nadania',90),(91,91,'Nadania',91),(92,92,'Nadania',92),(93,93,'Nadania',93),(94,94,'Nadania',94),(95,95,'Nadania',95),(96,96,'Nadania',96),(97,97,'Nadania',97),(98,98,'Nadania',98),(99,99,'Nadania',99),(100,100,'Nadania',100),(101,101,'Nadania',101),(102,102,'Nadania',102),(103,103,'Nadania',103),(104,104,'Nadania',104),(105,105,'Nadania',105),(106,106,'Nadania',106),(107,107,'Nadania',107),(108,108,'Nadania',108),(109,109,'Nadania',109),(110,110,'Nadania',110),(111,111,'Nadania',111),(112,112,'Nadania',112),(113,113,'Nadania',113),(114,114,'Nadania',114),(115,115,'Nadania',115),(116,116,'Nadania',116),(117,117,'Nadania',117),(118,118,'Nadania',118),(119,119,'Nadania',119),(120,120,'Nadania',120),(121,121,'Nadania',121),(122,122,'Nadania',122),(123,123,'Nadania',123),(124,124,'Nadania',124),(125,125,'Nadania',125),(126,126,'Nadania',126),(127,127,'Nadania',127),(128,128,'Nadania',128),(129,129,'Nadania',129),(130,130,'Nadania',130),(131,131,'Nadania',131),(132,132,'Nadania',132),(133,133,'Nadania',133),(134,134,'Nadania',134),(135,135,'Nadania',135),(136,136,'Nadania',136),(137,137,'Nadania',137),(138,138,'Nadania',138),(139,139,'Nadania',139),(140,140,'Nadania',140),(141,141,'Nadania',141),(142,142,'Nadania',142),(143,143,'Nadania',143),(144,144,'Nadania',144),(145,145,'Nadania',145),(146,146,'Nadania',146),(147,147,'Nadania',147),(148,148,'Nadania',148),(149,149,'Nadania',149),(150,150,'Nadania',150),(151,151,'Nadania',151),(152,152,'Nadania',152),(153,153,'Nadania',153),(154,154,'Nadania',154),(155,155,'Nadania',155),(156,156,'Nadania',156),(157,157,'Nadania',157),(158,158,'Nadania',158),(159,159,'Nadania',159),(160,160,'Nadania',160),(161,161,'Nadania',161),(162,162,'Nadania',162),(163,163,'Nadania',163),(164,164,'Nadania',164),(165,165,'Nadania',165),(166,166,'Nadania',166),(167,167,'Nadania',167),(168,168,'Nadania',168),(169,169,'Nadania',169),(170,170,'Nadania',170),(171,171,'Nadania',171),(172,172,'Nadania',172),(173,173,'Nadania',173),(174,174,'Nadania',174),(175,175,'Nadania',175),(176,176,'Nadania',176),(177,177,'Nadania',177),(178,178,'Nadania',178),(179,179,'Nadania',179),(180,180,'Nadania',180),(181,181,'Nadania',181),(182,182,'Nadania',182),(183,183,'Nadania',183),(184,184,'Nadania',184),(185,185,'Nadania',185),(186,186,'Nadania',186),(187,187,'Nadania',187),(188,188,'Nadania',188),(189,189,'Nadania',189),(190,190,'Nadania',190),(191,191,'Nadania',191),(192,192,'Nadania',192),(193,193,'Nadania',193),(194,194,'Nadania',194),(195,195,'Nadania',195),(196,196,'Nadania',196),(197,197,'Nadania',197),(198,198,'Nadania',198),(199,199,'Nadania',199),(200,200,'Nadania',200),(201,201,'Nadania',201),(202,202,'Nadania',202),(203,203,'Nadania',203),(204,204,'Nadania',204),(205,205,'Nadania',205),(206,206,'Nadania',206),(207,207,'Nadania',207),(208,208,'Nadania',208),(209,209,'Nadania',209),(210,210,'Nadania',210),(211,211,'Nadania',211),(212,212,'Nadania',212),(213,213,'Nadania',213),(214,214,'Nadania',214),(215,215,'Nadania',215),(216,216,'Nadania',216),(217,217,'Nadania',217),(218,218,'Nadania',218),(219,219,'Nadania',219),(220,220,'Nadania',220),(221,221,'Nadania',221),(222,222,'Nadania',222),(223,223,'Nadania',223),(224,224,'Nadania',224),(225,225,'Nadania',225),(226,226,'Nadania',226),(227,227,'Nadania',227),(228,228,'Nadania',228),(229,229,'Nadania',229),(230,230,'Nadania',230),(231,231,'Nadania',231),(232,232,'Nadania',232),(233,233,'Nadania',233),(234,234,'Nadania',234),(235,235,'Nadania',235),(236,236,'Nadania',236),(237,237,'Nadania',237),(238,238,'Nadania',238),(239,239,'Nadania',239),(240,240,'Nadania',240),(241,241,'Nadania',241),(242,242,'Nadania',242),(243,243,'Nadania',243),(244,244,'Nadania',244),(245,245,'Nadania',245),(246,246,'Nadania',246),(247,247,'Nadania',247),(248,248,'Nadania',248),(249,249,'Nadania',249),(250,250,'Nadania',250),(251,251,'Nadania',251),(252,252,'Nadania',252),(253,253,'Nadania',253),(254,254,'Nadania',254),(255,255,'Nadania',255),(256,256,'Nadania',256),(257,257,'Nadania',257),(258,258,'Nadania',258),(259,259,'Nadania',259),(260,260,'Nadania',260),(261,261,'Nadania',261),(262,262,'Nadania',262),(263,263,'Nadania',263),(264,264,'Nadania',264),(265,265,'Nadania',265),(266,266,'Nadania',266),(267,267,'Nadania',267),(268,268,'Nadania',268),(269,269,'Nadania',269),(270,270,'Nadania',270),(271,271,'Nadania',271),(272,272,'Nadania',272),(273,273,'Nadania',273),(274,274,'Nadania',274),(275,275,'Nadania',275),(276,276,'Nadania',276),(277,277,'Nadania',277),(278,278,'Nadania',278),(279,279,'Nadania',279),(280,280,'Nadania',280),(281,281,'Nadania',281),(282,282,'Nadania',282),(283,283,'Nadania',283),(284,284,'Nadania',284),(285,285,'Nadania',285),(286,286,'Nadania',286),(287,287,'Nadania',287),(288,288,'Nadania',288),(289,289,'Nadania',289),(290,290,'Nadania',290),(291,291,'Nadania',291),(292,292,'Nadania',292),(293,293,'Nadania',293),(294,294,'Nadania',294),(295,295,'Nadania',295),(296,296,'Nadania',296),(297,297,'Nadania',297),(298,298,'Nadania',298),(299,299,'Nadania',299),(300,300,'Nadania',300),(301,1,'Odbioru',1),(302,2,'Odbioru',2),(303,3,'Odbioru',3),(304,4,'Odbioru',4),(305,5,'Odbioru',5),(306,6,'Odbioru',6),(307,7,'Odbioru',7),(308,8,'Odbioru',8),(309,9,'Odbioru',9),(310,10,'Odbioru',10),(311,11,'Odbioru',11),(312,12,'Odbioru',12),(313,13,'Odbioru',13),(314,14,'Odbioru',14),(315,15,'Odbioru',15),(316,16,'Odbioru',16),(317,17,'Odbioru',17),(318,18,'Odbioru',18),(319,19,'Odbioru',19),(320,20,'Odbioru',20),(321,21,'Odbioru',21),(322,22,'Odbioru',22),(323,23,'Odbioru',23),(324,24,'Odbioru',24),(325,25,'Odbioru',25),(326,26,'Odbioru',26),(327,27,'Odbioru',27),(328,28,'Odbioru',28),(329,29,'Odbioru',29),(330,30,'Odbioru',30),(331,31,'Odbioru',31),(332,32,'Odbioru',32),(333,33,'Odbioru',33),(334,34,'Odbioru',34),(335,35,'Odbioru',35),(336,36,'Odbioru',36),(337,37,'Odbioru',37),(338,38,'Odbioru',38),(339,39,'Odbioru',39),(340,40,'Odbioru',40),(341,41,'Odbioru',41),(342,42,'Odbioru',42),(343,43,'Odbioru',43),(344,44,'Odbioru',44),(345,45,'Odbioru',45),(346,46,'Odbioru',46),(347,47,'Odbioru',47),(348,48,'Odbioru',48),(349,49,'Odbioru',49),(350,50,'Odbioru',50),(351,51,'Odbioru',51),(352,52,'Odbioru',52),(353,53,'Odbioru',53),(354,54,'Odbioru',54),(355,55,'Odbioru',55),(356,56,'Odbioru',56),(357,57,'Odbioru',57),(358,58,'Odbioru',58),(359,59,'Odbioru',59),(360,60,'Odbioru',60),(361,61,'Odbioru',61),(362,62,'Odbioru',62),(363,63,'Odbioru',63),(364,64,'Odbioru',64),(365,65,'Odbioru',65),(366,66,'Odbioru',66),(367,67,'Odbioru',67),(368,68,'Odbioru',68),(369,69,'Odbioru',69),(370,70,'Odbioru',70),(371,71,'Odbioru',71),(372,72,'Odbioru',72),(373,73,'Odbioru',73),(374,74,'Odbioru',74),(375,75,'Odbioru',75),(376,76,'Odbioru',76),(377,77,'Odbioru',77),(378,78,'Odbioru',78),(379,79,'Odbioru',79),(380,80,'Odbioru',80),(381,81,'Odbioru',81),(382,82,'Odbioru',82),(383,83,'Odbioru',83),(384,84,'Odbioru',84),(385,85,'Odbioru',85),(386,86,'Odbioru',86),(387,87,'Odbioru',87),(388,88,'Odbioru',88),(389,89,'Odbioru',89),(390,90,'Odbioru',90),(391,91,'Odbioru',91),(392,92,'Odbioru',92),(393,93,'Odbioru',93),(394,94,'Odbioru',94),(395,95,'Odbioru',95),(396,96,'Odbioru',96),(397,97,'Odbioru',97),(398,98,'Odbioru',98),(399,99,'Odbioru',99),(400,100,'Odbioru',100),(401,101,'Odbioru',101),(402,102,'Odbioru',102),(403,103,'Odbioru',103),(404,104,'Odbioru',104),(405,105,'Odbioru',105),(406,106,'Odbioru',106),(407,107,'Odbioru',107),(408,108,'Odbioru',108),(409,109,'Odbioru',109),(410,110,'Odbioru',110),(411,111,'Odbioru',111),(412,112,'Odbioru',112),(413,113,'Odbioru',113),(414,114,'Odbioru',114),(415,115,'Odbioru',115),(416,116,'Odbioru',116),(417,117,'Odbioru',117),(418,118,'Odbioru',118),(419,119,'Odbioru',119),(420,120,'Odbioru',120),(421,121,'Odbioru',121),(422,122,'Odbioru',122),(423,123,'Odbioru',123),(424,124,'Odbioru',124),(425,125,'Odbioru',125),(426,126,'Odbioru',126),(427,127,'Odbioru',127),(428,128,'Odbioru',128),(429,129,'Odbioru',129),(430,130,'Odbioru',130),(431,131,'Odbioru',131),(432,132,'Odbioru',132),(433,133,'Odbioru',133),(434,134,'Odbioru',134),(435,135,'Odbioru',135),(436,136,'Odbioru',136),(437,137,'Odbioru',137),(438,138,'Odbioru',138),(439,139,'Odbioru',139),(440,140,'Odbioru',140),(441,141,'Odbioru',141),(442,142,'Odbioru',142),(443,143,'Odbioru',143),(444,144,'Odbioru',144),(445,145,'Odbioru',145),(446,146,'Odbioru',146),(447,147,'Odbioru',147),(448,148,'Odbioru',148),(449,149,'Odbioru',149),(450,150,'Odbioru',150),(451,151,'Odbioru',151),(452,152,'Odbioru',152),(453,153,'Odbioru',153),(454,154,'Odbioru',154),(455,155,'Odbioru',155),(456,156,'Odbioru',156),(457,157,'Odbioru',157),(458,158,'Odbioru',158),(459,159,'Odbioru',159),(460,160,'Odbioru',160),(461,161,'Odbioru',161),(462,162,'Odbioru',162),(463,163,'Odbioru',163),(464,164,'Odbioru',164),(465,165,'Odbioru',165),(466,166,'Odbioru',166),(467,167,'Odbioru',167),(468,168,'Odbioru',168),(469,169,'Odbioru',169),(470,170,'Odbioru',170),(471,171,'Odbioru',171),(472,172,'Odbioru',172),(473,173,'Odbioru',173),(474,174,'Odbioru',174),(475,175,'Odbioru',175),(476,176,'Odbioru',176),(477,177,'Odbioru',177),(478,178,'Odbioru',178),(479,179,'Odbioru',179),(480,180,'Odbioru',180),(481,181,'Odbioru',181),(482,182,'Odbioru',182),(483,183,'Odbioru',183),(484,184,'Odbioru',184),(485,185,'Odbioru',185),(486,186,'Odbioru',186),(487,187,'Odbioru',187),(488,188,'Odbioru',188),(489,189,'Odbioru',189),(490,190,'Odbioru',190),(491,191,'Odbioru',191),(492,192,'Odbioru',192),(493,193,'Odbioru',193),(494,194,'Odbioru',194),(495,195,'Odbioru',195),(496,196,'Odbioru',196),(497,197,'Odbioru',197),(498,198,'Odbioru',198),(499,199,'Odbioru',199),(500,200,'Odbioru',200),(501,201,'Odbioru',201),(502,202,'Odbioru',202),(503,203,'Odbioru',203),(504,204,'Odbioru',204),(505,205,'Odbioru',205),(506,206,'Odbioru',206),(507,207,'Odbioru',207),(508,208,'Odbioru',208),(509,209,'Odbioru',209),(510,210,'Odbioru',210),(511,211,'Odbioru',211),(512,212,'Odbioru',212),(513,213,'Odbioru',213),(514,214,'Odbioru',214),(515,215,'Odbioru',215),(516,216,'Odbioru',216),(517,217,'Odbioru',217),(518,218,'Odbioru',218),(519,219,'Odbioru',219),(520,220,'Odbioru',220),(521,221,'Odbioru',221),(522,222,'Odbioru',222),(523,223,'Odbioru',223),(524,224,'Odbioru',224),(525,225,'Odbioru',225),(526,226,'Odbioru',226),(527,227,'Odbioru',227),(528,228,'Odbioru',228),(529,229,'Odbioru',229),(530,230,'Odbioru',230),(531,231,'Odbioru',231),(532,232,'Odbioru',232),(533,233,'Odbioru',233),(534,234,'Odbioru',234),(535,235,'Odbioru',235),(536,236,'Odbioru',236),(537,237,'Odbioru',237),(538,238,'Odbioru',238),(539,239,'Odbioru',239),(540,240,'Odbioru',240),(541,241,'Odbioru',241),(542,242,'Odbioru',242),(543,243,'Odbioru',243),(544,244,'Odbioru',244),(545,245,'Odbioru',245),(546,246,'Odbioru',246),(547,247,'Odbioru',247),(548,248,'Odbioru',248),(549,249,'Odbioru',249),(550,250,'Odbioru',250),(551,251,'Odbioru',251),(552,252,'Odbioru',252),(553,253,'Odbioru',253),(554,254,'Odbioru',254),(555,255,'Odbioru',255),(556,256,'Odbioru',256),(557,257,'Odbioru',257),(558,258,'Odbioru',258),(559,259,'Odbioru',259),(560,260,'Odbioru',260),(561,261,'Odbioru',261),(562,262,'Odbioru',262),(563,263,'Odbioru',263),(564,264,'Odbioru',264),(565,265,'Odbioru',265),(566,266,'Odbioru',266),(567,267,'Odbioru',267),(568,268,'Odbioru',268),(569,269,'Odbioru',269),(570,270,'Odbioru',270),(571,271,'Odbioru',271),(572,272,'Odbioru',272),(573,273,'Odbioru',273),(574,274,'Odbioru',274),(575,275,'Odbioru',275),(576,276,'Odbioru',276),(577,277,'Odbioru',277),(578,278,'Odbioru',278),(579,279,'Odbioru',279),(580,280,'Odbioru',280),(581,281,'Odbioru',281),(582,282,'Odbioru',282),(583,283,'Odbioru',283),(584,284,'Odbioru',284),(585,285,'Odbioru',285),(586,286,'Odbioru',286),(587,287,'Odbioru',287),(588,288,'Odbioru',288),(589,289,'Odbioru',289),(590,290,'Odbioru',290),(591,291,'Odbioru',291),(592,292,'Odbioru',292),(593,293,'Odbioru',293),(594,294,'Odbioru',294),(595,295,'Odbioru',295),(596,296,'Odbioru',296),(597,297,'Odbioru',297),(598,298,'Odbioru',298),(599,299,'Odbioru',299),(600,300,'Odbioru',300);
/*!40000 ALTER TABLE `ListPrzewozowyHasAdres` ENABLE KEYS */;
UNLOCK TABLES;

--
-- Table structure for table `ListPrzewozowyHasKontrahenci`
--

DROP TABLE IF EXISTS `ListPrzewozowyHasKontrahenci`;
/*!40101 SET @saved_cs_client     = @@character_set_client */;
/*!40101 SET character_set_client = utf8 */;
CREATE TABLE `ListPrzewozowyHasKontrahenci` (
  `idListPrzewozowyHasKontrahenci` int(11) NOT NULL AUTO_INCREMENT,
  `listPrzewozowyIdListPrzewozowy` int(11) NOT NULL,
  `kontrahenciIdKontrahenci` int(11) NOT NULL,
  `typ` enum('Odbiorca','Przewoznik','Nadawca') NOT NULL,
  PRIMARY KEY (`idListPrzewozowyHasKontrahenci`),
  UNIQUE KEY `idListPrzewozowyHasKontrahenci_UNIQUE` (`idListPrzewozowyHasKontrahenci`),
  KEY `fk_list_przewozowy_has_kontrahenci_kontrahenci1_idx` (`kontrahenciIdKontrahenci`),
  KEY `fk_list_przewozowy_has_kontrahenci_list_przewozowy1_idx` (`listPrzewozowyIdListPrzewozowy`),
  CONSTRAINT `fk_list_przewozowy_has_kontrahenci_kontrahenci1` FOREIGN KEY (`kontrahenciIdKontrahenci`) REFERENCES `Kontrahenci` (`idKontrahenci`) ON DELETE CASCADE ON UPDATE CASCADE,
  CONSTRAINT `fk_list_przewozowy_has_kontrahenci_list_przewozowy1` FOREIGN KEY (`listPrzewozowyIdListPrzewozowy`) REFERENCES `ListPrzewozowy` (`idListPrzewozowy`) ON DELETE CASCADE ON UPDATE CASCADE
) ENGINE=InnoDB AUTO_INCREMENT=901 DEFAULT CHARSET=utf8;
/*!40101 SET character_set_client = @saved_cs_client */;

--
-- Dumping data for table `ListPrzewozowyHasKontrahenci`
--

LOCK TABLES `ListPrzewozowyHasKontrahenci` WRITE;
/*!40000 ALTER TABLE `ListPrzewozowyHasKontrahenci` DISABLE KEYS */;
INSERT INTO `ListPrzewozowyHasKontrahenci` VALUES (1,1,1,'Odbiorca'),(2,2,2,'Odbiorca'),(3,3,3,'Odbiorca'),(4,4,4,'Odbiorca'),(5,5,5,'Odbiorca'),(6,6,6,'Odbiorca'),(7,7,7,'Odbiorca'),(8,8,8,'Odbiorca'),(9,9,9,'Odbiorca'),(10,10,10,'Odbiorca'),(11,11,11,'Odbiorca'),(12,12,12,'Odbiorca'),(13,13,13,'Odbiorca'),(14,14,14,'Odbiorca'),(15,15,15,'Odbiorca'),(16,16,16,'Odbiorca'),(17,17,17,'Odbiorca'),(18,18,18,'Odbiorca'),(19,19,19,'Odbiorca'),(20,20,20,'Odbiorca'),(21,21,21,'Odbiorca'),(22,22,22,'Odbiorca'),(23,23,23,'Odbiorca'),(24,24,24,'Odbiorca'),(25,25,25,'Odbiorca'),(26,26,26,'Odbiorca'),(27,27,27,'Odbiorca'),(28,28,28,'Odbiorca'),(29,29,29,'Odbiorca'),(30,30,30,'Odbiorca'),(31,31,31,'Odbiorca'),(32,32,32,'Odbiorca'),(33,33,33,'Odbiorca'),(34,34,34,'Odbiorca'),(35,35,35,'Odbiorca'),(36,36,36,'Odbiorca'),(37,37,37,'Odbiorca'),(38,38,38,'Odbiorca'),(39,39,39,'Odbiorca'),(40,40,40,'Odbiorca'),(41,41,41,'Odbiorca'),(42,42,42,'Odbiorca'),(43,43,43,'Odbiorca'),(44,44,44,'Odbiorca'),(45,45,45,'Odbiorca'),(46,46,46,'Odbiorca'),(47,47,47,'Odbiorca'),(48,48,48,'Odbiorca'),(49,49,49,'Odbiorca'),(50,50,50,'Odbiorca'),(51,51,51,'Odbiorca'),(52,52,52,'Odbiorca'),(53,53,53,'Odbiorca'),(54,54,54,'Odbiorca'),(55,55,55,'Odbiorca'),(56,56,56,'Odbiorca'),(57,57,57,'Odbiorca'),(58,58,58,'Odbiorca'),(59,59,59,'Odbiorca'),(60,60,60,'Odbiorca'),(61,61,61,'Odbiorca'),(62,62,62,'Odbiorca'),(63,63,63,'Odbiorca'),(64,64,64,'Odbiorca'),(65,65,65,'Odbiorca'),(66,66,66,'Odbiorca'),(67,67,67,'Odbiorca'),(68,68,68,'Odbiorca'),(69,69,69,'Odbiorca'),(70,70,70,'Odbiorca'),(71,71,71,'Odbiorca'),(72,72,72,'Odbiorca'),(73,73,73,'Odbiorca'),(74,74,74,'Odbiorca'),(75,75,75,'Odbiorca'),(76,76,76,'Odbiorca'),(77,77,77,'Odbiorca'),(78,78,78,'Odbiorca'),(79,79,79,'Odbiorca'),(80,80,80,'Odbiorca'),(81,81,81,'Odbiorca'),(82,82,82,'Odbiorca'),(83,83,83,'Odbiorca'),(84,84,84,'Odbiorca'),(85,85,85,'Odbiorca'),(86,86,86,'Odbiorca'),(87,87,87,'Odbiorca'),(88,88,88,'Odbiorca'),(89,89,89,'Odbiorca'),(90,90,90,'Odbiorca'),(91,91,91,'Odbiorca'),(92,92,92,'Odbiorca'),(93,93,93,'Odbiorca'),(94,94,94,'Odbiorca'),(95,95,95,'Odbiorca'),(96,96,96,'Odbiorca'),(97,97,97,'Odbiorca'),(98,98,98,'Odbiorca'),(99,99,99,'Odbiorca'),(100,100,100,'Odbiorca'),(101,101,101,'Odbiorca'),(102,102,102,'Odbiorca'),(103,103,103,'Odbiorca'),(104,104,104,'Odbiorca'),(105,105,105,'Odbiorca'),(106,106,106,'Odbiorca'),(107,107,107,'Odbiorca'),(108,108,108,'Odbiorca'),(109,109,109,'Odbiorca'),(110,110,110,'Odbiorca'),(111,111,111,'Odbiorca'),(112,112,112,'Odbiorca'),(113,113,113,'Odbiorca'),(114,114,114,'Odbiorca'),(115,115,115,'Odbiorca'),(116,116,116,'Odbiorca'),(117,117,117,'Odbiorca'),(118,118,118,'Odbiorca'),(119,119,119,'Odbiorca'),(120,120,120,'Odbiorca'),(121,121,121,'Odbiorca'),(122,122,122,'Odbiorca'),(123,123,123,'Odbiorca'),(124,124,124,'Odbiorca'),(125,125,125,'Odbiorca'),(126,126,126,'Odbiorca'),(127,127,127,'Odbiorca'),(128,128,128,'Odbiorca'),(129,129,129,'Odbiorca'),(130,130,130,'Odbiorca'),(131,131,131,'Odbiorca'),(132,132,132,'Odbiorca'),(133,133,133,'Odbiorca'),(134,134,134,'Odbiorca'),(135,135,135,'Odbiorca'),(136,136,136,'Odbiorca'),(137,137,137,'Odbiorca'),(138,138,138,'Odbiorca'),(139,139,139,'Odbiorca'),(140,140,140,'Odbiorca'),(141,141,141,'Odbiorca'),(142,142,142,'Odbiorca'),(143,143,143,'Odbiorca'),(144,144,144,'Odbiorca'),(145,145,145,'Odbiorca'),(146,146,146,'Odbiorca'),(147,147,147,'Odbiorca'),(148,148,148,'Odbiorca'),(149,149,149,'Odbiorca'),(150,150,150,'Odbiorca'),(151,151,151,'Odbiorca'),(152,152,152,'Odbiorca'),(153,153,153,'Odbiorca'),(154,154,154,'Odbiorca'),(155,155,155,'Odbiorca'),(156,156,156,'Odbiorca'),(157,157,157,'Odbiorca'),(158,158,158,'Odbiorca'),(159,159,159,'Odbiorca'),(160,160,160,'Odbiorca'),(161,161,161,'Odbiorca'),(162,162,162,'Odbiorca'),(163,163,163,'Odbiorca'),(164,164,164,'Odbiorca'),(165,165,165,'Odbiorca'),(166,166,166,'Odbiorca'),(167,167,167,'Odbiorca'),(168,168,168,'Odbiorca'),(169,169,169,'Odbiorca'),(170,170,170,'Odbiorca'),(171,171,171,'Odbiorca'),(172,172,172,'Odbiorca'),(173,173,173,'Odbiorca'),(174,174,174,'Odbiorca'),(175,175,175,'Odbiorca'),(176,176,176,'Odbiorca'),(177,177,177,'Odbiorca'),(178,178,178,'Odbiorca'),(179,179,179,'Odbiorca'),(180,180,180,'Odbiorca'),(181,181,181,'Odbiorca'),(182,182,182,'Odbiorca'),(183,183,183,'Odbiorca'),(184,184,184,'Odbiorca'),(185,185,185,'Odbiorca'),(186,186,186,'Odbiorca'),(187,187,187,'Odbiorca'),(188,188,188,'Odbiorca'),(189,189,189,'Odbiorca'),(190,190,190,'Odbiorca'),(191,191,191,'Odbiorca'),(192,192,192,'Odbiorca'),(193,193,193,'Odbiorca'),(194,194,194,'Odbiorca'),(195,195,195,'Odbiorca'),(196,196,196,'Odbiorca'),(197,197,197,'Odbiorca'),(198,198,198,'Odbiorca'),(199,199,199,'Odbiorca'),(200,200,200,'Odbiorca'),(201,201,201,'Odbiorca'),(202,202,202,'Odbiorca'),(203,203,203,'Odbiorca'),(204,204,204,'Odbiorca'),(205,205,205,'Odbiorca'),(206,206,206,'Odbiorca'),(207,207,207,'Odbiorca'),(208,208,208,'Odbiorca'),(209,209,209,'Odbiorca'),(210,210,210,'Odbiorca'),(211,211,211,'Odbiorca'),(212,212,212,'Odbiorca'),(213,213,213,'Odbiorca'),(214,214,214,'Odbiorca'),(215,215,215,'Odbiorca'),(216,216,216,'Odbiorca'),(217,217,217,'Odbiorca'),(218,218,218,'Odbiorca'),(219,219,219,'Odbiorca'),(220,220,220,'Odbiorca'),(221,221,221,'Odbiorca'),(222,222,222,'Odbiorca'),(223,223,223,'Odbiorca'),(224,224,224,'Odbiorca'),(225,225,225,'Odbiorca'),(226,226,226,'Odbiorca'),(227,227,227,'Odbiorca'),(228,228,228,'Odbiorca'),(229,229,229,'Odbiorca'),(230,230,230,'Odbiorca'),(231,231,231,'Odbiorca'),(232,232,232,'Odbiorca'),(233,233,233,'Odbiorca'),(234,234,234,'Odbiorca'),(235,235,235,'Odbiorca'),(236,236,236,'Odbiorca'),(237,237,237,'Odbiorca'),(238,238,238,'Odbiorca'),(239,239,239,'Odbiorca'),(240,240,240,'Odbiorca'),(241,241,241,'Odbiorca'),(242,242,242,'Odbiorca'),(243,243,243,'Odbiorca'),(244,244,244,'Odbiorca'),(245,245,245,'Odbiorca'),(246,246,246,'Odbiorca'),(247,247,247,'Odbiorca'),(248,248,248,'Odbiorca'),(249,249,249,'Odbiorca'),(250,250,250,'Odbiorca'),(251,251,251,'Odbiorca'),(252,252,252,'Odbiorca'),(253,253,253,'Odbiorca'),(254,254,254,'Odbiorca'),(255,255,255,'Odbiorca'),(256,256,256,'Odbiorca'),(257,257,257,'Odbiorca'),(258,258,258,'Odbiorca'),(259,259,259,'Odbiorca'),(260,260,260,'Odbiorca'),(261,261,261,'Odbiorca'),(262,262,262,'Odbiorca'),(263,263,263,'Odbiorca'),(264,264,264,'Odbiorca'),(265,265,265,'Odbiorca'),(266,266,266,'Odbiorca'),(267,267,267,'Odbiorca'),(268,268,268,'Odbiorca'),(269,269,269,'Odbiorca'),(270,270,270,'Odbiorca'),(271,271,271,'Odbiorca'),(272,272,272,'Odbiorca'),(273,273,273,'Odbiorca'),(274,274,274,'Odbiorca'),(275,275,275,'Odbiorca'),(276,276,276,'Odbiorca'),(277,277,277,'Odbiorca'),(278,278,278,'Odbiorca'),(279,279,279,'Odbiorca'),(280,280,280,'Odbiorca'),(281,281,281,'Odbiorca'),(282,282,282,'Odbiorca'),(283,283,283,'Odbiorca'),(284,284,284,'Odbiorca'),(285,285,285,'Odbiorca'),(286,286,286,'Odbiorca'),(287,287,287,'Odbiorca'),(288,288,288,'Odbiorca'),(289,289,289,'Odbiorca'),(290,290,290,'Odbiorca'),(291,291,291,'Odbiorca'),(292,292,292,'Odbiorca'),(293,293,293,'Odbiorca'),(294,294,294,'Odbiorca'),(295,295,295,'Odbiorca'),(296,296,296,'Odbiorca'),(297,297,297,'Odbiorca'),(298,298,298,'Odbiorca'),(299,299,299,'Odbiorca'),(300,300,300,'Odbiorca'),(301,1,1,'Przewoznik'),(302,2,2,'Przewoznik'),(303,3,3,'Przewoznik'),(304,4,4,'Przewoznik'),(305,5,5,'Przewoznik'),(306,6,6,'Przewoznik'),(307,7,7,'Przewoznik'),(308,8,8,'Przewoznik'),(309,9,9,'Przewoznik'),(310,10,10,'Przewoznik'),(311,11,11,'Przewoznik'),(312,12,12,'Przewoznik'),(313,13,13,'Przewoznik'),(314,14,14,'Przewoznik'),(315,15,15,'Przewoznik'),(316,16,16,'Przewoznik'),(317,17,17,'Przewoznik'),(318,18,18,'Przewoznik'),(319,19,19,'Przewoznik'),(320,20,20,'Przewoznik'),(321,21,21,'Przewoznik'),(322,22,22,'Przewoznik'),(323,23,23,'Przewoznik'),(324,24,24,'Przewoznik'),(325,25,25,'Przewoznik'),(326,26,26,'Przewoznik'),(327,27,27,'Przewoznik'),(328,28,28,'Przewoznik'),(329,29,29,'Przewoznik'),(330,30,30,'Przewoznik'),(331,31,31,'Przewoznik'),(332,32,32,'Przewoznik'),(333,33,33,'Przewoznik'),(334,34,34,'Przewoznik'),(335,35,35,'Przewoznik'),(336,36,36,'Przewoznik'),(337,37,37,'Przewoznik'),(338,38,38,'Przewoznik'),(339,39,39,'Przewoznik'),(340,40,40,'Przewoznik'),(341,41,41,'Przewoznik'),(342,42,42,'Przewoznik'),(343,43,43,'Przewoznik'),(344,44,44,'Przewoznik'),(345,45,45,'Przewoznik'),(346,46,46,'Przewoznik'),(347,47,47,'Przewoznik'),(348,48,48,'Przewoznik'),(349,49,49,'Przewoznik'),(350,50,50,'Przewoznik'),(351,51,51,'Przewoznik'),(352,52,52,'Przewoznik'),(353,53,53,'Przewoznik'),(354,54,54,'Przewoznik'),(355,55,55,'Przewoznik'),(356,56,56,'Przewoznik'),(357,57,57,'Przewoznik'),(358,58,58,'Przewoznik'),(359,59,59,'Przewoznik'),(360,60,60,'Przewoznik'),(361,61,61,'Przewoznik'),(362,62,62,'Przewoznik'),(363,63,63,'Przewoznik'),(364,64,64,'Przewoznik'),(365,65,65,'Przewoznik'),(366,66,66,'Przewoznik'),(367,67,67,'Przewoznik'),(368,68,68,'Przewoznik'),(369,69,69,'Przewoznik'),(370,70,70,'Przewoznik'),(371,71,71,'Przewoznik'),(372,72,72,'Przewoznik'),(373,73,73,'Przewoznik'),(374,74,74,'Przewoznik'),(375,75,75,'Przewoznik'),(376,76,76,'Przewoznik'),(377,77,77,'Przewoznik'),(378,78,78,'Przewoznik'),(379,79,79,'Przewoznik'),(380,80,80,'Przewoznik'),(381,81,81,'Przewoznik'),(382,82,82,'Przewoznik'),(383,83,83,'Przewoznik'),(384,84,84,'Przewoznik'),(385,85,85,'Przewoznik'),(386,86,86,'Przewoznik'),(387,87,87,'Przewoznik'),(388,88,88,'Przewoznik'),(389,89,89,'Przewoznik'),(390,90,90,'Przewoznik'),(391,91,91,'Przewoznik'),(392,92,92,'Przewoznik'),(393,93,93,'Przewoznik'),(394,94,94,'Przewoznik'),(395,95,95,'Przewoznik'),(396,96,96,'Przewoznik'),(397,97,97,'Przewoznik'),(398,98,98,'Przewoznik'),(399,99,99,'Przewoznik'),(400,100,100,'Przewoznik'),(401,101,101,'Przewoznik'),(402,102,102,'Przewoznik'),(403,103,103,'Przewoznik'),(404,104,104,'Przewoznik'),(405,105,105,'Przewoznik'),(406,106,106,'Przewoznik'),(407,107,107,'Przewoznik'),(408,108,108,'Przewoznik'),(409,109,109,'Przewoznik'),(410,110,110,'Przewoznik'),(411,111,111,'Przewoznik'),(412,112,112,'Przewoznik'),(413,113,113,'Przewoznik'),(414,114,114,'Przewoznik'),(415,115,115,'Przewoznik'),(416,116,116,'Przewoznik'),(417,117,117,'Przewoznik'),(418,118,118,'Przewoznik'),(419,119,119,'Przewoznik'),(420,120,120,'Przewoznik'),(421,121,121,'Przewoznik'),(422,122,122,'Przewoznik'),(423,123,123,'Przewoznik'),(424,124,124,'Przewoznik'),(425,125,125,'Przewoznik'),(426,126,126,'Przewoznik'),(427,127,127,'Przewoznik'),(428,128,128,'Przewoznik'),(429,129,129,'Przewoznik'),(430,130,130,'Przewoznik'),(431,131,131,'Przewoznik'),(432,132,132,'Przewoznik'),(433,133,133,'Przewoznik'),(434,134,134,'Przewoznik'),(435,135,135,'Przewoznik'),(436,136,136,'Przewoznik'),(437,137,137,'Przewoznik'),(438,138,138,'Przewoznik'),(439,139,139,'Przewoznik'),(440,140,140,'Przewoznik'),(441,141,141,'Przewoznik'),(442,142,142,'Przewoznik'),(443,143,143,'Przewoznik'),(444,144,144,'Przewoznik'),(445,145,145,'Przewoznik'),(446,146,146,'Przewoznik'),(447,147,147,'Przewoznik'),(448,148,148,'Przewoznik'),(449,149,149,'Przewoznik'),(450,150,150,'Przewoznik'),(451,151,151,'Przewoznik'),(452,152,152,'Przewoznik'),(453,153,153,'Przewoznik'),(454,154,154,'Przewoznik'),(455,155,155,'Przewoznik'),(456,156,156,'Przewoznik'),(457,157,157,'Przewoznik'),(458,158,158,'Przewoznik'),(459,159,159,'Przewoznik'),(460,160,160,'Przewoznik'),(461,161,161,'Przewoznik'),(462,162,162,'Przewoznik'),(463,163,163,'Przewoznik'),(464,164,164,'Przewoznik'),(465,165,165,'Przewoznik'),(466,166,166,'Przewoznik'),(467,167,167,'Przewoznik'),(468,168,168,'Przewoznik'),(469,169,169,'Przewoznik'),(470,170,170,'Przewoznik'),(471,171,171,'Przewoznik'),(472,172,172,'Przewoznik'),(473,173,173,'Przewoznik'),(474,174,174,'Przewoznik'),(475,175,175,'Przewoznik'),(476,176,176,'Przewoznik'),(477,177,177,'Przewoznik'),(478,178,178,'Przewoznik'),(479,179,179,'Przewoznik'),(480,180,180,'Przewoznik'),(481,181,181,'Przewoznik'),(482,182,182,'Przewoznik'),(483,183,183,'Przewoznik'),(484,184,184,'Przewoznik'),(485,185,185,'Przewoznik'),(486,186,186,'Przewoznik'),(487,187,187,'Przewoznik'),(488,188,188,'Przewoznik'),(489,189,189,'Przewoznik'),(490,190,190,'Przewoznik'),(491,191,191,'Przewoznik'),(492,192,192,'Przewoznik'),(493,193,193,'Przewoznik'),(494,194,194,'Przewoznik'),(495,195,195,'Przewoznik'),(496,196,196,'Przewoznik'),(497,197,197,'Przewoznik'),(498,198,198,'Przewoznik'),(499,199,199,'Przewoznik'),(500,200,200,'Przewoznik'),(501,201,201,'Przewoznik'),(502,202,202,'Przewoznik'),(503,203,203,'Przewoznik'),(504,204,204,'Przewoznik'),(505,205,205,'Przewoznik'),(506,206,206,'Przewoznik'),(507,207,207,'Przewoznik'),(508,208,208,'Przewoznik'),(509,209,209,'Przewoznik'),(510,210,210,'Przewoznik'),(511,211,211,'Przewoznik'),(512,212,212,'Przewoznik'),(513,213,213,'Przewoznik'),(514,214,214,'Przewoznik'),(515,215,215,'Przewoznik'),(516,216,216,'Przewoznik'),(517,217,217,'Przewoznik'),(518,218,218,'Przewoznik'),(519,219,219,'Przewoznik'),(520,220,220,'Przewoznik'),(521,221,221,'Przewoznik'),(522,222,222,'Przewoznik'),(523,223,223,'Przewoznik'),(524,224,224,'Przewoznik'),(525,225,225,'Przewoznik'),(526,226,226,'Przewoznik'),(527,227,227,'Przewoznik'),(528,228,228,'Przewoznik'),(529,229,229,'Przewoznik'),(530,230,230,'Przewoznik'),(531,231,231,'Przewoznik'),(532,232,232,'Przewoznik'),(533,233,233,'Przewoznik'),(534,234,234,'Przewoznik'),(535,235,235,'Przewoznik'),(536,236,236,'Przewoznik'),(537,237,237,'Przewoznik'),(538,238,238,'Przewoznik'),(539,239,239,'Przewoznik'),(540,240,240,'Przewoznik'),(541,241,241,'Przewoznik'),(542,242,242,'Przewoznik'),(543,243,243,'Przewoznik'),(544,244,244,'Przewoznik'),(545,245,245,'Przewoznik'),(546,246,246,'Przewoznik'),(547,247,247,'Przewoznik'),(548,248,248,'Przewoznik'),(549,249,249,'Przewoznik'),(550,250,250,'Przewoznik'),(551,251,251,'Przewoznik'),(552,252,252,'Przewoznik'),(553,253,253,'Przewoznik'),(554,254,254,'Przewoznik'),(555,255,255,'Przewoznik'),(556,256,256,'Przewoznik'),(557,257,257,'Przewoznik'),(558,258,258,'Przewoznik'),(559,259,259,'Przewoznik'),(560,260,260,'Przewoznik'),(561,261,261,'Przewoznik'),(562,262,262,'Przewoznik'),(563,263,263,'Przewoznik'),(564,264,264,'Przewoznik'),(565,265,265,'Przewoznik'),(566,266,266,'Przewoznik'),(567,267,267,'Przewoznik'),(568,268,268,'Przewoznik'),(569,269,269,'Przewoznik'),(570,270,270,'Przewoznik'),(571,271,271,'Przewoznik'),(572,272,272,'Przewoznik'),(573,273,273,'Przewoznik'),(574,274,274,'Przewoznik'),(575,275,275,'Przewoznik'),(576,276,276,'Przewoznik'),(577,277,277,'Przewoznik'),(578,278,278,'Przewoznik'),(579,279,279,'Przewoznik'),(580,280,280,'Przewoznik'),(581,281,281,'Przewoznik'),(582,282,282,'Przewoznik'),(583,283,283,'Przewoznik'),(584,284,284,'Przewoznik'),(585,285,285,'Przewoznik'),(586,286,286,'Przewoznik'),(587,287,287,'Przewoznik'),(588,288,288,'Przewoznik'),(589,289,289,'Przewoznik'),(590,290,290,'Przewoznik'),(591,291,291,'Przewoznik'),(592,292,292,'Przewoznik'),(593,293,293,'Przewoznik'),(594,294,294,'Przewoznik'),(595,295,295,'Przewoznik'),(596,296,296,'Przewoznik'),(597,297,297,'Przewoznik'),(598,298,298,'Przewoznik'),(599,299,299,'Przewoznik'),(600,300,300,'Przewoznik'),(601,1,1,'Nadawca'),(602,2,2,'Nadawca'),(603,3,3,'Nadawca'),(604,4,4,'Nadawca'),(605,5,5,'Nadawca'),(606,6,6,'Nadawca'),(607,7,7,'Nadawca'),(608,8,8,'Nadawca'),(609,9,9,'Nadawca'),(610,10,10,'Nadawca'),(611,11,11,'Nadawca'),(612,12,12,'Nadawca'),(613,13,13,'Nadawca'),(614,14,14,'Nadawca'),(615,15,15,'Nadawca'),(616,16,16,'Nadawca'),(617,17,17,'Nadawca'),(618,18,18,'Nadawca'),(619,19,19,'Nadawca'),(620,20,20,'Nadawca'),(621,21,21,'Nadawca'),(622,22,22,'Nadawca'),(623,23,23,'Nadawca'),(624,24,24,'Nadawca'),(625,25,25,'Nadawca'),(626,26,26,'Nadawca'),(627,27,27,'Nadawca'),(628,28,28,'Nadawca'),(629,29,29,'Nadawca'),(630,30,30,'Nadawca'),(631,31,31,'Nadawca'),(632,32,32,'Nadawca'),(633,33,33,'Nadawca'),(634,34,34,'Nadawca'),(635,35,35,'Nadawca'),(636,36,36,'Nadawca'),(637,37,37,'Nadawca'),(638,38,38,'Nadawca'),(639,39,39,'Nadawca'),(640,40,40,'Nadawca'),(641,41,41,'Nadawca'),(642,42,42,'Nadawca'),(643,43,43,'Nadawca'),(644,44,44,'Nadawca'),(645,45,45,'Nadawca'),(646,46,46,'Nadawca'),(647,47,47,'Nadawca'),(648,48,48,'Nadawca'),(649,49,49,'Nadawca'),(650,50,50,'Nadawca'),(651,51,51,'Nadawca'),(652,52,52,'Nadawca'),(653,53,53,'Nadawca'),(654,54,54,'Nadawca'),(655,55,55,'Nadawca'),(656,56,56,'Nadawca'),(657,57,57,'Nadawca'),(658,58,58,'Nadawca'),(659,59,59,'Nadawca'),(660,60,60,'Nadawca'),(661,61,61,'Nadawca'),(662,62,62,'Nadawca'),(663,63,63,'Nadawca'),(664,64,64,'Nadawca'),(665,65,65,'Nadawca'),(666,66,66,'Nadawca'),(667,67,67,'Nadawca'),(668,68,68,'Nadawca'),(669,69,69,'Nadawca'),(670,70,70,'Nadawca'),(671,71,71,'Nadawca'),(672,72,72,'Nadawca'),(673,73,73,'Nadawca'),(674,74,74,'Nadawca'),(675,75,75,'Nadawca'),(676,76,76,'Nadawca'),(677,77,77,'Nadawca'),(678,78,78,'Nadawca'),(679,79,79,'Nadawca'),(680,80,80,'Nadawca'),(681,81,81,'Nadawca'),(682,82,82,'Nadawca'),(683,83,83,'Nadawca'),(684,84,84,'Nadawca'),(685,85,85,'Nadawca'),(686,86,86,'Nadawca'),(687,87,87,'Nadawca'),(688,88,88,'Nadawca'),(689,89,89,'Nadawca'),(690,90,90,'Nadawca'),(691,91,91,'Nadawca'),(692,92,92,'Nadawca'),(693,93,93,'Nadawca'),(694,94,94,'Nadawca'),(695,95,95,'Nadawca'),(696,96,96,'Nadawca'),(697,97,97,'Nadawca'),(698,98,98,'Nadawca'),(699,99,99,'Nadawca'),(700,100,100,'Nadawca'),(701,101,101,'Nadawca'),(702,102,102,'Nadawca'),(703,103,103,'Nadawca'),(704,104,104,'Nadawca'),(705,105,105,'Nadawca'),(706,106,106,'Nadawca'),(707,107,107,'Nadawca'),(708,108,108,'Nadawca'),(709,109,109,'Nadawca'),(710,110,110,'Nadawca'),(711,111,111,'Nadawca'),(712,112,112,'Nadawca'),(713,113,113,'Nadawca'),(714,114,114,'Nadawca'),(715,115,115,'Nadawca'),(716,116,116,'Nadawca'),(717,117,117,'Nadawca'),(718,118,118,'Nadawca'),(719,119,119,'Nadawca'),(720,120,120,'Nadawca'),(721,121,121,'Nadawca'),(722,122,122,'Nadawca'),(723,123,123,'Nadawca'),(724,124,124,'Nadawca'),(725,125,125,'Nadawca'),(726,126,126,'Nadawca'),(727,127,127,'Nadawca'),(728,128,128,'Nadawca'),(729,129,129,'Nadawca'),(730,130,130,'Nadawca'),(731,131,131,'Nadawca'),(732,132,132,'Nadawca'),(733,133,133,'Nadawca'),(734,134,134,'Nadawca'),(735,135,135,'Nadawca'),(736,136,136,'Nadawca'),(737,137,137,'Nadawca'),(738,138,138,'Nadawca'),(739,139,139,'Nadawca'),(740,140,140,'Nadawca'),(741,141,141,'Nadawca'),(742,142,142,'Nadawca'),(743,143,143,'Nadawca'),(744,144,144,'Nadawca'),(745,145,145,'Nadawca'),(746,146,146,'Nadawca'),(747,147,147,'Nadawca'),(748,148,148,'Nadawca'),(749,149,149,'Nadawca'),(750,150,150,'Nadawca'),(751,151,151,'Nadawca'),(752,152,152,'Nadawca'),(753,153,153,'Nadawca'),(754,154,154,'Nadawca'),(755,155,155,'Nadawca'),(756,156,156,'Nadawca'),(757,157,157,'Nadawca'),(758,158,158,'Nadawca'),(759,159,159,'Nadawca'),(760,160,160,'Nadawca'),(761,161,161,'Nadawca'),(762,162,162,'Nadawca'),(763,163,163,'Nadawca'),(764,164,164,'Nadawca'),(765,165,165,'Nadawca'),(766,166,166,'Nadawca'),(767,167,167,'Nadawca'),(768,168,168,'Nadawca'),(769,169,169,'Nadawca'),(770,170,170,'Nadawca'),(771,171,171,'Nadawca'),(772,172,172,'Nadawca'),(773,173,173,'Nadawca'),(774,174,174,'Nadawca'),(775,175,175,'Nadawca'),(776,176,176,'Nadawca'),(777,177,177,'Nadawca'),(778,178,178,'Nadawca'),(779,179,179,'Nadawca'),(780,180,180,'Nadawca'),(781,181,181,'Nadawca'),(782,182,182,'Nadawca'),(783,183,183,'Nadawca'),(784,184,184,'Nadawca'),(785,185,185,'Nadawca'),(786,186,186,'Nadawca'),(787,187,187,'Nadawca'),(788,188,188,'Nadawca'),(789,189,189,'Nadawca'),(790,190,190,'Nadawca'),(791,191,191,'Nadawca'),(792,192,192,'Nadawca'),(793,193,193,'Nadawca'),(794,194,194,'Nadawca'),(795,195,195,'Nadawca'),(796,196,196,'Nadawca'),(797,197,197,'Nadawca'),(798,198,198,'Nadawca'),(799,199,199,'Nadawca'),(800,200,200,'Nadawca'),(801,201,201,'Nadawca'),(802,202,202,'Nadawca'),(803,203,203,'Nadawca'),(804,204,204,'Nadawca'),(805,205,205,'Nadawca'),(806,206,206,'Nadawca'),(807,207,207,'Nadawca'),(808,208,208,'Nadawca'),(809,209,209,'Nadawca'),(810,210,210,'Nadawca'),(811,211,211,'Nadawca'),(812,212,212,'Nadawca'),(813,213,213,'Nadawca'),(814,214,214,'Nadawca'),(815,215,215,'Nadawca'),(816,216,216,'Nadawca'),(817,217,217,'Nadawca'),(818,218,218,'Nadawca'),(819,219,219,'Nadawca'),(820,220,220,'Nadawca'),(821,221,221,'Nadawca'),(822,222,222,'Nadawca'),(823,223,223,'Nadawca'),(824,224,224,'Nadawca'),(825,225,225,'Nadawca'),(826,226,226,'Nadawca'),(827,227,227,'Nadawca'),(828,228,228,'Nadawca'),(829,229,229,'Nadawca'),(830,230,230,'Nadawca'),(831,231,231,'Nadawca'),(832,232,232,'Nadawca'),(833,233,233,'Nadawca'),(834,234,234,'Nadawca'),(835,235,235,'Nadawca'),(836,236,236,'Nadawca'),(837,237,237,'Nadawca'),(838,238,238,'Nadawca'),(839,239,239,'Nadawca'),(840,240,240,'Nadawca'),(841,241,241,'Nadawca'),(842,242,242,'Nadawca'),(843,243,243,'Nadawca'),(844,244,244,'Nadawca'),(845,245,245,'Nadawca'),(846,246,246,'Nadawca'),(847,247,247,'Nadawca'),(848,248,248,'Nadawca'),(849,249,249,'Nadawca'),(850,250,250,'Nadawca'),(851,251,251,'Nadawca'),(852,252,252,'Nadawca'),(853,253,253,'Nadawca'),(854,254,254,'Nadawca'),(855,255,255,'Nadawca'),(856,256,256,'Nadawca'),(857,257,257,'Nadawca'),(858,258,258,'Nadawca'),(859,259,259,'Nadawca'),(860,260,260,'Nadawca'),(861,261,261,'Nadawca'),(862,262,262,'Nadawca'),(863,263,263,'Nadawca'),(864,264,264,'Nadawca'),(865,265,265,'Nadawca'),(866,266,266,'Nadawca'),(867,267,267,'Nadawca'),(868,268,268,'Nadawca'),(869,269,269,'Nadawca'),(870,270,270,'Nadawca'),(871,271,271,'Nadawca'),(872,272,272,'Nadawca'),(873,273,273,'Nadawca'),(874,274,274,'Nadawca'),(875,275,275,'Nadawca'),(876,276,276,'Nadawca'),(877,277,277,'Nadawca'),(878,278,278,'Nadawca'),(879,279,279,'Nadawca'),(880,280,280,'Nadawca'),(881,281,281,'Nadawca'),(882,282,282,'Nadawca'),(883,283,283,'Nadawca'),(884,284,284,'Nadawca'),(885,285,285,'Nadawca'),(886,286,286,'Nadawca'),(887,287,287,'Nadawca'),(888,288,288,'Nadawca'),(889,289,289,'Nadawca'),(890,290,290,'Nadawca'),(891,291,291,'Nadawca'),(892,292,292,'Nadawca'),(893,293,293,'Nadawca'),(894,294,294,'Nadawca'),(895,295,295,'Nadawca'),(896,296,296,'Nadawca'),(897,297,297,'Nadawca'),(898,298,298,'Nadawca'),(899,299,299,'Nadawca'),(900,300,300,'Nadawca');
/*!40000 ALTER TABLE `ListPrzewozowyHasKontrahenci` ENABLE KEYS */;
UNLOCK TABLES;

--
-- Table structure for table `Magazyn`
--

DROP TABLE IF EXISTS `Magazyn`;
/*!40101 SET @saved_cs_client     = @@character_set_client */;
/*!40101 SET character_set_client = utf8 */;
CREATE TABLE `Magazyn` (
  `idMagazyn` int(11) NOT NULL AUTO_INCREMENT,
  `rodzaj` enum('polproduktow','materialow','produktow_skonczonych') NOT NULL,
  `pojemnosc` decimal(6,1) NOT NULL,
  `adresIdAdres` int(11) NOT NULL,
  PRIMARY KEY (`idMagazyn`),
  UNIQUE KEY `idMagazyn_UNIQUE` (`idMagazyn`),
  KEY `fk_magazyn_adres1_idx` (`adresIdAdres`),
  CONSTRAINT `fk_magazyn_adres1` FOREIGN KEY (`adresIdAdres`) REFERENCES `Adres` (`idAdres`) ON DELETE CASCADE ON UPDATE CASCADE
) ENGINE=InnoDB AUTO_INCREMENT=301 DEFAULT CHARSET=utf8;
/*!40101 SET character_set_client = @saved_cs_client */;

--
-- Dumping data for table `Magazyn`
--

LOCK TABLES `Magazyn` WRITE;
/*!40000 ALTER TABLE `Magazyn` DISABLE KEYS */;
INSERT INTO `Magazyn` VALUES (1,'polproduktow',83538.8,1),(2,'polproduktow',97808.4,2),(3,'produktow_skonczonych',96926.7,3),(4,'polproduktow',86645.1,4),(5,'produktow_skonczonych',65623.7,5),(6,'materialow',18160.6,6),(7,'polproduktow',38971.4,7),(8,'produktow_skonczonych',29227.7,8),(9,'polproduktow',34077.0,9),(10,'materialow',7855.2,10),(11,'materialow',41764.2,11),(12,'polproduktow',47969.3,12),(13,'produktow_skonczonych',46855.4,13),(14,'produktow_skonczonych',78254.6,14),(15,'polproduktow',16512.2,15),(16,'produktow_skonczonych',2557.0,16),(17,'polproduktow',18205.7,17),(18,'produktow_skonczonych',29468.2,18),(19,'polproduktow',95298.6,19),(20,'polproduktow',73746.4,20),(21,'polproduktow',71935.8,21),(22,'materialow',35323.4,22),(23,'polproduktow',6963.8,23),(24,'polproduktow',97333.9,24),(25,'materialow',38283.9,25),(26,'produktow_skonczonych',27317.3,26),(27,'materialow',42537.9,27),(28,'produktow_skonczonych',24275.6,28),(29,'polproduktow',23958.4,29),(30,'materialow',69587.1,30),(31,'polproduktow',4956.9,31),(32,'materialow',26722.9,32),(33,'materialow',39274.5,33),(34,'materialow',9110.1,34),(35,'materialow',65890.8,35),(36,'polproduktow',14164.4,36),(37,'polproduktow',84190.3,37),(38,'polproduktow',38150.5,38),(39,'polproduktow',51470.3,39),(40,'polproduktow',23501.4,40),(41,'polproduktow',11196.3,41),(42,'materialow',92553.1,42),(43,'produktow_skonczonych',41263.6,43),(44,'produktow_skonczonych',48322.5,44),(45,'polproduktow',37649.0,45),(46,'produktow_skonczonych',28055.9,46),(47,'produktow_skonczonych',90886.4,47),(48,'materialow',25908.7,48),(49,'produktow_skonczonych',82180.6,49),(50,'polproduktow',64993.1,50),(51,'produktow_skonczonych',96762.1,51),(52,'produktow_skonczonych',35711.9,52),(53,'polproduktow',33984.3,53),(54,'polproduktow',41564.2,54),(55,'polproduktow',90271.7,55),(56,'polproduktow',67443.6,56),(57,'materialow',85228.7,57),(58,'polproduktow',58433.2,58),(59,'materialow',47416.3,59),(60,'materialow',28088.0,60),(61,'materialow',86356.9,61),(62,'produktow_skonczonych',89578.5,62),(63,'materialow',88478.3,63),(64,'materialow',66957.6,64),(65,'produktow_skonczonych',23104.6,65),(66,'polproduktow',70297.2,66),(67,'polproduktow',43966.5,67),(68,'produktow_skonczonych',17577.2,68),(69,'produktow_skonczonych',16548.3,69),(70,'polproduktow',89949.3,70),(71,'materialow',23327.2,71),(72,'materialow',1707.2,72),(73,'materialow',24518.8,73),(74,'produktow_skonczonych',773.4,74),(75,'materialow',17999.1,75),(76,'materialow',99781.3,76),(77,'produktow_skonczonych',4381.1,77),(78,'polproduktow',61322.0,78),(79,'materialow',6010.9,79),(80,'materialow',94942.0,80),(81,'produktow_skonczonych',43506.4,81),(82,'materialow',52032.1,82),(83,'polproduktow',62106.3,83),(84,'materialow',86986.5,84),(85,'polproduktow',65840.1,85),(86,'produktow_skonczonych',10574.8,86),(87,'polproduktow',14401.0,87),(88,'polproduktow',93902.0,88),(89,'materialow',59118.1,89),(90,'produktow_skonczonych',71559.6,90),(91,'produktow_skonczonych',42857.5,91),(92,'polproduktow',92596.1,92),(93,'produktow_skonczonych',91365.7,93),(94,'polproduktow',82719.7,94),(95,'produktow_skonczonych',82756.0,95),(96,'materialow',2851.7,96),(97,'materialow',86697.1,97),(98,'polproduktow',62999.7,98),(99,'materialow',44552.5,99),(100,'polproduktow',44526.4,100),(101,'materialow',46997.1,101),(102,'materialow',15693.7,102),(103,'materialow',95902.3,103),(104,'materialow',70768.0,104),(105,'polproduktow',94447.0,105),(106,'polproduktow',52355.6,106),(107,'produktow_skonczonych',25902.0,107),(108,'materialow',89016.7,108),(109,'produktow_skonczonych',67459.6,109),(110,'materialow',23194.1,110),(111,'produktow_skonczonych',48202.4,111),(112,'polproduktow',89125.3,112),(113,'produktow_skonczonych',68025.6,113),(114,'materialow',82767.1,114),(115,'produktow_skonczonych',98726.5,115),(116,'materialow',63424.8,116),(117,'polproduktow',1110.2,117),(118,'materialow',94301.3,118),(119,'produktow_skonczonych',12190.8,119),(120,'materialow',92544.8,120),(121,'produktow_skonczonych',15473.4,121),(122,'polproduktow',72897.8,122),(123,'polproduktow',55998.2,123),(124,'materialow',8510.3,124),(125,'produktow_skonczonych',97520.9,125),(126,'materialow',83987.8,126),(127,'materialow',1133.0,127),(128,'produktow_skonczonych',80432.6,128),(129,'produktow_skonczonych',69756.7,129),(130,'materialow',36177.6,130),(131,'materialow',70473.8,131),(132,'polproduktow',60283.3,132),(133,'produktow_skonczonych',91555.7,133),(134,'produktow_skonczonych',33559.5,134),(135,'produktow_skonczonych',51944.3,135),(136,'produktow_skonczonych',16899.1,136),(137,'polproduktow',40492.8,137),(138,'produktow_skonczonych',28678.2,138),(139,'materialow',94527.5,139),(140,'materialow',26629.0,140),(141,'materialow',64626.6,141),(142,'polproduktow',88423.2,142),(143,'polproduktow',60105.8,143),(144,'produktow_skonczonych',91306.6,144),(145,'produktow_skonczonych',14797.8,145),(146,'produktow_skonczonych',67842.0,146),(147,'produktow_skonczonych',13182.7,147),(148,'materialow',39741.1,148),(149,'materialow',33358.6,149),(150,'produktow_skonczonych',45365.9,150),(151,'produktow_skonczonych',48841.6,151),(152,'materialow',69471.9,152),(153,'polproduktow',89723.4,153),(154,'produktow_skonczonych',58720.6,154),(155,'produktow_skonczonych',82202.3,155),(156,'produktow_skonczonych',5983.8,156),(157,'produktow_skonczonych',3403.6,157),(158,'polproduktow',39597.5,158),(159,'produktow_skonczonych',83416.1,159),(160,'produktow_skonczonych',45422.9,160),(161,'produktow_skonczonych',74932.2,161),(162,'produktow_skonczonych',76487.1,162),(163,'materialow',50225.5,163),(164,'polproduktow',25015.6,164),(165,'produktow_skonczonych',23821.5,165),(166,'produktow_skonczonych',15173.1,166),(167,'materialow',6105.3,167),(168,'materialow',76791.8,168),(169,'polproduktow',95601.5,169),(170,'polproduktow',6394.9,170),(171,'produktow_skonczonych',86758.4,171),(172,'produktow_skonczonych',58707.6,172),(173,'polproduktow',16834.5,173),(174,'produktow_skonczonych',25652.1,174),(175,'materialow',85818.5,175),(176,'materialow',31839.3,176),(177,'produktow_skonczonych',252.5,177),(178,'polproduktow',46987.9,178),(179,'polproduktow',81325.9,179),(180,'materialow',64192.0,180),(181,'polproduktow',78998.2,181),(182,'produktow_skonczonych',85479.2,182),(183,'produktow_skonczonych',53356.3,183),(184,'polproduktow',46570.1,184),(185,'polproduktow',49319.2,185),(186,'polproduktow',12695.9,186),(187,'produktow_skonczonych',27437.2,187),(188,'materialow',26249.8,188),(189,'polproduktow',32063.5,189),(190,'polproduktow',99843.3,190),(191,'produktow_skonczonych',97828.1,191),(192,'materialow',55414.3,192),(193,'materialow',30964.9,193),(194,'polproduktow',34083.8,194),(195,'materialow',75045.9,195),(196,'polproduktow',64238.2,196),(197,'materialow',93159.7,197),(198,'produktow_skonczonych',45366.4,198),(199,'produktow_skonczonych',94926.7,199),(200,'materialow',47481.6,200),(201,'polproduktow',23042.9,201),(202,'polproduktow',78664.2,202),(203,'materialow',99958.2,203),(204,'polproduktow',64494.6,204),(205,'polproduktow',38286.8,205),(206,'materialow',27319.6,206),(207,'produktow_skonczonych',78928.2,207),(208,'polproduktow',59156.8,208),(209,'materialow',94246.6,209),(210,'polproduktow',65462.5,210),(211,'polproduktow',24428.8,211),(212,'polproduktow',32521.0,212),(213,'produktow_skonczonych',53545.6,213),(214,'polproduktow',89108.6,214),(215,'materialow',75190.5,215),(216,'polproduktow',56684.3,216),(217,'materialow',21189.8,217),(218,'produktow_skonczonych',16256.2,218),(219,'produktow_skonczonych',56336.9,219),(220,'materialow',80110.6,220),(221,'polproduktow',29301.5,221),(222,'polproduktow',69507.0,222),(223,'produktow_skonczonych',93286.6,223),(224,'materialow',68265.2,224),(225,'materialow',55869.8,225),(226,'produktow_skonczonych',54705.4,226),(227,'materialow',68634.0,227),(228,'produktow_skonczonych',64298.8,228),(229,'polproduktow',30393.2,229),(230,'produktow_skonczonych',80747.4,230),(231,'produktow_skonczonych',83703.7,231),(232,'polproduktow',83259.3,232),(233,'materialow',7166.9,233),(234,'materialow',57555.6,234),(235,'polproduktow',66998.1,235),(236,'polproduktow',19209.9,236),(237,'produktow_skonczonych',37834.4,237),(238,'materialow',92864.3,238),(239,'produktow_skonczonych',95853.4,239),(240,'polproduktow',60874.9,240),(241,'produktow_skonczonych',86026.5,241),(242,'materialow',34184.0,242),(243,'materialow',52259.5,243),(244,'materialow',30701.1,244),(245,'polproduktow',77549.9,245),(246,'polproduktow',31523.5,246),(247,'polproduktow',69113.6,247),(248,'produktow_skonczonych',88254.2,248),(249,'produktow_skonczonych',23051.2,249),(250,'materialow',47765.4,250),(251,'materialow',61616.1,251),(252,'polproduktow',61065.0,252),(253,'polproduktow',39365.7,253),(254,'polproduktow',98805.0,254),(255,'materialow',16498.0,255),(256,'produktow_skonczonych',39858.6,256),(257,'produktow_skonczonych',89705.0,257),(258,'materialow',86116.2,258),(259,'materialow',71181.5,259),(260,'materialow',22655.8,260),(261,'materialow',95049.7,261),(262,'materialow',15285.7,262),(263,'polproduktow',29673.6,263),(264,'materialow',277.9,264),(265,'produktow_skonczonych',73307.6,265),(266,'produktow_skonczonych',77012.0,266),(267,'produktow_skonczonych',28396.6,267),(268,'materialow',64495.6,268),(269,'materialow',22721.7,269),(270,'produktow_skonczonych',99431.0,270),(271,'materialow',43863.7,271),(272,'produktow_skonczonych',60677.3,272),(273,'polproduktow',43817.6,273),(274,'polproduktow',37601.4,274),(275,'polproduktow',55289.3,275),(276,'produktow_skonczonych',80437.8,276),(277,'polproduktow',93558.9,277),(278,'produktow_skonczonych',67089.8,278),(279,'materialow',78122.2,279),(280,'polproduktow',22209.2,280),(281,'polproduktow',48862.0,281),(282,'materialow',16899.6,282),(283,'materialow',7.5,283),(284,'polproduktow',83842.3,284),(285,'materialow',21971.3,285),(286,'materialow',2260.4,286),(287,'produktow_skonczonych',48120.0,287),(288,'materialow',71516.4,288),(289,'materialow',33248.1,289),(290,'materialow',94450.8,290),(291,'polproduktow',13568.2,291),(292,'polproduktow',40033.3,292),(293,'polproduktow',62869.9,293),(294,'polproduktow',83055.5,294),(295,'materialow',69128.3,295),(296,'materialow',93023.6,296),(297,'polproduktow',37266.5,297),(298,'polproduktow',96263.4,298),(299,'produktow_skonczonych',50909.1,299),(300,'polproduktow',14958.7,300);
/*!40000 ALTER TABLE `Magazyn` ENABLE KEYS */;
UNLOCK TABLES;

--
-- Table structure for table `Operacje`
--

DROP TABLE IF EXISTS `Operacje`;
/*!40101 SET @saved_cs_client     = @@character_set_client */;
/*!40101 SET character_set_client = utf8 */;
CREATE TABLE `Operacje` (
  `idOperacja` int(11) NOT NULL AUTO_INCREMENT,
  `iloscPrzed` decimal(6,2) NOT NULL,
  `iloscPo` decimal(6,2) DEFAULT NULL,
  `dataPoczatku` datetime NOT NULL,
  `dataZakonczenia` datetime DEFAULT NULL,
  `zawartoscAlkoholu` decimal(2,1) DEFAULT NULL,
  `iloscDodatku` decimal(3,1) DEFAULT NULL COMMENT 'np pozywka drozdzy\n',
  `zawartoscCukru` decimal(2,1) DEFAULT NULL,
  `kwasowosc` decimal(2,1) DEFAULT NULL COMMENT 'pH',
  `temperatura` decimal(2,1) DEFAULT NULL,
  `opis` varchar(255) DEFAULT NULL,
  `uzytkownicyIdUzytkownicy` int(11) NOT NULL,
  `dictProcesyIdDictProcesy` int(11) NOT NULL,
  PRIMARY KEY (`idOperacja`),
  UNIQUE KEY `idOperacja_UNIQUE` (`idOperacja`),
  KEY `fk_operacyjna_uzytkownicy1_idx` (`uzytkownicyIdUzytkownicy`),
  KEY `fk_operacyjna_dict_procesy1_idx` (`dictProcesyIdDictProcesy`),
  CONSTRAINT `fk_operacyjna_dict_procesy1` FOREIGN KEY (`dictProcesyIdDictProcesy`) REFERENCES `DictProcesy` (`idDictProcesy`) ON DELETE CASCADE ON UPDATE CASCADE,
  CONSTRAINT `fk_operacyjna_uzytkownicy1` FOREIGN KEY (`uzytkownicyIdUzytkownicy`) REFERENCES `Uzytkownicy` (`idUzytkownika`) ON DELETE CASCADE ON UPDATE CASCADE
) ENGINE=InnoDB AUTO_INCREMENT=301 DEFAULT CHARSET=utf8;
/*!40101 SET character_set_client = @saved_cs_client */;

--
-- Dumping data for table `Operacje`
--

LOCK TABLES `Operacje` WRITE;
/*!40000 ALTER TABLE `Operacje` DISABLE KEYS */;
INSERT INTO `Operacje` VALUES (1,5556.30,8913.18,'2018-12-19 04:59:12','2019-01-18 19:56:33',8.7,2.6,9.2,9.9,7.1,'index Home fuchsia Checking Account Alaska',1,7),(2,7341.43,2637.93,'2018-12-19 03:53:42','2019-03-28 01:35:11',4.1,4.9,1.2,7.2,1.5,'Bedfordshire deposit withdrawal Technician platforms',2,8),(3,1382.49,7745.94,'2018-12-18 14:39:36','2019-05-09 22:50:02',4.6,7.9,7.9,9.0,5.4,'Fantastic Cotton Gloves Missouri Tajikistan Incredible Steel Chair Trail',3,3),(4,4378.16,4953.56,'2018-12-19 11:49:18','2019-02-17 14:48:43',0.4,5.9,6.8,8.3,7.3,'interface Georgia Stream Malaysian Ringgit white',4,7),(5,8743.30,4474.54,'2018-12-18 18:07:34','2019-01-11 04:41:48',6.5,5.5,1.8,8.9,7.2,'Intelligent Forest value-added Port purple',5,5),(6,8688.10,6894.62,'2018-12-19 12:50:11','2019-09-09 04:32:41',7.0,1.8,7.1,9.0,7.1,'virtual payment Accounts index Berkshire',6,8),(7,6992.10,8456.32,'2018-12-19 11:39:06','2019-09-10 12:29:29',9.6,9.0,3.7,4.1,3.9,'haptic JSON Bacon Money Market Account Reunion',7,3),(8,8517.90,3024.70,'2018-12-18 16:20:58','2019-06-16 11:31:50',0.7,2.0,5.4,0.0,2.2,'microchip Barbados Outdoors virtual users',8,6),(9,2811.96,3849.18,'2018-12-19 00:12:10','2019-10-14 09:10:41',5.3,1.2,3.3,3.0,9.5,'Directives firewall pixel eco-centric embrace',9,6),(10,3152.59,3655.77,'2018-12-19 10:57:13','2019-11-24 19:07:12',6.6,7.4,8.3,7.7,4.7,'Checking Account driver generate Monitored Forges',10,1),(11,1981.14,5754.42,'2018-12-19 11:42:22','2019-02-10 15:55:36',2.6,6.5,3.4,4.3,2.9,'Refined Checking Account Switchable Licensed Wooden Fish executive',11,1),(12,7348.81,4075.50,'2018-12-18 14:33:19','2019-09-26 11:47:41',8.9,4.1,8.3,6.5,9.4,'compressing e-services synthesizing withdrawal end-to-end',12,3),(13,7490.37,4815.75,'2018-12-18 21:08:39','2019-05-14 10:48:19',2.5,0.7,6.0,1.6,0.3,'Arkansas rich e-enable Security Metrics',13,7),(14,9530.23,7534.82,'2018-12-18 23:59:39','2019-06-10 05:16:09',5.5,7.0,7.8,4.8,0.8,'AGP content-based Awesome deposit Fiji',14,9),(15,2774.66,6071.92,'2018-12-18 14:29:20','2019-06-25 07:40:15',2.1,4.1,1.0,6.2,7.1,'indigo Palau bifurcated system-worthy Applications',15,8),(16,2832.70,3391.74,'2018-12-18 15:42:38','2019-08-20 03:25:00',8.3,5.3,9.0,0.3,6.2,'Viaduct Wyoming SSL Team-oriented Credit Card Account',16,6),(17,697.25,4529.72,'2018-12-18 14:43:41','2019-07-06 23:26:42',9.2,1.8,8.2,5.1,3.7,'Tasty Samoa Beauty Investment Account Berkshire',17,3),(18,855.43,736.18,'2018-12-18 18:50:01','2019-04-18 15:14:58',9.5,6.2,0.6,2.3,8.6,'online Cambridgeshire value-added violet FTP',18,11),(19,4113.98,5630.55,'2018-12-19 08:55:14','2019-07-02 11:07:12',3.5,8.8,6.1,2.6,1.1,'Senior Focused Chips Car e-business',19,11),(20,5671.92,7892.72,'2018-12-19 04:30:20','2019-02-23 12:59:51',2.5,3.8,9.3,6.8,7.1,'Investment Account program Intelligent haptic full-range',20,7),(21,4867.26,9625.93,'2018-12-18 18:10:15','2019-06-17 16:54:41',6.7,9.8,2.3,2.4,8.9,'capacitor Handcrafted Plastic Keyboard plug-and-play coherent extend',21,2),(22,7654.85,711.52,'2018-12-19 03:00:10','2019-10-23 12:48:58',1.8,6.5,5.7,3.3,1.5,'product multi-state Buckinghamshire override monetize',22,11),(23,2987.61,7570.39,'2018-12-19 10:49:19','2019-12-02 16:08:27',3.3,4.7,9.8,2.5,8.6,'transmitting program withdrawal compressing Savings Account',23,1),(24,9452.32,287.55,'2018-12-18 14:13:40','2019-12-13 19:35:22',4.3,1.2,6.7,3.4,5.6,'Colorado Manager Movies Small Concrete Chair auxiliary',24,2),(25,9451.31,6377.95,'2018-12-18 23:26:42','2019-09-23 03:22:11',1.5,6.3,8.5,2.1,3.8,'HDD Fantastic Soft Chips IB Belarus payment',25,3),(26,1985.79,3980.66,'2018-12-19 07:43:03','2019-01-19 04:19:19',5.0,2.3,3.2,3.6,4.6,'Gloves Nebraska orchid Books Ameliorated',26,6),(27,2506.57,1792.89,'2018-12-19 10:31:07','2019-08-28 00:20:03',5.1,4.3,5.7,1.5,9.1,'bluetooth Colombia collaborative Reduced incentivize',27,1),(28,4617.83,4142.35,'2018-12-18 23:43:14','2019-03-03 01:07:36',9.9,5.8,9.0,0.7,3.2,'Liaison e-enable North Carolina Games Centers',28,1),(29,4601.81,7806.43,'2018-12-19 01:42:45','2019-05-27 13:54:09',1.2,3.8,6.8,1.5,0.5,'Tools Ergonomic Soft Pizza Sleek Maine Table',29,5),(30,3946.42,3033.77,'2018-12-19 07:20:03','2019-11-09 06:53:36',0.6,8.8,1.1,1.4,4.3,'projection Fantastic firewall Pizza Chilean Peso Unidades de fomento',30,1),(31,6140.24,9575.81,'2018-12-18 19:43:24','2019-03-31 20:31:06',5.4,4.3,1.2,0.3,6.1,'Chief Paradigm mindshare Intranet withdrawal',31,6),(32,6028.73,9398.40,'2018-12-18 18:19:36','2019-04-19 02:28:11',9.4,7.3,8.1,8.5,6.0,'compressing Tennessee synthesizing Legacy systemic',32,7),(33,1614.43,6211.95,'2018-12-18 22:51:19','2019-05-24 18:10:49',3.2,5.6,2.9,4.9,7.1,'copying bandwidth Orchestrator Fish Regional',33,6),(34,380.33,2068.96,'2018-12-18 22:59:04','2019-12-07 00:38:40',9.5,9.8,7.3,1.7,2.4,'Tasty Frozen Computer Tasty Concrete Table Tajikistan Solutions encompassing',34,5),(35,6255.60,8975.18,'2018-12-18 14:47:59','2019-07-05 02:06:52',9.2,5.5,7.3,9.8,1.0,'Interactions hack markets payment Branding',35,4),(36,8340.25,2578.13,'2018-12-18 20:11:48','2019-02-27 22:05:18',2.9,0.4,4.9,1.7,8.5,'indexing Pizza bandwidth panel deposit',36,4),(37,4298.75,7596.15,'2018-12-18 19:17:36','2019-08-15 12:59:31',3.3,8.1,4.4,1.8,6.5,'service-desk payment Serbian Dinar Avon XML',37,7),(38,5372.70,9713.72,'2018-12-19 03:46:25','2019-06-20 16:04:22',3.1,5.9,5.9,4.4,0.5,'Lights Ethiopian Birr Computer Nebraska invoice',38,10),(39,8775.73,2353.57,'2018-12-19 03:06:06','2019-12-13 11:58:40',3.3,8.3,5.6,4.3,1.5,'THX Horizontal Kids Electronics optical',39,10),(40,6471.83,6547.81,'2018-12-18 16:36:41','2019-02-07 04:03:20',4.4,9.8,5.8,6.2,6.3,'deliver Associate systemic Louisiana Cotton',40,1),(41,6998.71,6870.39,'2018-12-19 04:02:42','2019-10-29 18:29:21',2.9,5.0,0.3,2.3,1.4,'deposit Function-based withdrawal Orchestrator system',41,10),(42,3305.47,8414.93,'2018-12-19 05:38:13','2019-04-16 17:50:51',8.0,1.9,5.1,0.2,0.5,'Handcrafted Fresh Fish Intelligent USB Architect Gorgeous',42,2),(43,7833.63,5154.28,'2018-12-18 16:17:29','2018-12-29 03:12:23',4.4,4.2,7.4,9.7,0.1,'Brunei Dollar structure driver uniform hard drive',43,8),(44,558.80,2797.45,'2018-12-18 15:41:15','2019-08-20 21:18:40',5.1,4.1,2.6,6.9,1.8,'hack Home Loan Account Washington Granite blue',44,6),(45,1174.96,4381.53,'2018-12-18 16:36:15','2019-03-19 13:25:07',6.1,1.1,5.0,2.8,6.1,'embrace violet Personal Loan Account Cambridgeshire Investor',45,4),(46,6457.38,4672.32,'2018-12-18 17:52:29','2019-08-24 19:45:14',5.9,6.6,4.6,0.4,8.7,'backing up Awesome Profound Internal markets',46,7),(47,5308.46,5552.77,'2018-12-18 14:06:06','2019-09-17 05:52:07',0.5,5.8,0.4,2.3,1.8,'Cotton Bedfordshire Baby Sleek Fresh Table Tasty',47,4),(48,9835.79,9872.65,'2018-12-19 00:07:28','2019-11-17 08:56:57',4.8,5.8,7.2,6.3,5.0,'seize Intelligent Car networks fresh-thinking',48,3),(49,7452.10,4491.38,'2018-12-18 18:47:57','2019-07-11 13:30:58',2.8,5.0,3.1,0.0,5.3,'Kuwait world-class driver matrix XSS',49,1),(50,8074.43,4611.92,'2018-12-19 07:15:46','2019-10-11 21:20:43',5.6,0.1,1.6,4.9,5.0,'Diverse partnerships override Avon hardware',50,7),(51,3665.20,3979.33,'2018-12-18 23:24:59','2019-03-06 16:30:41',2.4,3.3,3.9,8.3,8.5,'Bedfordshire Corporate port Savings Account Managed',51,4),(52,5664.50,8222.95,'2018-12-18 17:42:40','2019-03-29 17:01:00',9.7,0.7,5.7,7.5,0.1,'Point South Carolina brand Zambia leverage',52,5),(53,1279.98,3547.99,'2018-12-18 15:15:12','2019-05-10 21:49:17',4.7,8.5,5.6,1.8,0.5,'orchid Mongolia Graphical User Interface encryption calculate',53,9),(54,7427.22,5574.90,'2018-12-18 19:04:03','2019-01-27 20:47:05',2.0,8.3,3.9,9.5,6.8,'Euro Incredible Steel Sausages calculate synergize platforms',54,9),(55,3395.20,1925.35,'2018-12-18 22:58:24','2019-08-01 02:20:23',0.3,5.0,4.3,1.9,1.1,'Granite Grocery Jewelery TCP Web',55,7),(56,5394.59,9650.18,'2018-12-19 11:19:31','2018-12-26 02:51:27',2.3,8.2,8.7,4.6,4.3,'silver South Dakota Kazakhstan real-time transparent',56,6),(57,1715.70,4751.39,'2018-12-18 18:25:36','2019-06-04 03:26:00',4.4,5.5,8.3,4.7,8.6,'Malta Cotton quantifying Books Alaska',57,10),(58,4134.86,1655.59,'2018-12-18 14:44:14','2019-08-06 13:52:43',6.9,9.7,6.7,3.3,7.8,'Hill Associate Salad Rapids transmitting',58,8),(59,2979.90,2052.34,'2018-12-19 11:47:28','2019-04-24 23:33:59',0.6,5.0,0.6,2.6,2.5,'PNG withdrawal Knoll application Fantastic Concrete Mouse',59,6),(60,506.33,9643.20,'2018-12-19 12:56:26','2019-10-23 18:48:35',6.0,6.4,0.5,5.3,6.8,'Gorgeous Avon Platinum RAM bandwidth',60,1),(61,9602.49,3489.44,'2018-12-18 14:23:00','2019-06-06 14:44:21',0.6,2.5,5.1,4.5,9.0,'Haiti transitional experiences Wooden Officer',61,5),(62,2061.55,2306.53,'2018-12-18 17:31:42','2019-12-14 18:44:39',2.8,7.9,4.0,1.7,1.5,'Granite parsing Lithuania Awesome Cotton Chicken neutral',62,6),(63,2060.77,8874.58,'2018-12-19 06:58:16','2019-11-18 14:42:52',4.5,1.1,6.9,1.0,3.3,'transitional Sports Berkshire transmit Sausages',63,7),(64,6639.16,6891.70,'2018-12-19 12:09:18','2019-01-18 23:58:54',7.1,7.7,7.7,0.5,4.0,'Tasty alarm Electronics Optimization Intelligent',64,11),(65,982.47,9165.88,'2018-12-19 04:58:16','2019-10-12 20:34:20',5.0,2.2,0.6,2.9,7.9,'Buckinghamshire Bedfordshire Games Russian Ruble SMTP',65,7),(66,9549.66,4050.83,'2018-12-19 08:50:05','2019-11-05 11:35:57',9.4,1.4,9.3,2.3,4.0,'Fantastic Metal Gloves Cambridgeshire Kids partnerships Steel',66,10),(67,9745.63,4543.82,'2018-12-19 13:19:48','2019-04-05 12:46:55',7.6,6.4,1.4,6.1,4.1,'scalable quantifying Senior sensor Quality',67,7),(68,6959.45,9615.10,'2018-12-19 10:01:00','2019-11-07 01:08:24',5.8,2.3,7.2,9.2,6.3,'Argentine Peso Ergonomic disintermediate Orchestrator Sleek',68,6),(69,3510.51,1614.26,'2018-12-19 07:25:03','2019-07-23 03:19:02',0.1,5.0,6.9,1.5,3.3,'Paradigm Pre-emptive Planner Pa\'anga neural-net',69,5),(70,7229.20,4328.53,'2018-12-18 15:55:54','2019-02-26 01:38:58',0.2,0.5,4.5,4.7,0.3,'Awesome Metal Soap project Chicken networks Handcrafted',70,5),(71,3383.45,4145.81,'2018-12-19 02:16:06','2019-01-23 08:11:53',2.0,8.7,5.7,1.6,2.5,'Adaptive Unbranded collaboration Divide Tools',71,6),(72,8141.65,1504.97,'2018-12-19 09:11:55','2019-06-15 02:58:56',5.1,3.2,9.3,1.4,2.0,'collaborative Personal Loan Account extensible AI Officer',72,6),(73,2129.97,9969.89,'2018-12-19 04:36:13','2019-10-06 03:11:53',0.1,4.5,9.4,1.6,0.6,'Table Credit Card Account Total Platinum Clothing',73,2),(74,2675.36,6447.63,'2018-12-19 08:49:04','2019-11-23 08:23:28',9.2,1.7,1.1,1.4,7.2,'primary Self-enabling Hawaii sticky Legacy',74,5),(75,3172.46,7888.40,'2018-12-19 12:25:06','2019-05-05 13:50:18',8.8,8.7,3.1,5.6,6.7,'enhance bricks-and-clicks Central program XML',75,4),(76,2150.18,155.23,'2018-12-19 04:48:53','2019-04-02 02:43:53',8.4,8.9,4.7,2.3,5.3,'index website transparent Haven lavender',76,3),(77,8576.30,1999.59,'2018-12-19 11:31:25','2019-04-27 10:21:58',4.9,8.5,5.9,6.9,2.8,'auxiliary Unbranded Nicaragua Shoes Awesome',77,4),(78,9825.60,5429.82,'2018-12-19 10:16:34','2019-06-21 08:45:49',1.2,7.1,6.4,9.8,1.7,'Unbranded productivity THX Liaison 1080p',78,6),(79,8074.20,8826.96,'2018-12-19 01:35:05','2019-04-28 03:14:43',3.6,1.3,6.1,0.5,2.0,'Ouguiya Chicken tan generating payment',79,11),(80,129.80,2056.71,'2018-12-19 10:36:54','2019-02-05 01:17:11',7.3,0.1,3.1,8.2,9.0,'Personal Loan Account Assurance Engineer Borders e-markets',80,2),(81,538.20,8083.91,'2018-12-19 03:03:11','2019-06-06 14:39:52',4.5,8.7,5.4,7.6,7.0,'Games Gorgeous Savings Account Inverse Progressive',81,11),(82,8844.67,5252.45,'2018-12-18 20:46:00','2019-11-30 18:08:16',0.5,9.8,2.4,0.4,5.0,'Adaptive Computers digital microchip bricks-and-clicks',82,9),(83,5658.72,4802.00,'2018-12-19 03:05:32','2019-11-23 23:31:04',0.5,5.5,2.5,8.3,7.6,'Tasty transmitter Checking Account Gloves Industrial',83,5),(84,3336.10,9935.77,'2018-12-19 03:21:10','2019-11-20 08:25:53',8.4,9.4,3.5,0.3,4.6,'Communications moderator withdrawal Sweden Unbranded Metal Shirt',84,6),(85,2595.20,16.79,'2018-12-18 15:37:01','2019-07-15 02:19:51',8.9,6.9,5.3,7.5,9.8,'PNG Agent Director redundant mindshare',85,2),(86,491.76,719.56,'2018-12-19 04:07:24','2019-11-25 20:03:31',4.0,5.0,0.0,0.7,2.3,'virtual Practical Granite Chair Specialist architectures Inverse',86,9),(87,3351.50,7362.98,'2018-12-18 18:30:20','2019-03-13 02:36:55',5.2,8.9,5.6,6.8,7.5,'Dalasi Handmade Frozen Pizza platforms Small bypass',87,4),(88,4639.40,2188.62,'2018-12-19 05:55:42','2019-04-13 07:31:07',7.2,6.4,6.5,2.8,1.0,'JBOD Hat Home Loan Account turquoise override',88,2),(89,3765.83,5596.36,'2018-12-18 15:09:55','2019-11-22 15:20:24',1.8,0.3,4.4,7.9,6.1,'initiative Checking Account Customer Pakistan Rupee Analyst',89,5),(90,6657.50,1007.57,'2018-12-18 14:59:51','2019-02-26 11:59:58',5.5,7.3,2.3,7.8,3.8,'payment Principal clicks-and-mortar Pike teal',90,11),(91,2926.37,2745.16,'2018-12-18 17:54:08','2019-04-02 19:46:49',4.4,3.3,9.8,1.0,3.2,'hacking tan user-centric Guinea Franc Walk',91,11),(92,5166.46,9216.19,'2018-12-19 09:34:27','2019-09-27 09:49:36',6.8,8.0,9.2,8.1,1.5,'experiences Credit Card Account 24 hour white neural',92,8),(93,9598.43,5089.20,'2018-12-19 00:16:05','2019-03-31 12:46:35',0.6,4.9,6.2,6.8,3.5,'Investment Account withdrawal Green Ball grey',93,8),(94,4258.79,7512.90,'2018-12-18 16:05:50','2019-06-23 09:39:14',4.1,7.7,5.1,3.3,9.1,'Leone pink Metal azure Small',94,10),(95,567.20,8412.31,'2018-12-19 07:56:01','2019-12-01 23:25:29',3.6,0.4,7.9,9.0,7.3,'transition olive orange reintermediate web-enabled',95,11),(96,284.33,4688.14,'2018-12-19 07:18:42','2019-03-19 05:40:34',5.6,1.8,3.6,3.6,8.1,'bifurcated quantify upward-trending Proactive Representative',96,9),(97,9406.61,846.11,'2018-12-18 22:31:13','2019-07-27 03:53:29',2.1,4.8,6.0,6.8,0.5,'Investment Account Shoes Human Chief SSL',97,9),(98,8627.70,2415.32,'2018-12-19 00:35:28','2019-07-24 08:22:29',4.0,4.2,7.1,4.2,2.2,'Shoes Soft communities dynamic Tennessee',98,2),(99,825.89,3223.36,'2018-12-18 16:45:21','2018-12-24 16:10:50',5.2,1.6,1.8,4.8,6.8,'ROI process improvement zero defect program teal',99,10),(100,4949.96,5722.92,'2018-12-18 23:14:18','2019-02-15 18:43:33',0.1,9.6,2.7,2.9,3.6,'Investment Account Borders matrices bluetooth Gibraltar Pound',100,11),(101,421.67,5316.96,'2018-12-18 17:57:38','2019-07-22 14:57:36',6.7,5.4,2.5,7.0,7.4,'Indian Rupee Steel granular synthesizing copy',101,7),(102,7039.17,1608.53,'2018-12-18 18:10:35','2019-10-22 19:50:23',8.2,2.5,4.1,6.6,7.9,'synthesizing teal executive secondary Investor',102,2),(103,5273.91,4645.10,'2018-12-19 02:57:05','2019-05-08 09:16:12',8.2,1.7,1.9,2.1,1.4,'Buckinghamshire Fresh Corporate Lempira Handmade Frozen Bike',103,7),(104,7713.59,5780.71,'2018-12-19 12:08:03','2019-05-09 23:38:25',4.8,2.2,1.0,9.0,9.1,'Auto Loan Account methodologies Web Ergonomic Fresh Pizza Investment Account',104,2),(105,8714.11,4851.28,'2018-12-18 22:48:04','2019-04-28 06:49:25',4.6,9.8,5.1,6.3,8.8,'ROI Brand Cove deposit mint green',105,10),(106,580.35,4964.58,'2018-12-19 07:37:04','2019-08-12 08:52:12',7.8,2.1,5.6,2.6,5.9,'metrics Personal Loan Account relationships revolutionize Sports',106,4),(107,6847.72,9066.18,'2018-12-18 20:21:46','2019-10-29 23:36:29',8.6,9.2,0.4,0.0,6.9,'yellow backing up Front-line Future-proofed Product',107,7),(108,7249.00,6257.93,'2018-12-19 03:58:13','2019-04-11 06:15:06',1.3,2.2,6.8,6.1,1.8,'Branding Liaison deposit Michigan Facilitator',108,2),(109,1386.79,5941.43,'2018-12-19 07:22:11','2019-04-27 05:15:03',2.3,1.7,6.9,2.5,5.9,'Product Auto Loan Account invoice Branding Harbors',109,2),(110,2348.20,4373.73,'2018-12-19 12:44:15','2019-09-01 23:42:01',4.7,0.2,1.8,4.2,9.8,'PCI Shirt Technician Money Market Account sky blue',110,1),(111,2709.80,113.57,'2018-12-18 20:21:53','2019-07-24 10:31:28',0.8,8.2,7.0,9.0,0.6,'PCI Ridges Gourde US Dollar client-driven Principal',111,3),(112,5585.47,4597.86,'2018-12-18 20:39:19','2019-06-11 08:31:55',2.5,8.6,3.7,0.1,7.2,'transmitter Automotive Generic Sausages Taka',112,1),(113,2634.45,8720.60,'2018-12-18 16:27:38','2019-05-23 04:51:28',3.8,9.8,6.7,2.1,7.3,'indigo Credit Card Account Savings Account Dominican Republic moderator',113,2),(114,96.84,3009.36,'2018-12-18 14:23:32','2019-09-12 19:48:33',8.4,2.7,9.0,2.8,8.6,'scalable drive impactful alarm Kuwait',114,4),(115,4884.29,7194.51,'2018-12-19 07:39:15','2019-12-01 15:34:14',1.8,7.9,0.6,8.7,6.0,'Graphic Interface Principal South Georgia and the South Sandwich Islands maximize Savings Account',115,7),(116,1267.29,2017.19,'2018-12-19 12:56:38','2019-09-25 07:27:20',8.4,3.9,6.3,3.6,8.3,'Auto Loan Account auxiliary invoice Investment Account user-facing',116,8),(117,6246.11,5369.45,'2018-12-18 20:07:46','2019-07-13 17:38:09',3.3,6.7,8.4,6.9,5.0,'Cambridgeshire Music Future collaborative Frozen',117,4),(118,7239.36,7109.93,'2018-12-19 06:56:59','2019-12-11 09:26:06',0.1,4.3,5.8,2.8,1.2,'Shoes Generic card Fantastic Berkshire',118,5),(119,9965.92,8361.70,'2018-12-19 10:28:22','2019-03-13 10:00:24',0.7,9.6,7.3,2.6,8.5,'lime Regional toolset support Botswana',119,6),(120,8643.89,2558.21,'2018-12-19 11:13:02','2019-02-11 17:11:20',2.4,0.8,0.1,0.3,0.2,'Plastic action-items deposit interactive synthesizing',120,11),(121,781.19,2614.57,'2018-12-18 22:56:45','2019-06-08 22:24:25',1.5,5.9,6.1,6.1,4.4,'Refined gold Associate EXE scalable',121,8),(122,4045.75,2153.26,'2018-12-19 08:06:09','2019-09-29 01:05:23',4.9,9.7,1.4,9.7,4.6,'Accounts compressing Maine system Investment Account',122,4),(123,2123.74,8642.26,'2018-12-19 07:27:13','2019-07-27 03:22:30',1.2,3.5,9.1,1.9,8.1,'Forward Credit Card Account Chief Home Loan Account Trace',123,2),(124,3801.43,8444.70,'2018-12-19 11:22:06','2019-02-15 01:42:47',2.3,0.2,5.4,8.9,8.3,'overriding payment transmitting Ball Communications',124,10),(125,7771.51,6380.79,'2018-12-19 05:58:11','2019-05-24 22:40:39',0.2,4.4,4.2,1.2,0.8,'Streamlined web services value-added Principal Crest',125,4),(126,6739.41,1843.86,'2018-12-18 22:03:50','2019-06-26 20:57:42',8.7,9.5,4.5,3.7,0.2,'withdrawal vertical Connecticut capacitor Albania',126,1),(127,4935.85,8578.20,'2018-12-19 02:03:18','2019-11-28 00:17:56',3.7,6.7,1.1,3.1,4.8,'AGP Liberia Computer program evolve',127,6),(128,1786.86,4516.17,'2018-12-19 13:07:20','2019-06-06 03:08:38',1.1,1.0,4.4,3.4,4.0,'Checking Account Licensed Plastic Shoes metrics invoice Borders',128,1),(129,9502.28,4394.44,'2018-12-19 01:35:33','2019-07-03 04:25:32',7.9,5.1,4.0,3.1,5.5,'deliverables Rustic Granite Pizza scalable invoice bus',129,1),(130,7865.83,2751.83,'2018-12-18 14:47:50','2018-12-23 14:07:44',9.5,0.7,5.6,8.2,1.7,'withdrawal Sleek SAS capacity Baby',130,6),(131,6436.69,2703.78,'2018-12-19 05:27:37','2019-04-23 10:42:41',7.1,9.0,9.7,2.9,5.5,'Colorado primary Books repurpose Developer',131,6),(132,7745.68,8992.77,'2018-12-19 00:32:09','2019-03-03 09:11:14',1.4,9.7,6.1,9.8,8.3,'overriding Investment Account bi-directional payment auxiliary',132,7),(133,3137.28,3898.61,'2018-12-19 08:42:29','2019-10-04 07:27:42',5.3,9.1,6.2,3.7,6.6,'Unbranded Wallis and Futuna feed Clothing Specialist',133,6),(134,7577.75,7649.80,'2018-12-19 07:00:35','2019-11-05 10:49:34',1.8,5.7,8.5,2.0,6.4,'European Unit of Account 9(E.U.A.-9) encoding exuding Computers applications',134,6),(135,2123.53,4947.47,'2018-12-19 10:56:15','2019-03-26 08:13:32',0.1,4.2,1.8,8.4,7.8,'Cameroon payment Enterprise-wide reintermediate Optimization',135,9),(136,3350.24,3801.91,'2018-12-19 01:50:58','2019-08-17 16:03:35',2.8,0.8,4.2,4.4,9.7,'Rustic superstructure Credit Card Account Frozen full-range',136,9),(137,6793.29,7336.46,'2018-12-19 11:39:15','2019-06-05 13:23:38',6.1,7.0,7.3,5.3,0.8,'alarm navigate haptic Fresh Phased',137,2),(138,7452.44,7589.47,'2018-12-19 00:06:57','2019-11-25 07:49:28',9.2,8.9,1.2,4.6,7.1,'Swiss Franc Reactive envisioneer exploit exploit',138,10),(139,6981.10,7741.54,'2018-12-19 09:56:46','2019-01-19 07:08:16',8.2,5.3,6.2,5.0,7.6,'Falls navigate overriding Awesome Fresh Car distributed',139,4),(140,5441.64,6327.70,'2018-12-18 18:51:54','2019-06-13 10:32:31',1.2,5.3,8.8,4.0,5.5,'robust Buckinghamshire Pennsylvania Corporate aggregate',140,9),(141,8107.29,6308.76,'2018-12-19 08:05:10','2019-04-26 08:01:35',6.7,8.0,5.1,2.7,3.0,'Berkshire Fantastic Assistant utilize SQL',141,3),(142,9582.84,3548.00,'2018-12-18 23:49:51','2019-03-06 17:59:17',0.3,9.7,3.8,4.9,6.3,'Sausages Tactics Rhode Island content compressing',142,1),(143,6664.30,9916.77,'2018-12-19 10:08:24','2019-08-18 03:12:58',1.9,2.8,3.4,0.7,4.4,'B2B Lao People\'s Democratic Republic Arizona interface seamless',143,8),(144,8850.20,5238.50,'2018-12-18 17:18:50','2019-03-13 12:21:08',1.8,1.7,4.1,8.4,2.5,'bluetooth application purple connect Qatar',144,11),(145,5728.53,539.50,'2018-12-19 08:06:10','2019-04-30 07:52:44',5.6,6.1,3.7,7.9,7.6,'grow Rand non-volatile Bike Fantastic',145,11),(146,2075.45,9454.60,'2018-12-19 06:12:16','2019-05-09 07:34:05',6.2,5.7,9.8,9.5,8.1,'turn-key Credit Card Account Engineer Kroon green',146,9),(147,8592.29,8053.93,'2018-12-19 11:35:52','2019-05-14 14:29:40',8.8,4.9,0.5,9.5,5.4,'Tuna Open-architected transmitter Rubber system',147,7),(148,6443.57,4777.98,'2018-12-18 14:20:26','2019-11-22 18:30:23',2.3,3.0,8.3,3.3,6.2,'bypassing generate Malaysia drive Electronics',148,9),(149,1284.34,6396.57,'2018-12-18 17:15:21','2019-10-13 08:34:14',0.5,0.5,9.3,5.7,3.0,'multi-byte Shirt Guinea Future Fantastic Wooden Cheese',149,10),(150,5557.20,8438.57,'2018-12-19 06:35:29','2019-10-18 10:57:13',0.8,5.0,7.1,2.5,8.7,'success invoice quantify demand-driven Passage',150,1),(151,7562.10,8991.87,'2018-12-19 05:47:42','2018-12-26 20:22:15',3.0,4.2,6.8,6.5,8.0,'generating Bike copy hacking Gorgeous Granite Fish',151,9),(152,7029.55,2213.62,'2018-12-19 01:57:55','2019-05-31 18:17:21',4.4,3.5,5.1,8.3,2.5,'teal cross-media ivory Borders Dynamic',152,4),(153,1107.46,3706.20,'2018-12-19 08:18:25','2019-04-25 11:32:58',6.7,1.5,2.4,5.0,2.2,'Savings Account Iraqi Dinar niches Handcrafted Metal Salad robust',153,8),(154,704.65,447.75,'2018-12-19 09:40:14','2019-04-28 05:11:42',7.8,6.3,5.1,2.3,8.3,'4th generation engineer SAS streamline Cambridgeshire',154,3),(155,3809.82,1839.19,'2018-12-19 02:57:28','2019-02-13 16:07:04',3.4,1.9,1.2,7.5,0.8,'Brazilian Real indexing Enhanced white French Southern Territories',155,2),(156,9427.47,6292.20,'2018-12-18 19:40:19','2019-12-17 09:24:44',1.1,6.8,8.3,1.8,9.1,'Supervisor relationships hack withdrawal experiences',156,9),(157,1221.69,9670.71,'2018-12-19 05:13:15','2019-12-05 11:07:16',5.7,7.3,0.1,3.8,0.0,'Roads Movies collaboration structure payment',157,5),(158,2577.32,4341.90,'2018-12-19 11:10:01','2019-08-28 22:55:06',2.4,2.8,1.9,7.6,0.7,'Auto Loan Account SQL alarm Via dynamic',158,5),(159,8335.60,9091.69,'2018-12-19 11:51:46','2019-09-16 07:33:51',9.0,8.4,6.5,0.3,1.2,'International parallelism capacitor North Dakota Soap',159,3),(160,4619.85,1169.80,'2018-12-19 11:23:18','2019-02-06 08:33:11',5.0,7.9,6.4,2.5,0.3,'Cambridgeshire Orchestrator back up SCSI Washington',160,3),(161,8384.65,3604.94,'2018-12-19 06:21:51','2019-09-18 15:28:45',3.5,5.8,3.3,6.1,1.3,'index robust Kentucky hacking Incredible',161,4),(162,4540.97,1292.68,'2018-12-18 16:13:33','2019-08-04 11:29:00',0.9,0.6,8.3,3.1,9.4,'Dynamic encoding engage Ford Small Frozen Pants',162,7),(163,6833.72,6752.29,'2018-12-18 23:17:27','2019-01-05 08:00:11',3.8,4.5,8.2,3.4,3.9,'RSS PNG Rufiyaa Sports Gibraltar Pound',163,5),(164,5436.87,5912.87,'2018-12-18 15:47:52','2019-11-16 00:07:42',5.3,3.3,2.5,5.2,6.0,'Iowa instruction set Designer programming heuristic',164,4),(165,9292.72,2149.22,'2018-12-19 13:14:59','2019-02-05 14:23:39',9.6,3.9,4.3,8.1,0.3,'Principal Applications Land Principal bandwidth',165,8),(166,1904.93,7005.58,'2018-12-18 20:11:57','2019-05-24 20:24:47',9.8,7.0,4.3,1.6,6.5,'directional Supervisor Accountability Frozen Liaison',166,7),(167,8152.65,9676.96,'2018-12-19 00:28:17','2019-12-06 22:58:56',5.5,0.5,5.8,6.2,4.1,'Fantastic withdrawal back up B2C focus group',167,4),(168,1888.52,1401.00,'2018-12-18 18:17:12','2019-05-30 04:46:26',6.8,7.7,1.3,6.0,2.4,'disintermediate compress invoice mobile payment',168,11),(169,3453.34,8018.80,'2018-12-19 06:21:24','2019-08-14 04:17:55',2.3,6.9,5.7,3.6,7.3,'Solutions cyan auxiliary Fresh Home Loan Account',169,4),(170,1324.43,3257.49,'2018-12-19 12:54:53','2019-08-27 23:24:35',9.1,7.5,1.6,7.4,9.1,'Automotive Soft Riel static invoice',170,2),(171,8635.42,6374.50,'2018-12-19 04:01:46','2019-09-19 04:47:34',5.0,5.9,8.6,0.8,1.9,'alliance override turn-key Global Georgia',171,8),(172,3881.40,2429.90,'2018-12-19 05:45:12','2019-06-21 11:55:48',0.2,6.6,9.6,4.6,7.2,'navigating Skyway Generic Ohio Multi-lateral',172,6),(173,255.56,5420.35,'2018-12-19 06:06:02','2019-04-04 02:30:27',7.1,5.7,0.0,4.1,3.6,'transmitting Sports Central Beauty Fantastic Plastic Bike',173,11),(174,8272.68,1123.84,'2018-12-18 15:26:20','2019-08-19 21:58:54',0.7,1.1,3.3,5.8,4.0,'deliverables Chair reboot virtual seize',174,7),(175,2936.22,9084.63,'2018-12-19 02:39:16','2019-06-04 00:10:37',0.3,9.1,5.5,9.8,0.8,'navigating Managed De-engineered bluetooth Way',175,5),(176,5877.51,2002.20,'2018-12-18 19:02:56','2019-02-20 02:49:05',6.3,9.8,4.3,0.5,7.1,'Specialist synthesize vertical synthesizing Awesome',176,7),(177,4427.21,8835.75,'2018-12-19 02:25:45','2019-11-11 16:48:51',2.9,6.7,1.8,3.3,8.0,'Planner Chief Seychelles Rupee mobile Executive',177,5),(178,8622.28,5069.69,'2018-12-19 08:23:44','2019-02-05 13:53:26',0.0,4.6,4.5,8.8,3.8,'Customizable Nuevo Sol Shoes Savings Account system',178,4),(179,5718.71,9828.39,'2018-12-19 10:05:49','2019-07-02 10:20:32',9.8,8.7,4.8,5.4,5.3,'Auto Loan Account Coordinator Fresh Function-based input',179,10),(180,6154.64,6497.17,'2018-12-19 00:37:02','2019-06-09 17:39:25',4.5,2.0,1.3,6.9,9.0,'Designer Netherlands methodologies Awesome Extended',180,5),(181,5912.40,5581.66,'2018-12-18 15:39:01','2019-08-11 07:21:30',2.5,4.8,1.0,6.2,8.8,'sensor methodologies auxiliary copying cross-platform',181,7),(182,2.43,6906.85,'2018-12-18 18:45:05','2019-01-15 12:17:57',7.1,4.5,0.2,0.8,0.5,'Licensed primary Berkshire Small indexing',182,10),(183,9727.18,5841.43,'2018-12-18 18:51:46','2019-09-30 21:34:26',7.9,7.4,1.8,3.6,5.3,'Turnpike invoice Somali Shilling navigating Small Frozen Fish',183,7),(184,4288.98,2983.18,'2018-12-19 12:47:48','2019-11-17 15:14:21',4.2,4.5,5.7,9.0,5.8,'hacking override Auto Loan Account Oregon silver',184,6),(185,7030.92,7562.25,'2018-12-19 05:35:21','2019-04-02 15:00:14',5.2,0.1,8.4,6.8,4.0,'hack Frozen proactive analyzing Rhode Island',185,1),(186,5329.25,9124.63,'2018-12-18 16:06:42','2019-07-01 15:30:28',8.2,5.6,3.5,0.8,4.3,'Gorgeous Run definition olive Branding',186,8),(187,53.74,363.92,'2018-12-19 02:52:21','2019-04-01 05:30:11',7.8,3.8,3.0,6.5,9.9,'compelling markets generate Personal Loan Account Tuna',187,11),(188,1042.25,99.64,'2018-12-19 04:30:58','2019-05-05 12:20:41',6.3,3.0,2.6,9.4,7.0,'online Georgia Administrator leverage Organic',188,7),(189,566.71,1059.12,'2018-12-19 06:14:00','2019-07-27 04:58:48',1.6,5.6,2.3,3.9,7.8,'Supervisor SDD methodical Mobility action-items',189,8),(190,6863.56,9915.14,'2018-12-18 17:12:20','2019-09-16 10:12:04',4.0,2.4,8.0,9.5,2.4,'Cambridgeshire invoice blue Intuitive radical',190,3),(191,2945.62,8926.37,'2018-12-19 11:42:18','2019-05-25 01:39:32',5.0,3.5,6.1,4.4,3.3,'TCP alarm Outdoors Global Yemen',191,4),(192,393.59,2100.13,'2018-12-19 04:28:52','2019-08-21 14:16:11',9.9,6.6,9.3,6.8,2.4,'quantifying Solutions initiative partnerships withdrawal',192,9),(193,3294.46,7547.60,'2018-12-19 10:02:02','2019-04-24 08:21:20',7.1,8.0,0.8,5.9,5.9,'Plastic Rufiyaa cross-media Nepal synthesize',193,1),(194,6921.83,8393.67,'2018-12-19 01:49:28','2019-09-24 11:26:47',9.2,1.9,1.6,3.7,0.4,'Sausages Garden models Village supply-chains',194,9),(195,5916.18,1450.54,'2018-12-19 09:45:40','2019-01-13 15:53:02',7.0,0.0,8.4,1.1,8.4,'web-readiness quantifying Handcrafted Michigan payment',195,4),(196,5440.69,7430.66,'2018-12-18 21:48:53','2019-05-20 02:50:08',7.9,1.0,3.7,2.0,4.6,'program secured line Supervisor Refined transmitting',196,9),(197,3540.23,9132.46,'2018-12-19 10:24:03','2019-03-31 23:15:17',4.2,7.6,2.7,4.0,7.3,'toolset Pike RAM invoice Licensed',197,8),(198,5172.17,4071.85,'2018-12-18 17:14:08','2019-02-12 06:13:15',4.8,7.5,7.9,9.2,8.2,'Synchronised Serbian Dinar Upgradable program multi-byte',198,10),(199,4904.52,9821.25,'2018-12-19 09:26:37','2019-04-29 01:18:48',1.1,2.5,9.0,6.4,9.6,'neural Designer Intelligent Practical Fresh Salad Shoes',199,11),(200,9697.62,3890.50,'2018-12-18 21:03:48','2019-09-27 04:31:51',2.5,0.5,0.5,7.4,2.1,'Licensed Auto Loan Account Bermudian Dollar (customarily known as Bermuda Dollar) innovate CSS',200,4),(201,4793.30,2845.31,'2018-12-19 11:26:03','2019-05-03 01:23:30',2.5,4.2,1.9,6.4,6.0,'bricks-and-clicks Intelligent Rubber Computer optimizing microchip Gorgeous',201,6),(202,6158.22,5273.29,'2018-12-19 03:10:29','2019-07-16 05:58:25',2.6,4.1,8.1,3.0,8.9,'synergize French Southern Territories Awesome Granite Shirt Islands Factors',202,10),(203,6290.25,7484.15,'2018-12-19 04:37:44','2019-07-18 06:25:20',2.9,2.8,2.7,6.9,7.3,'Tactics Metrics West Virginia Fantastic Cotton Car Light',203,2),(204,2755.71,1330.45,'2018-12-19 13:06:49','2019-02-16 22:36:58',5.5,3.5,2.9,3.1,1.6,'User-centric Awesome Frozen Chicken protocol Fresh actuating',204,3),(205,2192.50,1295.83,'2018-12-18 23:42:58','2019-01-14 10:19:06',8.1,1.2,6.5,7.8,3.0,'Granite Rustic Wooden Shoes solid state Programmable Gorgeous Concrete Tuna',205,9),(206,3961.94,6774.58,'2018-12-19 13:12:39','2019-12-04 20:03:22',3.2,4.8,5.9,0.9,5.1,'withdrawal architecture Borders Liaison aggregate',206,8),(207,2323.85,1123.91,'2018-12-19 09:32:03','2019-08-21 22:45:50',9.5,1.3,2.8,5.9,5.1,'Small pink Awesome deposit SQL',207,5),(208,8352.80,4010.50,'2018-12-19 04:34:51','2019-11-13 14:04:50',6.8,6.7,3.2,7.1,0.5,'Music IB microchip calculate card',208,4),(209,6002.32,6846.78,'2018-12-19 13:14:01','2019-11-18 16:47:56',5.1,9.4,3.0,4.3,5.0,'Future-proofed feed architectures compressing real-time',209,5),(210,749.97,7808.99,'2018-12-18 22:40:40','2019-05-27 10:44:39',9.3,5.2,4.5,3.5,9.0,'next generation sky blue Practical Fresh Pizza Arkansas ivory',210,11),(211,3897.71,4163.30,'2018-12-19 00:36:33','2019-03-06 08:24:18',9.7,2.7,2.9,1.6,0.6,'Plains Ball Credit Card Account Configuration backing up',211,5),(212,2225.27,7854.60,'2018-12-19 05:16:48','2019-07-28 00:31:07',7.6,7.8,0.0,1.0,2.9,'Health Via Architect Unbranded Wooden Car contextually-based',212,11),(213,7940.78,6012.57,'2018-12-18 15:59:35','2019-12-11 20:25:38',7.8,6.1,1.0,4.5,9.1,'deposit Fantastic Shoes Factors Granite',213,1),(214,3924.23,6495.77,'2018-12-18 16:00:29','2018-12-20 19:54:52',0.5,0.0,5.6,1.4,5.7,'Persevering Borders PNG Checking Account haptic',214,7),(215,5841.89,6790.60,'2018-12-18 18:56:09','2019-12-09 22:51:24',3.1,4.1,1.9,8.3,2.1,'Music Checking Account Dobra bricks-and-clicks Costa Rican Colon',215,7),(216,2957.23,3609.50,'2018-12-18 21:37:36','2019-05-02 10:29:06',3.3,7.0,4.2,6.7,0.3,'Tunnel Riel Keyboard Brand Sausages',216,8),(217,8480.26,1072.95,'2018-12-18 23:39:35','2019-07-06 04:19:26',7.7,5.5,9.6,6.5,8.3,'Central array Marketing holistic Path',217,11),(218,2228.90,3914.16,'2018-12-19 01:47:31','2019-06-04 13:21:58',1.2,5.1,0.7,2.1,5.1,'embrace Technician Soft e-services Accounts',218,2),(219,5386.47,1541.64,'2018-12-19 10:38:14','2019-01-02 09:51:57',7.7,1.2,3.1,3.4,8.8,'Fantastic Macedonia SDD Refined Cedi',219,11),(220,4347.46,3011.63,'2018-12-19 08:02:28','2019-10-30 19:54:12',6.5,2.2,4.8,5.2,1.5,'Credit Card Account standardization Glen Minnesota Assurance',220,8),(221,9958.18,4034.62,'2018-12-19 04:57:43','2019-08-31 22:44:33',2.1,1.4,6.8,9.4,1.7,'platforms synergies Unbranded Fresh Cheese back up virtual',221,6),(222,7077.68,1168.27,'2018-12-19 05:50:31','2019-04-29 12:53:03',1.5,0.6,3.8,8.7,7.2,'Security SSL whiteboard sensor customized',222,7),(223,2301.28,8510.77,'2018-12-18 23:51:37','2019-08-28 18:38:59',2.9,5.6,4.1,3.4,4.2,'withdrawal Gloves Money Market Account open-source optical',223,3),(224,5263.93,1324.86,'2018-12-18 22:32:25','2019-01-17 16:20:43',5.5,6.3,0.4,4.1,6.1,'Triple-buffered quantifying Coordinator mindshare extensible',224,2),(225,4757.18,3583.30,'2018-12-19 11:14:53','2019-06-16 22:21:51',0.0,1.0,2.8,7.7,5.8,'methodologies Progressive Bermuda Lebanese Pound Falkland Islands (Malvinas)',225,6),(226,8726.10,5745.90,'2018-12-18 23:09:28','2019-03-16 19:51:26',6.6,8.8,0.8,1.8,0.6,'Kroon Beauty card Cheese Florida',226,3),(227,6070.52,8965.52,'2018-12-18 23:45:04','2019-03-16 20:36:29',2.7,9.4,5.8,8.5,9.9,'Principal Gorgeous orchid salmon Checking Account',227,1),(228,1895.30,3019.86,'2018-12-19 11:32:32','2019-08-11 08:50:51',0.6,6.1,8.7,0.3,5.5,'Borders Horizontal teal Chief Customer',228,7),(229,4743.12,4368.15,'2018-12-18 16:34:55','2019-12-07 06:00:03',7.0,0.7,3.8,6.3,4.4,'index deliver withdrawal value-added Small',229,8),(230,2105.60,2502.44,'2018-12-19 07:05:42','2019-07-08 09:37:22',7.1,3.5,7.0,8.2,8.3,'best-of-breed Generic Algeria Agent synthesizing',230,11),(231,6997.70,3007.69,'2018-12-19 08:41:06','2019-05-15 05:42:02',5.6,5.5,0.1,1.9,2.4,'Nebraska Berkshire tangible SAS cultivate',231,2),(232,9783.57,7257.16,'2018-12-18 16:56:50','2019-06-01 05:13:51',2.1,0.2,0.6,8.7,5.9,'Sharable Burundi Franc transmitting Pants Handcrafted Metal Chips',232,6),(233,8407.80,6018.49,'2018-12-19 06:47:22','2018-12-28 16:39:52',7.8,3.3,1.5,5.3,1.0,'Germany Interactions Future e-markets hub',233,9),(234,8729.20,1955.30,'2018-12-18 15:54:17','2019-12-14 00:34:36',0.8,0.8,5.8,9.2,5.3,'haptic Iceland Krona implement Product Gorgeous Metal Fish',234,7),(235,5806.42,2652.48,'2018-12-19 03:58:15','2019-03-14 13:26:07',2.4,0.0,6.0,3.6,2.9,'throughput National solid state red Factors',235,1),(236,3354.42,20.66,'2018-12-19 03:25:31','2019-02-18 22:41:19',1.7,7.5,6.8,1.5,8.9,'User-friendly Savings Account Innovative Licensed firewall',236,10),(237,1454.60,2788.16,'2018-12-19 03:56:16','2019-09-29 04:03:46',2.4,8.0,5.6,0.5,0.9,'Sports Ball Jordan Solutions empowering',237,3),(238,8397.73,1325.96,'2018-12-19 03:06:46','2019-08-10 06:21:26',8.1,5.8,0.8,4.0,1.2,'e-markets metrics feed Forward mission-critical',238,11),(239,8678.26,5588.28,'2018-12-19 11:15:01','2019-03-17 10:04:05',4.9,5.6,5.4,4.8,7.4,'Ergonomic Soft Tuna Japan GB Agent International',239,3),(240,1730.80,9227.91,'2018-12-19 03:16:20','2019-09-29 00:25:50',8.3,6.9,6.0,9.1,8.3,'virtual Corporate mindshare Lead Soap',240,9),(241,4714.96,908.94,'2018-12-19 06:57:55','2019-10-05 08:19:11',3.9,7.3,1.8,4.2,5.7,'Realigned bandwidth Towels Paradigm digital',241,2),(242,745.10,7371.12,'2018-12-18 20:19:50','2019-05-22 06:27:07',6.7,8.4,9.5,7.5,7.6,'Viaduct payment Internal Fantastic invoice',242,7),(243,5012.79,5601.29,'2018-12-18 20:31:47','2019-03-08 13:46:14',5.0,5.2,4.8,5.4,8.5,'utilize Costa Rica Right-sized Personal Loan Account AI',243,3),(244,9506.20,6459.26,'2018-12-19 05:06:05','2019-11-16 05:08:06',8.6,6.1,5.9,0.8,9.6,'hacking Forge recontextualize azure Frozen',244,9),(245,7525.76,9617.91,'2018-12-19 03:28:42','2019-05-13 04:52:10',9.6,7.7,0.1,9.6,7.9,'Salad Dalasi Buckinghamshire monetize cultivate',245,5),(246,6737.84,1331.20,'2018-12-19 02:03:26','2019-01-21 18:32:18',1.5,7.4,4.1,3.0,1.3,'full-range backing up teal Garden Cotton',246,11),(247,3624.82,1284.92,'2018-12-19 06:18:27','2019-08-06 17:43:43',3.9,9.2,3.4,6.1,3.4,'bypassing Product robust driver bandwidth',247,9),(248,8283.19,9233.37,'2018-12-19 08:57:04','2019-04-07 04:28:55',3.7,0.9,5.8,3.5,6.5,'ivory California Bulgarian Lev Public-key ivory',248,5),(249,3474.15,6849.23,'2018-12-19 07:17:50','2019-04-19 23:31:04',0.7,5.1,4.9,3.0,9.2,'Concrete compressing tan solid state Kansas',249,6),(250,3291.39,7944.87,'2018-12-19 07:38:33','2019-08-12 02:16:55',7.8,9.0,7.5,2.9,2.3,'Liaison installation Wooden Virginia Grocery',250,8),(251,8145.38,6146.54,'2018-12-19 12:50:28','2019-01-13 06:24:02',0.7,3.0,9.9,7.1,8.0,'next generation payment Colorado evolve SQL',251,10),(252,2332.97,5337.29,'2018-12-18 17:39:46','2019-12-01 05:29:26',4.2,5.6,6.1,2.3,6.2,'Awesome Harbor cross-media Fully-configurable Concrete',252,1),(253,6189.81,2183.75,'2018-12-18 21:03:33','2019-02-02 11:07:27',3.0,5.1,1.5,9.9,1.9,'International Table Auto Loan Account neutral Holy See (Vatican City State)',253,11),(254,7213.32,7336.11,'2018-12-19 01:40:05','2019-10-17 15:39:20',9.2,4.1,2.0,8.1,3.1,'Home Loan Account evolve Refined revolutionary black',254,4),(255,9387.74,9407.44,'2018-12-18 22:05:30','2019-07-28 16:56:08',0.5,2.5,2.0,8.5,3.6,'Steel deposit Nevada Shoes B2B',255,4),(256,2556.43,6946.34,'2018-12-19 01:50:13','2019-11-30 09:57:25',6.7,8.0,5.1,4.7,1.7,'methodologies Brand Intelligent withdrawal Russian Federation',256,9),(257,5142.97,4254.87,'2018-12-18 23:07:16','2019-07-24 06:27:50',7.8,4.0,0.1,7.7,1.3,'asynchronous Directives Web content Maryland',257,3),(258,3332.41,4030.22,'2018-12-19 06:01:00','2019-09-06 14:36:26',9.3,9.1,2.2,5.3,9.1,'neural-net application Investment Account Architect yellow',258,3),(259,9135.99,5131.29,'2018-12-18 23:31:33','2019-09-20 11:01:17',2.4,7.5,5.3,3.8,3.6,'Guinea Savings Account bandwidth emulation Colombian Peso Unidad de Valor Real',259,7),(260,1804.20,2050.86,'2018-12-19 10:14:03','2019-11-01 16:25:11',5.5,3.7,6.7,5.0,1.8,'Wooden auxiliary Internal Manager navigating',260,6),(261,2866.58,7099.20,'2018-12-19 03:40:23','2019-04-12 21:29:58',0.4,0.8,4.7,7.7,3.8,'Cambridgeshire Rubber deposit Refined Soft Chips Cotton',261,7),(262,1086.96,1811.46,'2018-12-19 06:56:21','2019-06-19 14:41:31',0.7,3.4,8.6,0.5,4.0,'Decentralized dynamic IB Rue calculating',262,1),(263,9176.14,4481.80,'2018-12-19 01:45:39','2019-03-07 14:35:56',3.3,1.5,5.8,5.7,6.0,'evolve mission-critical Team-oriented tertiary Agent',263,10),(264,6851.89,6076.21,'2018-12-18 22:29:48','2019-11-05 06:16:01',8.0,4.8,6.1,7.4,8.2,'convergence Administrator Switzerland back up transmit',264,6),(265,6762.71,8557.15,'2018-12-19 04:50:26','2019-01-10 10:19:38',8.9,5.4,9.9,0.6,6.7,'structure Borders Towels Pants Shoes',265,7),(266,7361.49,6317.26,'2018-12-18 18:59:11','2019-06-25 17:46:50',0.3,4.1,1.7,8.0,2.8,'invoice Agent Fresh Utah back-end',266,7),(267,4931.13,2631.91,'2018-12-19 04:17:39','2019-09-25 04:10:07',4.2,3.6,5.7,8.7,7.1,'Analyst Lead Berkshire Computers Home Loan Account',267,7),(268,9766.84,7412.14,'2018-12-18 17:41:54','2019-10-05 02:24:56',6.7,6.4,5.1,8.9,4.8,'monitor Savings Account Fresh grey Vermont',268,2),(269,1682.10,2905.65,'2018-12-18 15:35:20','2019-12-03 23:07:31',6.5,3.4,0.2,3.4,9.5,'Licensed Grocery Baby Heard Island and McDonald Islands homogeneous',269,3),(270,3263.36,1140.83,'2018-12-19 07:58:32','2019-06-12 10:53:16',2.4,0.0,8.9,0.1,1.3,'invoice Awesome Steel Salad 5th generation Future Checking Account',270,1),(271,5206.60,7713.49,'2018-12-18 19:17:49','2019-08-27 07:35:11',6.4,9.7,5.0,7.2,0.0,'Enhanced digital capacitor scale capacitor',271,11),(272,6180.16,9677.70,'2018-12-19 03:29:23','2019-01-06 04:25:22',2.6,6.9,1.4,0.9,4.5,'XSS Bedfordshire synthesize connecting Bedfordshire',272,8),(273,2170.90,7676.70,'2018-12-19 01:03:27','2019-11-04 05:04:37',8.4,9.2,5.0,9.4,9.4,'Sudanese Pound Aruba Licensed markets extensible',273,11),(274,2387.67,8571.78,'2018-12-19 00:02:28','2019-07-17 15:57:34',6.8,2.6,9.1,8.4,2.0,'Bike cyan Syrian Pound Investment Account grey',274,3),(275,2919.32,5045.82,'2018-12-19 12:33:19','2019-03-20 20:09:46',4.0,5.5,1.2,9.0,3.9,'Health Shoes Programmable object-oriented International',275,5),(276,1768.64,8206.28,'2018-12-18 18:20:48','2019-04-09 02:29:41',7.4,4.6,5.5,4.2,3.8,'input leverage Small Concrete Gloves Ethiopian Birr Chair',276,2),(277,414.47,9299.72,'2018-12-19 04:38:12','2019-10-15 02:37:07',7.7,6.8,1.2,7.4,1.5,'Brand Street visualize Hat capacitor',277,3),(278,2566.20,98.84,'2018-12-18 23:10:56','2019-11-22 10:42:38',2.7,7.6,9.6,8.7,8.2,'Point Tenge Azerbaijanian Manat SDD Wooden',278,8),(279,7832.42,661.96,'2018-12-18 17:19:04','2019-09-23 13:45:14',6.5,3.8,9.5,4.3,7.8,'GB calculating Germany customer loyalty sensor',279,2),(280,2927.73,5594.80,'2018-12-18 21:49:46','2019-07-14 17:35:09',2.1,8.4,4.3,6.2,3.0,'Handcrafted solution-oriented Gateway Operations Face to face',280,4),(281,6913.92,51.52,'2018-12-19 01:26:38','2019-06-04 14:40:39',5.1,6.8,8.9,2.1,3.4,'hacking encompassing Tasty Metal Hat Legacy Bahamas',281,1),(282,1841.36,4671.29,'2018-12-19 05:27:28','2019-10-23 12:20:15',4.4,9.3,4.5,5.6,7.4,'infrastructures asymmetric Islands Metal architect',282,4),(283,423.37,9702.38,'2018-12-18 17:16:00','2019-05-07 23:59:45',4.0,8.7,7.3,8.1,1.8,'Arizona Division Berkshire Faroe Islands New York',283,6),(284,6021.85,1075.88,'2018-12-19 13:32:36','2019-11-16 17:59:12',8.2,2.7,2.0,0.8,9.6,'XSS SCSI online synthesize THX',284,3),(285,6895.56,3106.58,'2018-12-18 17:29:10','2019-11-13 05:34:42',6.1,0.3,2.5,1.8,9.5,'SMS Concrete parse Panama Applications',285,4),(286,921.27,9954.79,'2018-12-18 15:09:11','2019-09-26 19:19:27',5.6,7.1,2.3,2.8,2.7,'Bedfordshire Practical Steel Fish Granite overriding Circles',286,5),(287,1604.14,7581.53,'2018-12-19 03:39:52','2019-07-16 23:48:50',0.8,5.9,6.3,8.8,5.8,'Analyst logistical initiatives Chips client-driven',287,1),(288,8154.60,4110.50,'2018-12-18 17:09:33','2019-01-01 02:51:34',4.2,7.0,0.2,0.5,4.6,'quantifying Health recontextualize secured line ivory',288,9),(289,1622.58,3594.79,'2018-12-19 13:35:26','2019-11-29 12:26:59',9.4,6.8,4.1,7.0,4.7,'1080p Uganda Shilling IB Practical Rubber Fish South Carolina',289,7),(290,8574.43,789.22,'2018-12-19 10:57:05','2019-08-11 15:01:00',8.3,2.4,4.7,2.0,7.2,'Pataca Illinois Configurable Automotive Cambridgeshire',290,2),(291,1370.00,9315.35,'2018-12-19 00:43:01','2019-09-30 05:56:32',4.6,8.3,6.8,5.2,9.7,'Vision-oriented Sleek Djibouti Franc ability invoice',291,9),(292,6674.80,9246.85,'2018-12-19 13:40:06','2019-07-16 21:19:42',1.3,0.8,7.1,7.3,3.6,'synergize virtual Solutions grey overriding',292,7),(293,8914.22,7110.53,'2018-12-18 22:22:12','2019-08-27 07:33:13',6.9,4.0,2.5,1.5,9.6,'Australian Dollar Way indexing Savings Account collaborative',293,5),(294,1966.51,9854.88,'2018-12-19 02:34:20','2019-09-07 04:29:22',9.9,7.5,8.4,0.4,0.9,'Burundi Franc Chicken Consultant Senior THX',294,1),(295,1668.15,8506.59,'2018-12-19 10:28:38','2019-01-17 19:45:45',8.6,9.6,6.2,3.5,6.7,'innovative data-warehouse Handmade evolve back-end',295,1),(296,1585.29,6960.47,'2018-12-19 05:57:41','2019-09-14 02:09:56',7.2,2.7,3.1,8.9,0.1,'Comoros Table Universal navigating Bike',296,11),(297,8554.83,5609.90,'2018-12-19 07:32:17','2019-06-11 18:07:45',6.2,4.2,6.2,9.4,7.8,'Tunisian Dinar convergence Refined Plastic Pants Persevering silver',297,8),(298,2478.54,2534.13,'2018-12-18 20:49:35','2019-01-24 18:26:40',4.4,0.3,0.9,5.0,9.5,'partnerships Incredible Concrete Chair Massachusetts matrix Quality',298,11),(299,9231.76,3245.70,'2018-12-19 11:40:03','2019-05-31 02:24:17',4.7,2.6,9.0,2.1,5.2,'Forward Dynamic Concrete Costa Rican Colon one-to-one',299,6),(300,9909.44,737.80,'2018-12-19 03:22:47','2019-04-02 07:25:01',3.9,3.1,9.2,8.2,7.6,'Uganda Shilling Ergonomic Fresh Keyboard payment Iowa Wyoming',300,9);
/*!40000 ALTER TABLE `Operacje` ENABLE KEYS */;
UNLOCK TABLES;

--
-- Table structure for table `OperacjeHasPartie`
--

DROP TABLE IF EXISTS `OperacjeHasPartie`;
/*!40101 SET @saved_cs_client     = @@character_set_client */;
/*!40101 SET character_set_client = utf8 */;
CREATE TABLE `OperacjeHasPartie` (
  `idOperacjeHasPartie` int(11) NOT NULL AUTO_INCREMENT,
  `operacjeIdOperacja` int(11) NOT NULL,
  `partieIdPartie` int(11) NOT NULL,
  `ilosc` decimal(4,1) NOT NULL,
  PRIMARY KEY (`idOperacjeHasPartie`),
  UNIQUE KEY `operacje_has_partiecol_UNIQUE` (`idOperacjeHasPartie`),
  KEY `fk_operacyjna_has_partie_partie1_idx` (`partieIdPartie`),
  KEY `fk_operacyjna_has_partie_operacyjna1_idx` (`operacjeIdOperacja`),
  CONSTRAINT `fk_operacyjna_has_partie_operacyjna1` FOREIGN KEY (`operacjeIdOperacja`) REFERENCES `Operacje` (`idOperacja`) ON DELETE CASCADE ON UPDATE CASCADE,
  CONSTRAINT `fk_operacyjna_has_partie_partie1` FOREIGN KEY (`partieIdPartie`) REFERENCES `Partie` (`idPartie`) ON DELETE CASCADE ON UPDATE CASCADE
) ENGINE=InnoDB AUTO_INCREMENT=301 DEFAULT CHARSET=utf8;
/*!40101 SET character_set_client = @saved_cs_client */;

--
-- Dumping data for table `OperacjeHasPartie`
--

LOCK TABLES `OperacjeHasPartie` WRITE;
/*!40000 ALTER TABLE `OperacjeHasPartie` DISABLE KEYS */;
INSERT INTO `OperacjeHasPartie` VALUES (1,1,1,27.9),(2,2,2,66.5),(3,3,3,39.9),(4,4,4,15.8),(5,5,5,43.0),(6,6,6,76.4),(7,7,7,45.0),(8,8,8,9.6),(9,9,9,41.0),(10,10,10,55.3),(11,11,11,81.1),(12,12,12,33.1),(13,13,13,42.9),(14,14,14,98.0),(15,15,15,48.4),(16,16,16,90.0),(17,17,17,30.1),(18,18,18,62.7),(19,19,19,12.9),(20,20,20,62.9),(21,21,21,93.6),(22,22,22,16.1),(23,23,23,8.6),(24,24,24,7.8),(25,25,25,68.4),(26,26,26,70.4),(27,27,27,22.4),(28,28,28,90.2),(29,29,29,76.5),(30,30,30,31.9),(31,31,31,6.8),(32,32,32,7.1),(33,33,33,27.9),(34,34,34,87.9),(35,35,35,78.7),(36,36,36,25.9),(37,37,37,6.1),(38,38,38,8.9),(39,39,39,62.1),(40,40,40,9.4),(41,41,41,1.7),(42,42,42,95.5),(43,43,43,75.1),(44,44,44,65.0),(45,45,45,52.1),(46,46,46,4.7),(47,47,47,68.5),(48,48,48,48.7),(49,49,49,17.1),(50,50,50,8.1),(51,51,51,53.8),(52,52,52,98.8),(53,53,53,5.9),(54,54,54,21.4),(55,55,55,22.0),(56,56,56,9.4),(57,57,57,18.0),(58,58,58,99.6),(59,59,59,71.3),(60,60,60,55.4),(61,61,61,97.6),(62,62,62,97.8),(63,63,63,85.0),(64,64,64,9.7),(65,65,65,24.3),(66,66,66,62.1),(67,67,67,35.3),(68,68,68,75.8),(69,69,69,72.8),(70,70,70,58.5),(71,71,71,58.7),(72,72,72,54.0),(73,73,73,60.4),(74,74,74,36.4),(75,75,75,51.5),(76,76,76,46.2),(77,77,77,77.7),(78,78,78,16.2),(79,79,79,83.8),(80,80,80,70.0),(81,81,81,92.2),(82,82,82,14.4),(83,83,83,46.6),(84,84,84,57.6),(85,85,85,0.3),(86,86,86,92.3),(87,87,87,78.3),(88,88,88,78.4),(89,89,89,93.0),(90,90,90,88.3),(91,91,91,87.2),(92,92,92,29.4),(93,93,93,81.5),(94,94,94,15.7),(95,95,95,19.4),(96,96,96,95.8),(97,97,97,43.3),(98,98,98,61.7),(99,99,99,4.2),(100,100,100,0.1),(101,101,101,42.3),(102,102,102,66.2),(103,103,103,85.9),(104,104,104,36.1),(105,105,105,71.2),(106,106,106,0.5),(107,107,107,0.5),(108,108,108,21.7),(109,109,109,78.4),(110,110,110,18.9),(111,111,111,92.7),(112,112,112,18.8),(113,113,113,23.8),(114,114,114,99.1),(115,115,115,9.0),(116,116,116,40.3),(117,117,117,95.4),(118,118,118,23.0),(119,119,119,67.7),(120,120,120,87.4),(121,121,121,9.5),(122,122,122,26.8),(123,123,123,35.0),(124,124,124,71.6),(125,125,125,75.3),(126,126,126,94.6),(127,127,127,29.2),(128,128,128,0.5),(129,129,129,59.5),(130,130,130,41.3),(131,131,131,18.9),(132,132,132,36.1),(133,133,133,9.7),(134,134,134,99.7),(135,135,135,61.2),(136,136,136,42.9),(137,137,137,90.2),(138,138,138,65.5),(139,139,139,25.8),(140,140,140,54.5),(141,141,141,17.5),(142,142,142,74.3),(143,143,143,48.4),(144,144,144,35.8),(145,145,145,91.8),(146,146,146,56.3),(147,147,147,58.1),(148,148,148,94.6),(149,149,149,8.6),(150,150,150,37.8),(151,151,151,19.4),(152,152,152,46.3),(153,153,153,46.1),(154,154,154,96.3),(155,155,155,52.3),(156,156,156,28.7),(157,157,157,56.4),(158,158,158,49.0),(159,159,159,66.1),(160,160,160,69.9),(161,161,161,5.6),(162,162,162,37.0),(163,163,163,86.8),(164,164,164,77.8),(165,165,165,78.1),(166,166,166,76.8),(167,167,167,59.2),(168,168,168,88.5),(169,169,169,36.5),(170,170,170,32.3),(171,171,171,95.6),(172,172,172,97.9),(173,173,173,86.8),(174,174,174,40.5),(175,175,175,79.8),(176,176,176,80.7),(177,177,177,62.5),(178,178,178,84.1),(179,179,179,65.3),(180,180,180,61.3),(181,181,181,25.9),(182,182,182,73.2),(183,183,183,81.2),(184,184,184,49.2),(185,185,185,11.7),(186,186,186,55.9),(187,187,187,52.1),(188,188,188,85.2),(189,189,189,36.2),(190,190,190,88.1),(191,191,191,36.2),(192,192,192,77.3),(193,193,193,65.0),(194,194,194,3.2),(195,195,195,10.7),(196,196,196,17.5),(197,197,197,2.4),(198,198,198,79.2),(199,199,199,38.1),(200,200,200,57.4),(201,201,201,0.4),(202,202,202,94.4),(203,203,203,11.8),(204,204,204,58.5),(205,205,205,51.5),(206,206,206,84.9),(207,207,207,37.4),(208,208,208,18.0),(209,209,209,99.2),(210,210,210,52.4),(211,211,211,29.2),(212,212,212,67.5),(213,213,213,72.1),(214,214,214,95.4),(215,215,215,55.3),(216,216,216,91.2),(217,217,217,72.0),(218,218,218,96.8),(219,219,219,66.8),(220,220,220,6.3),(221,221,221,47.6),(222,222,222,57.9),(223,223,223,15.3),(224,224,224,98.6),(225,225,225,21.8),(226,226,226,99.9),(227,227,227,49.1),(228,228,228,2.1),(229,229,229,45.0),(230,230,230,78.1),(231,231,231,22.4),(232,232,232,48.6),(233,233,233,60.9),(234,234,234,57.2),(235,235,235,85.2),(236,236,236,8.9),(237,237,237,98.7),(238,238,238,71.3),(239,239,239,7.8),(240,240,240,69.7),(241,241,241,23.9),(242,242,242,97.9),(243,243,243,30.1),(244,244,244,67.0),(245,245,245,91.8),(246,246,246,13.4),(247,247,247,16.8),(248,248,248,65.9),(249,249,249,56.9),(250,250,250,76.2),(251,251,251,66.2),(252,252,252,25.8),(253,253,253,4.3),(254,254,254,74.6),(255,255,255,78.1),(256,256,256,21.3),(257,257,257,64.2),(258,258,258,59.1),(259,259,259,58.0),(260,260,260,25.1),(261,261,261,81.2),(262,262,262,42.9),(263,263,263,51.7),(264,264,264,49.4),(265,265,265,33.0),(266,266,266,83.1),(267,267,267,67.1),(268,268,268,65.5),(269,269,269,2.5),(270,270,270,43.4),(271,271,271,56.3),(272,272,272,68.9),(273,273,273,74.4),(274,274,274,2.8),(275,275,275,57.4),(276,276,276,24.6),(277,277,277,60.2),(278,278,278,96.7),(279,279,279,83.0),(280,280,280,57.6),(281,281,281,69.6),(282,282,282,46.9),(283,283,283,4.0),(284,284,284,67.5),(285,285,285,49.0),(286,286,286,63.9),(287,287,287,69.3),(288,288,288,50.6),(289,289,289,94.7),(290,290,290,13.1),(291,291,291,51.9),(292,292,292,27.6),(293,293,293,58.2),(294,294,294,62.4),(295,295,295,9.6),(296,296,296,75.7),(297,297,297,60.2),(298,298,298,87.2),(299,299,299,49.9),(300,300,300,61.9);
/*!40000 ALTER TABLE `OperacjeHasPartie` ENABLE KEYS */;
UNLOCK TABLES;

--
-- Table structure for table `OperacjeHasPozycjaWMagazynie`
--

DROP TABLE IF EXISTS `OperacjeHasPozycjaWMagazynie`;
/*!40101 SET @saved_cs_client     = @@character_set_client */;
/*!40101 SET character_set_client = utf8 */;
CREATE TABLE `OperacjeHasPozycjaWMagazynie` (
  `idOperacjeHasPozycjaWMagazynie` int(11) NOT NULL AUTO_INCREMENT,
  `operacjeIdOperacja` int(11) NOT NULL,
  `pozycjaWMagazynieIdPozycja` int(11) NOT NULL,
  `ilosc` varchar(45) NOT NULL,
  PRIMARY KEY (`idOperacjeHasPozycjaWMagazynie`),
  UNIQUE KEY `idOperacjeHasPozycjaWMagazynie_UNIQUE` (`idOperacjeHasPozycjaWMagazynie`),
  KEY `fk_operacyjna_has_pozycja_w_magazynie_materialow_pozycja_w__idx` (`pozycjaWMagazynieIdPozycja`),
  KEY `fk_operacyjna_has_pozycja_w_magazynie_materialow_operacyjna_idx` (`operacjeIdOperacja`),
  CONSTRAINT `fk_operacyjna_has_pozycja_w_magazynie_materialow_operacyjna1` FOREIGN KEY (`operacjeIdOperacja`) REFERENCES `Operacje` (`idOperacja`) ON DELETE CASCADE ON UPDATE CASCADE,
  CONSTRAINT `fk_operacyjna_has_pozycja_w_magazynie_materialow_pozycja_w_ma1` FOREIGN KEY (`pozycjaWMagazynieIdPozycja`) REFERENCES `PozycjaWMagazynie` (`idPozycja`) ON DELETE CASCADE ON UPDATE CASCADE
) ENGINE=InnoDB AUTO_INCREMENT=301 DEFAULT CHARSET=utf8;
/*!40101 SET character_set_client = @saved_cs_client */;

--
-- Dumping data for table `OperacjeHasPozycjaWMagazynie`
--

LOCK TABLES `OperacjeHasPozycjaWMagazynie` WRITE;
/*!40000 ALTER TABLE `OperacjeHasPozycjaWMagazynie` DISABLE KEYS */;
INSERT INTO `OperacjeHasPozycjaWMagazynie` VALUES (1,1,1,'88.15'),(2,2,2,'68.69'),(3,3,3,'75.95'),(4,4,4,'32.87'),(5,5,5,'8.77'),(6,6,6,'31.21'),(7,7,7,'6.31'),(8,8,8,'94.26'),(9,9,9,'75.65'),(10,10,10,'37.88'),(11,11,11,'23.1'),(12,12,12,'15.65'),(13,13,13,'82.41'),(14,14,14,'24.31'),(15,15,15,'72.92'),(16,16,16,'71.55'),(17,17,17,'1.68'),(18,18,18,'80.92'),(19,19,19,'10.78'),(20,20,20,'21.98'),(21,21,21,'37.86'),(22,22,22,'78.73'),(23,23,23,'35.58'),(24,24,24,'38.3'),(25,25,25,'53.94'),(26,26,26,'38.47'),(27,27,27,'11.37'),(28,28,28,'73.54'),(29,29,29,'99.33'),(30,30,30,'41.43'),(31,31,31,'53.97'),(32,32,32,'39.28'),(33,33,33,'81.47'),(34,34,34,'89.15'),(35,35,35,'20.27'),(36,36,36,'0.52'),(37,37,37,'6.53'),(38,38,38,'44.95'),(39,39,39,'52.42'),(40,40,40,'93.58'),(41,41,41,'38.31'),(42,42,42,'90.17'),(43,43,43,'45.52'),(44,44,44,'53.3'),(45,45,45,'73.41'),(46,46,46,'92.13'),(47,47,47,'67.4'),(48,48,48,'65.55'),(49,49,49,'27.86'),(50,50,50,'40.44'),(51,51,51,'42.29'),(52,52,52,'16.68'),(53,53,53,'37.2'),(54,54,54,'47.11'),(55,55,55,'86.15'),(56,56,56,'29.52'),(57,57,57,'12.52'),(58,58,58,'2.22'),(59,59,59,'9.97'),(60,60,60,'29.89'),(61,61,61,'85.29'),(62,62,62,'57.44'),(63,63,63,'76.80'),(64,64,64,'46.25'),(65,65,65,'52.49'),(66,66,66,'92.77'),(67,67,67,'63.76'),(68,68,68,'84.3'),(69,69,69,'97.32'),(70,70,70,'64.60'),(71,71,71,'52.43'),(72,72,72,'70.21'),(73,73,73,'39.39'),(74,74,74,'75.35'),(75,75,75,'80.44'),(76,76,76,'41.83'),(77,77,77,'18.65'),(78,78,78,'14.41'),(79,79,79,'57.59'),(80,80,80,'68.57'),(81,81,81,'89.83'),(82,82,82,'93.88'),(83,83,83,'4.53'),(84,84,84,'33.96'),(85,85,85,'44.29'),(86,86,86,'78.62'),(87,87,87,'63.55'),(88,88,88,'85.75'),(89,89,89,'81.66'),(90,90,90,'17.15'),(91,91,91,'27.63'),(92,92,92,'77.42'),(93,93,93,'37.45'),(94,94,94,'65.96'),(95,95,95,'46.65'),(96,96,96,'12.0'),(97,97,97,'11.44'),(98,98,98,'9.6'),(99,99,99,'57.25'),(100,100,100,'24.60'),(101,101,101,'21.12'),(102,102,102,'99.39'),(103,103,103,'1.91'),(104,104,104,'77.27'),(105,105,105,'66.19'),(106,106,106,'98.15'),(107,107,107,'1.51'),(108,108,108,'99.3'),(109,109,109,'10.46'),(110,110,110,'90.45'),(111,111,111,'39.22'),(112,112,112,'92.14'),(113,113,113,'10.8'),(114,114,114,'37.0'),(115,115,115,'83.99'),(116,116,116,'66.19'),(117,117,117,'96.50'),(118,118,118,'71.68'),(119,119,119,'30.4'),(120,120,120,'88.24'),(121,121,121,'16.66'),(122,122,122,'11.95'),(123,123,123,'23.86'),(124,124,124,'36.91'),(125,125,125,'77.31'),(126,126,126,'14.39'),(127,127,127,'47.68'),(128,128,128,'54.6'),(129,129,129,'9.54'),(130,130,130,'5.6'),(131,131,131,'92.22'),(132,132,132,'85.90'),(133,133,133,'66.62'),(134,134,134,'68.31'),(135,135,135,'23.0'),(136,136,136,'34.7'),(137,137,137,'89.35'),(138,138,138,'59.32'),(139,139,139,'92.97'),(140,140,140,'58.42'),(141,141,141,'13.78'),(142,142,142,'38.3'),(143,143,143,'80.10'),(144,144,144,'84.32'),(145,145,145,'23.75'),(146,146,146,'24.76'),(147,147,147,'58.36'),(148,148,148,'30.52'),(149,149,149,'5.51'),(150,150,150,'73.62'),(151,151,151,'48.52'),(152,152,152,'24.25'),(153,153,153,'73.69'),(154,154,154,'82.15'),(155,155,155,'74.62'),(156,156,156,'44.74'),(157,157,157,'72.55'),(158,158,158,'53.60'),(159,159,159,'11.32'),(160,160,160,'37.15'),(161,161,161,'68.12'),(162,162,162,'41.99'),(163,163,163,'36.89'),(164,164,164,'84.48'),(165,165,165,'43.14'),(166,166,166,'94.22'),(167,167,167,'63.34'),(168,168,168,'56.80'),(169,169,169,'59.71'),(170,170,170,'46.11'),(171,171,171,'53.85'),(172,172,172,'20.72'),(173,173,173,'36.38'),(174,174,174,'54.57'),(175,175,175,'89.47'),(176,176,176,'96.61'),(177,177,177,'50.63'),(178,178,178,'7.9'),(179,179,179,'45.18'),(180,180,180,'23.91'),(181,181,181,'67.85'),(182,182,182,'99.95'),(183,183,183,'22.30'),(184,184,184,'55.39'),(185,185,185,'78.29'),(186,186,186,'60.11'),(187,187,187,'67.31'),(188,188,188,'22.2'),(189,189,189,'23.45'),(190,190,190,'1.73'),(191,191,191,'38.51'),(192,192,192,'42.27'),(193,193,193,'15.60'),(194,194,194,'47.47'),(195,195,195,'54.47'),(196,196,196,'34.81'),(197,197,197,'66.71'),(198,198,198,'19.19'),(199,199,199,'70.79'),(200,200,200,'30.96'),(201,201,201,'15.13'),(202,202,202,'82.6'),(203,203,203,'30.39'),(204,204,204,'4.30'),(205,205,205,'4.61'),(206,206,206,'78.86'),(207,207,207,'81.72'),(208,208,208,'35.20'),(209,209,209,'42.47'),(210,210,210,'82.75'),(211,211,211,'44.83'),(212,212,212,'71.27'),(213,213,213,'46.39'),(214,214,214,'5.0'),(215,215,215,'95.38'),(216,216,216,'72.64'),(217,217,217,'47.10'),(218,218,218,'80.52'),(219,219,219,'59.66'),(220,220,220,'75.84'),(221,221,221,'84.63'),(222,222,222,'58.88'),(223,223,223,'62.9'),(224,224,224,'34.58'),(225,225,225,'45.85'),(226,226,226,'26.11'),(227,227,227,'56.63'),(228,228,228,'27.10'),(229,229,229,'93.23'),(230,230,230,'45.49'),(231,231,231,'52.29'),(232,232,232,'46.60'),(233,233,233,'33.18'),(234,234,234,'29.96'),(235,235,235,'87.18'),(236,236,236,'68.24'),(237,237,237,'84.42'),(238,238,238,'67.15'),(239,239,239,'57.40'),(240,240,240,'95.74'),(241,241,241,'30.24'),(242,242,242,'69.75'),(243,243,243,'44.35'),(244,244,244,'73.16'),(245,245,245,'3.81'),(246,246,246,'60.84'),(247,247,247,'49.64'),(248,248,248,'82.2'),(249,249,249,'56.48'),(250,250,250,'33.13'),(251,251,251,'28.15'),(252,252,252,'38.16'),(253,253,253,'71.89'),(254,254,254,'17.5'),(255,255,255,'99.89'),(256,256,256,'52.10'),(257,257,257,'99.25'),(258,258,258,'40.31'),(259,259,259,'50.65'),(260,260,260,'62.75'),(261,261,261,'3.2'),(262,262,262,'37.65'),(263,263,263,'56.69'),(264,264,264,'28.10'),(265,265,265,'14.6'),(266,266,266,'73.42'),(267,267,267,'65.90'),(268,268,268,'14.25'),(269,269,269,'7.28'),(270,270,270,'78.96'),(271,271,271,'34.39'),(272,272,272,'11.74'),(273,273,273,'16.27'),(274,274,274,'59.95'),(275,275,275,'82.37'),(276,276,276,'38.87'),(277,277,277,'65.69'),(278,278,278,'83.58'),(279,279,279,'98.48'),(280,280,280,'14.87'),(281,281,281,'40.65'),(282,282,282,'33.47'),(283,283,283,'4.24'),(284,284,284,'19.99'),(285,285,285,'49.39'),(286,286,286,'22.61'),(287,287,287,'63.26'),(288,288,288,'24.13'),(289,289,289,'91.9'),(290,290,290,'70.67'),(291,291,291,'58.77'),(292,292,292,'59.89'),(293,293,293,'26.55'),(294,294,294,'98.34'),(295,295,295,'40.53'),(296,296,296,'33.57'),(297,297,297,'69.16'),(298,298,298,'22.22'),(299,299,299,'26.65'),(300,300,300,'47.99');
/*!40000 ALTER TABLE `OperacjeHasPozycjaWMagazynie` ENABLE KEYS */;
UNLOCK TABLES;

--
-- Table structure for table `OperacjeNaWinnicy`
--

DROP TABLE IF EXISTS `OperacjeNaWinnicy`;
/*!40101 SET @saved_cs_client     = @@character_set_client */;
/*!40101 SET character_set_client = utf8 */;
CREATE TABLE `OperacjeNaWinnicy` (
  `idOperacja` int(11) NOT NULL AUTO_INCREMENT,
  `data` datetime NOT NULL,
  `opis` varchar(255) DEFAULT NULL,
  `dictOperacjeNaWinnicyIdDictOperacjeNaWinnicy` int(11) NOT NULL,
  `winnicaIdWinnica` int(11) NOT NULL,
  PRIMARY KEY (`idOperacja`),
  UNIQUE KEY `idoperacje_na_winnicy_UNIQUE` (`idOperacja`),
  KEY `fk_operacje_na_winnicy_dict_operacje_na_winnicy1_idx` (`dictOperacjeNaWinnicyIdDictOperacjeNaWinnicy`),
  KEY `fk_operacje_na_winnicy_winnica1_idx` (`winnicaIdWinnica`),
  CONSTRAINT `fk_operacje_na_winnicy_dict_operacje_na_winnicy1` FOREIGN KEY (`dictOperacjeNaWinnicyIdDictOperacjeNaWinnicy`) REFERENCES `DictOperacjeNaWinnicy` (`idDictOperacjeNaWinnicy`) ON DELETE CASCADE ON UPDATE CASCADE,
  CONSTRAINT `fk_operacje_na_winnicy_winnica1` FOREIGN KEY (`winnicaIdWinnica`) REFERENCES `Winnica` (`idWinnica`) ON DELETE CASCADE ON UPDATE CASCADE
) ENGINE=InnoDB AUTO_INCREMENT=301 DEFAULT CHARSET=utf8;
/*!40101 SET character_set_client = @saved_cs_client */;

--
-- Dumping data for table `OperacjeNaWinnicy`
--

LOCK TABLES `OperacjeNaWinnicy` WRITE;
/*!40000 ALTER TABLE `OperacjeNaWinnicy` DISABLE KEYS */;
INSERT INTO `OperacjeNaWinnicy` VALUES (1,'2018-12-19 00:12:47','support encoding synergistic Facilitator Borders',1,1),(2,'2018-12-18 23:08:10','payment Tunnel seamless Bedfordshire Tasty',1,2),(3,'2018-12-19 12:50:18','local area network grow wireless Maine Bangladesh',3,3),(4,'2018-12-18 21:05:33','mobile optimize Checking Account Delaware Fresh',2,4),(5,'2018-12-18 16:39:14','purple withdrawal Ameliorated calculating bypass',3,5),(6,'2018-12-19 04:46:10','moderator compress fuchsia violet Inlet',3,6),(7,'2018-12-19 05:26:35','Forward Bedfordshire bypass Engineer FTP',4,7),(8,'2018-12-19 04:15:06','Berkshire Central Credit Card Account Product hack',3,8),(9,'2018-12-18 18:26:05','neural Licensed quantifying Intelligent Steel Fish Outdoors',1,9),(10,'2018-12-19 02:21:00','AI Towels Concrete synthesize quantify',2,10),(11,'2018-12-19 06:58:48','PNG Checking Account calculating Guarani Lebanon',1,11),(12,'2018-12-19 00:18:13','Burkina Faso Soap Bermuda invoice Borders',3,12),(13,'2018-12-19 00:12:20','cyan navigate 5th generation bypass knowledge base',1,13),(14,'2018-12-19 13:04:11','exuding Circle experiences reboot Automotive',1,14),(15,'2018-12-19 13:04:38','Sports clear-thinking leading-edge Credit Card Account Borders',2,15),(16,'2018-12-18 22:18:20','deliverables Hill leading-edge Liberian Dollar web-readiness',1,16),(17,'2018-12-18 19:29:53','generating Small reboot Awesome Fresh Salad Syrian Arab Republic',2,17),(18,'2018-12-19 12:58:49','Egypt Tasty Soft Fish feed Steel payment',4,18),(19,'2018-12-18 18:51:39','solid state Granite Home Nebraska mint green',4,19),(20,'2018-12-19 01:05:17','mint green invoice Consultant FTP Maine',1,20),(21,'2018-12-19 09:39:11','B2C Investment Account copying Brand ability',4,21),(22,'2018-12-19 02:43:38','Ergonomic transmit Honduras Synergistic encompassing',3,22),(23,'2018-12-18 21:50:45','RAM turn-key payment Fantastic Cotton Table platforms',3,23),(24,'2018-12-19 11:33:30','Tasty Cotton Pizza input Kentucky azure Concrete',3,24),(25,'2018-12-19 01:36:03','Mouse Handmade Soft Keyboard pixel Uzbekistan Sum focus group',2,25),(26,'2018-12-19 10:27:19','markets Kina Philippine Peso CFA Franc BEAC blue',2,26),(27,'2018-12-19 01:06:41','Pizza Illinois primary XML next generation',2,27),(28,'2018-12-18 16:53:44','Crossroad quantifying compressing architectures Greens',2,28),(29,'2018-12-19 09:58:55','Executive Small Fresh Mouse Buckinghamshire Texas Electronics',2,29),(30,'2018-12-19 04:24:49','orchid mobile Libyan Arab Jamahiriya invoice Hawaii',4,30),(31,'2018-12-19 11:20:43','TCP auxiliary zero administration invoice Home Loan Account',2,31),(32,'2018-12-19 09:20:50','Investment Account Coordinator concept neural Electronics',2,32),(33,'2018-12-18 18:19:53','Technician multi-byte Tasty Wooden Chair 1080p primary',1,33),(34,'2018-12-19 12:59:14','Car Manat bleeding-edge background pink',3,34),(35,'2018-12-18 20:14:59','Bedfordshire Seychelles Buckinghamshire Norwegian Krone paradigm',3,35),(36,'2018-12-19 01:13:25','Brand Chips deposit silver Handmade',4,36),(37,'2018-12-19 11:07:33','Movies Awesome Granite Soap RSS Frozen Chad',3,37),(38,'2018-12-19 06:11:33','Money Market Account Gorgeous synthesizing HTTP application',4,38),(39,'2018-12-18 18:18:49','syndicate Metrics Spain Creative partnerships',2,39),(40,'2018-12-19 13:40:18','Books primary lime hub database',1,40),(41,'2018-12-19 09:22:17','Research Auto Loan Account ivory communities withdrawal',2,41),(42,'2018-12-19 12:29:51','Jewelery Operations pink Lead impactful',4,42),(43,'2018-12-18 14:41:29','Implemented GB redundant Administrator JSON',2,43),(44,'2018-12-19 01:59:38','Identity Future Checking Account markets ivory',4,44),(45,'2018-12-19 03:48:12','Lights Ergonomic Cordoba Oro SSL extranet',3,45),(46,'2018-12-19 10:15:41','Optimization reinvent Berkshire AGP invoice',2,46),(47,'2018-12-19 02:17:23','Technician bluetooth New York Handmade Concrete Chicken superstructure',1,47),(48,'2018-12-18 14:34:18','gold THX quantifying Bacon Avon',4,48),(49,'2018-12-19 02:32:46','navigating Strategist web-enabled Borders knowledge user',4,49),(50,'2018-12-19 03:37:23','compressing Belarus Handcrafted Plastic Hat Utah input',2,50),(51,'2018-12-19 00:28:48','Cliffs synthesizing Moldovan Leu Ergonomic Cotton Mouse 24/7',1,51),(52,'2018-12-18 18:01:48','Administrator Strategist Customer Auto Loan Account bluetooth',4,52),(53,'2018-12-19 12:06:46','Applications hacking overriding copy SQL',2,53),(54,'2018-12-19 00:37:21','Producer Ireland even-keeled Credit Card Account regional',4,54),(55,'2018-12-18 22:02:20','indigo Wooden Stravenue circuit compress',1,55),(56,'2018-12-18 19:41:14','impactful Executive Colorado Re-engineered navigate',4,56),(57,'2018-12-19 11:36:59','revolutionary Mayotte Norway infomediaries utilize',3,57),(58,'2018-12-18 23:55:28','Colorado Handmade Fresh Shoes Shores Granite e-business',4,58),(59,'2018-12-19 05:50:18','Incredible Granite Hat Investment Account payment Cambridgeshire Planner',3,59),(60,'2018-12-19 01:26:10','National explicit withdrawal cross-platform Auto Loan Account',3,60),(61,'2018-12-19 10:24:25','Plastic array Antarctica (the territory South of 60 deg S) Cotton e-tailers',1,61),(62,'2018-12-19 07:03:55','hacking platforms Guinea Franc Buckinghamshire invoice',3,62),(63,'2018-12-19 11:33:54','Configurable Computer back-end connecting transparent',1,63),(64,'2018-12-18 15:19:52','SAS payment compress Division Monitored',4,64),(65,'2018-12-18 14:16:30','JBOD grid-enabled Maryland Cambridgeshire Tasty',2,65),(66,'2018-12-18 18:49:33','Palau Licensed optical Spur disintermediate',4,66),(67,'2018-12-19 11:00:25','Fresh SMS AGP Identity Investor',1,67),(68,'2018-12-18 16:29:10','Bedfordshire United States Minor Outlying Islands compressing deposit embrace',2,68),(69,'2018-12-18 17:28:57','invoice integrate Fantastic Cotton Hat payment black',1,69),(70,'2018-12-19 11:48:17','Iowa withdrawal Yuan Renminbi Borders bricks-and-clicks',1,70),(71,'2018-12-19 07:16:10','definition enable interfaces compress Maryland',4,71),(72,'2018-12-18 14:15:21','Home Loan Account Money Market Account synthesizing Books ADP',1,72),(73,'2018-12-19 04:15:10','Administrator demand-driven Soft Dynamic Intelligent',3,73),(74,'2018-12-19 07:58:18','content Som yellow Incredible Handcrafted Fresh Keyboard',3,74),(75,'2018-12-18 15:39:09','Strategist Naira Alabama Islands Chief',1,75),(76,'2018-12-19 01:22:22','drive initiatives synthesizing Utah auxiliary',1,76),(77,'2018-12-19 06:22:11','portals Motorway Granite feed International',2,77),(78,'2018-12-19 07:55:00','Licensed relationships Awesome RAM Pennsylvania',2,78),(79,'2018-12-19 09:02:00','Bike repurpose Berkshire workforce PNG',2,79),(80,'2018-12-18 16:02:34','Assurance Street Brand Mexico Beauty',4,80),(81,'2018-12-18 13:52:14','Home Overpass Frozen HTTP South Dakota',4,81),(82,'2018-12-19 03:27:58','back up Research redundant out-of-the-box compressing',4,82),(83,'2018-12-19 12:52:13','Hill indexing indexing Representative quantifying',3,83),(84,'2018-12-19 06:43:07','clear-thinking generate Towels Refined payment',1,84),(85,'2018-12-18 23:42:49','deposit silver orchestrate Lek Handmade',4,85),(86,'2018-12-19 10:16:49','Utah Shoes primary Universal Rubber',1,86),(87,'2018-12-19 03:36:35','Auto Loan Account Health Lead Ergonomic Soft Ball Jamaica',1,87),(88,'2018-12-18 15:09:43','tan applications Grocery human-resource background',2,88),(89,'2018-12-19 04:27:03','clicks-and-mortar Connecticut matrix Buckinghamshire application',2,89),(90,'2018-12-18 14:33:34','Administrator Handmade hub gold SQL',3,90),(91,'2018-12-19 13:41:59','Executive Generic yellow Handcrafted Supervisor',3,91),(92,'2018-12-19 00:49:14','Metrics withdrawal Radial synthesize haptic',1,92),(93,'2018-12-18 18:04:59','web-enabled schemas Program Shirt Rubber',1,93),(94,'2018-12-19 07:33:40','Concrete enhance Car regional Central',4,94),(95,'2018-12-18 15:41:02','frictionless payment Frozen Oregon Division',4,95),(96,'2018-12-18 17:04:54','optimal Indian Rupee optical multimedia Manager',2,96),(97,'2018-12-19 05:02:02','withdrawal navigating reboot infomediaries circuit',2,97),(98,'2018-12-18 15:30:07','Toys Berkshire Mississippi cross-platform vortals',1,98),(99,'2018-12-18 21:08:14','Administrator infomediaries Route dot-com Table',2,99),(100,'2018-12-18 22:52:54','Guinea Franc Music rich redundant collaboration',2,100),(101,'2018-12-18 14:37:35','generating Executive solution payment copying',1,101),(102,'2018-12-18 17:14:58','CSS Coordinator Infrastructure Rustic Tasty Frozen Chicken',2,102),(103,'2018-12-19 07:58:43','Division Borders Summit quantifying USB',3,103),(104,'2018-12-19 00:38:22','Cross-platform instruction set hard drive Tasty Steel Mouse even-keeled',1,104),(105,'2018-12-19 00:21:37','SQL transmit Buckinghamshire Glen Tasty Granite Mouse',1,105),(106,'2018-12-18 22:56:40','Steel 1080p Rustic Soft Sausages Belarussian Ruble Checking Account',2,106),(107,'2018-12-19 05:34:23','system engine Personal Loan Account Rubber contingency Dynamic',3,107),(108,'2018-12-19 13:25:01','Pennsylvania Puerto Rico brand Incredible Shoes',4,108),(109,'2018-12-18 20:32:30','Somali Shilling hybrid SDD recontextualize Enterprise-wide',1,109),(110,'2018-12-18 22:34:47','tan Divide Saudi Riyal Cambridgeshire HTTP',4,110),(111,'2018-12-18 15:07:30','optical Louisiana recontextualize back up Kansas',1,111),(112,'2018-12-19 02:17:50','Home Loan Account Customer-focused Sports Handcrafted Home Loan Account',1,112),(113,'2018-12-18 20:46:40','Unbranded Fresh Salad Curve orchestrate North Carolina Administrator',1,113),(114,'2018-12-19 01:19:54','Cambridgeshire Investment Account Credit Card Account Group program',3,114),(115,'2018-12-19 07:39:11','program Markets salmon New Israeli Sheqel Avon',2,115),(116,'2018-12-19 05:22:32','Senior Ports zero tolerance 24/365 PCI',4,116),(117,'2018-12-18 16:55:39','Liberia port Administrator Officer Assistant',2,117),(118,'2018-12-18 19:12:41','Expanded neural bypass architect Money Market Account',4,118),(119,'2018-12-19 07:40:48','Officer Agent Directives Fantastic Pants',3,119),(120,'2018-12-19 13:36:27','Unbranded Fresh Soap Auto Loan Account B2C Dalasi Investor',1,120),(121,'2018-12-18 16:21:10','auxiliary Industrial networks e-tailers Quality',4,121),(122,'2018-12-19 02:26:50','Regional payment collaboration Tunnel Music',2,122),(123,'2018-12-18 20:02:12','Kansas digital parsing Canada e-services',4,123),(124,'2018-12-19 08:13:21','distributed alarm Direct GB Extended',4,124),(125,'2018-12-18 20:17:32','Clothing invoice ivory cohesive Gloves',2,125),(126,'2018-12-19 08:54:46','solid state withdrawal bandwidth e-tailers Money Market Account',2,126),(127,'2018-12-18 17:19:25','invoice customer loyalty Agent connect iterate',4,127),(128,'2018-12-19 03:33:31','Graphic Interface schemas Assistant functionalities Viaduct',3,128),(129,'2018-12-19 03:56:47','card Chair JSON Handmade forecast',1,129),(130,'2018-12-19 09:17:47','Cambridgeshire Sausages expedite pricing structure magenta',4,130),(131,'2018-12-18 21:26:43','quantify whiteboard parallelism hack Steel',4,131),(132,'2018-12-19 11:15:18','Georgia Plain Product interactive orchid',2,132),(133,'2018-12-18 18:24:56','Sausages generate exuding Steel Balanced',2,133),(134,'2018-12-18 20:41:25','Movies Personal Loan Account reinvent Small Idaho',3,134),(135,'2018-12-19 09:51:26','Mobility Focused Architect dynamic Pines',2,135),(136,'2018-12-19 03:42:07','one-to-one Buckinghamshire bandwidth Planner Missouri',4,136),(137,'2018-12-19 08:54:11','alarm Cambridgeshire Checking Account Buckinghamshire grey',2,137),(138,'2018-12-19 07:12:16','primary Officer Ergonomic Plastic Salad primary frictionless',2,138),(139,'2018-12-18 21:41:11','Principal Costa Rica Mexican Peso Mexican Unidad de Inversion (UDI) deploy Internal',4,139),(140,'2018-12-18 13:47:48','Berkshire Producer transmit Rustic algorithm',1,140),(141,'2018-12-19 06:16:02','XML product override Washington Steel',3,141),(142,'2018-12-19 05:59:48','Auto Loan Account Fresh viral Generic JSON',3,142),(143,'2018-12-18 21:25:10','encompassing transmit Russian Ruble matrix SMS',2,143),(144,'2018-12-19 08:15:10','synthesize Sleek Steel Bike Computer multi-byte synergistic',4,144),(145,'2018-12-18 18:51:48','Berkshire grey Movies forecast one-to-one',1,145),(146,'2018-12-19 09:13:16','United States of America invoice unleash capacitor granular',4,146),(147,'2018-12-19 01:35:58','Quality Delaware Home Home Loan Account Refined Rubber Shirt',1,147),(148,'2018-12-18 22:13:05','Licensed programming violet 24/7 withdrawal',4,148),(149,'2018-12-18 16:23:40','zero defect China Myanmar hack Rubber',1,149),(150,'2018-12-19 01:36:29','overriding deposit embrace User-centric Officer',3,150),(151,'2018-12-19 07:06:58','Small Fresh Pizza orchid Future homogeneous architectures',2,151),(152,'2018-12-19 09:18:39','payment Investment Account Cambridgeshire leading edge copy',1,152),(153,'2018-12-19 08:20:10','invoice integrated Garden Cotton Granite',2,153),(154,'2018-12-19 01:49:25','hard drive cultivate Nebraska Producer Electronics',3,154),(155,'2018-12-19 01:44:27','virtual quantify invoice ivory iterate',3,155),(156,'2018-12-18 19:36:31','Automotive Borders cross-platform Human facilitate',3,156),(157,'2018-12-19 04:25:30','Savings Account HTTP open-source Corners Executive',2,157),(158,'2018-12-19 00:38:44','Pizza Focused Associate withdrawal Money Market Account',4,158),(159,'2018-12-18 16:27:38','Steel Syrian Arab Republic Shoes Executive Montana',3,159),(160,'2018-12-19 04:59:30','Internal zero administration transmit Awesome Plastic Fish SMS',3,160),(161,'2018-12-19 10:36:30','Refined Concrete Car Cotton indigo connect Kentucky',2,161),(162,'2018-12-19 02:11:47','Gourde US Dollar CSS 1080p adapter killer',1,162),(163,'2018-12-19 13:17:05','Tactics e-tailers Face to face Fresh Summit',4,163),(164,'2018-12-19 01:30:04','Customer fresh-thinking platforms Integration Avon',1,164),(165,'2018-12-18 21:11:25','Granite generating bus bus green',3,165),(166,'2018-12-18 15:50:39','invoice Tasty Frozen Fish invoice port microchip',4,166),(167,'2018-12-19 10:32:34','Tasty District Applications solution Hryvnia',1,167),(168,'2018-12-19 10:11:21','Developer Intelligent Cotton Hat Lodge Personal Loan Account primary',1,168),(169,'2018-12-19 05:01:28','compress Intelligent online Handmade Rubber Towels Innovative',1,169),(170,'2018-12-19 06:47:30','Small Steel Sausages hacking Auto Loan Account Soft hard drive',3,170),(171,'2018-12-18 19:41:45','tan Alabama Bahamas local functionalities',1,171),(172,'2018-12-18 21:26:22','firmware SAS infomediaries Points Clothing',1,172),(173,'2018-12-19 06:30:26','Beauty Brand 3rd generation Credit Card Account Checking Account',1,173),(174,'2018-12-19 09:23:53','transmit Small online Borders National',2,174),(175,'2018-12-19 09:28:46','Principal indexing blue action-items hardware',2,175),(176,'2018-12-19 03:26:11','iterate deploy Practical Sleek web-readiness',1,176),(177,'2018-12-19 08:21:19','driver Oklahoma Visionary Borders Cambridgeshire',1,177),(178,'2018-12-18 14:55:45','grey niches 1080p violet deposit',1,178),(179,'2018-12-18 21:15:26','bypass generate Spurs portals Representative',4,179),(180,'2018-12-18 20:46:30','1080p Optimized Practical archive array',3,180),(181,'2018-12-19 11:03:30','Optimization Thailand Industrial Communications Bedfordshire',2,181),(182,'2018-12-19 00:35:14','driver withdrawal red bandwidth Marketing',2,182),(183,'2018-12-19 01:04:41','connecting Internal input syndicate end-to-end',1,183),(184,'2018-12-19 02:54:21','Facilitator Saint Vincent and the Grenadines Sausages Bedfordshire invoice',2,184),(185,'2018-12-18 17:50:08','Concrete Music Personal Loan Account Computer budgetary management',4,185),(186,'2018-12-18 20:12:49','Practical Rubber Chips Credit Card Account overriding methodology navigate',4,186),(187,'2018-12-19 07:32:57','Credit Card Account black Gorgeous Refined Concrete Sausages Fish',4,187),(188,'2018-12-19 11:14:34','content strategy parsing Macao contingency',2,188),(189,'2018-12-18 19:35:59','XSS orange fresh-thinking silver fault-tolerant',1,189),(190,'2018-12-18 14:32:07','Missouri Roads Wooden USB Mobility',4,190),(191,'2018-12-18 22:17:17','Operations AI overriding Mission Front-line',2,191),(192,'2018-12-19 10:12:40','Hat alarm platforms bypassing Checking Account',2,192),(193,'2018-12-18 16:10:02','Village Officer El Salvador Identity Montana',3,193),(194,'2018-12-18 22:00:29','Colombian Peso Unidad de Valor Real Technician Music invoice cutting-edge',2,194),(195,'2018-12-18 17:21:40','Human transmit Intranet Mobility SSL',1,195),(196,'2018-12-19 04:43:45','driver grey Chicken FTP Executive',4,196),(197,'2018-12-18 23:25:42','real-time Iraqi Dinar bypassing bypass Wisconsin',3,197),(198,'2018-12-19 00:33:50','Savings Account New Hampshire Manager Costa Rican Colon Home Loan Account',2,198),(199,'2018-12-19 05:41:43','invoice web-readiness Cross-platform Robust Exclusive',4,199),(200,'2018-12-18 20:01:30','Associate gold Global Credit Card Account Home',1,200),(201,'2018-12-19 02:40:28','Orchestrator program Texas extend Hat',4,201),(202,'2018-12-18 19:49:43','Operations Bacon Cambridgeshire embrace impactful',2,202),(203,'2018-12-18 22:22:49','calculate emulation Configuration Small explicit',3,203),(204,'2018-12-18 21:56:53','Handcrafted Metal Keyboard invoice grid-enabled application approach',3,204),(205,'2018-12-18 18:59:36','Germany Cotton sticky middleware bluetooth',3,205),(206,'2018-12-19 04:11:14','Virgin Islands, U.S. invoice Ways channels Metal',2,206),(207,'2018-12-19 03:55:36','sexy local area network Crossing Salad Concrete',4,207),(208,'2018-12-18 19:01:49','Operations Pre-emptive Research Cheese end-to-end',1,208),(209,'2018-12-18 17:58:05','Principal 1080p Sleek Concrete Pants quantifying whiteboard',2,209),(210,'2018-12-18 16:56:31','Ball Practical Yuan Renminbi facilitate mesh',2,210),(211,'2018-12-18 15:40:16','bypass Central Ukraine withdrawal Small Wooden Salad',2,211),(212,'2018-12-19 00:54:18','Home Loan Account withdrawal Director Computers Ergonomic Plastic Gloves',1,212),(213,'2018-12-18 14:24:50','program Outdoors Fantastic Metal Bike Data redundant',3,213),(214,'2018-12-18 17:47:16','evolve Ball Web quantifying Island',1,214),(215,'2018-12-19 02:06:41','Dynamic front-end SCSI Lakes Markets',3,215),(216,'2018-12-18 15:24:56','solution-oriented application Steel array Identity',1,216),(217,'2018-12-18 23:50:17','haptic Cotton Argentina Beauty Computers',2,217),(218,'2018-12-19 04:40:46','panel JSON compress navigating withdrawal',1,218),(219,'2018-12-19 07:57:01','Bedfordshire Representative withdrawal withdrawal deploy',2,219),(220,'2018-12-18 23:27:51','Planner Latvian Lats index tangible intangible',4,220),(221,'2018-12-18 21:29:32','Refined Cotton Chicken strategize Colorado Re-contextualized enable',1,221),(222,'2018-12-18 21:17:48','repurpose monitoring Home Honduras aggregate',1,222),(223,'2018-12-19 06:34:20','Division Cambridgeshire Licensed Borders yellow',3,223),(224,'2018-12-18 22:05:11','solid state Consultant payment Electronics Persevering',1,224),(225,'2018-12-19 03:56:56','Research haptic Generic Tasty Chair',1,225),(226,'2018-12-19 03:30:18','application Kids Health intranet Face to face',3,226),(227,'2018-12-19 06:51:35','Refined Bedfordshire Books Plastic panel',3,227),(228,'2018-12-18 16:24:49','gold paradigms program Future wireless',4,228),(229,'2018-12-18 22:39:52','XSS ivory productivity recontextualize CFP Franc',1,229),(230,'2018-12-18 19:44:37','envisioneer Guyana Dollar Consultant content-based 24/365',2,230),(231,'2018-12-19 03:55:54','e-tailers Handmade Intelligent Fresh Ball transmit Fully-configurable',2,231),(232,'2018-12-18 16:22:58','transmitting redefine hub Usability Producer',2,232),(233,'2018-12-18 17:48:33','Guam Reactive matrices USB Georgia',1,233),(234,'2018-12-18 21:53:12','fresh-thinking Ergonomic Plastic Shirt New York calculating Liaison',1,234),(235,'2018-12-18 16:08:58','Division Bedfordshire Pennsylvania olive Savings Account',3,235),(236,'2018-12-19 02:41:28','Shoes bypass West Virginia overriding mint green',1,236),(237,'2018-12-18 17:54:58','Fantastic Soft Shoes transmit bus Handcrafted tangible',4,237),(238,'2018-12-19 12:56:43','mint green Beauty vertical program Key',4,238),(239,'2018-12-19 06:29:21','Configuration Shoes Mouse Kwacha Buckinghamshire',1,239),(240,'2018-12-19 09:51:00','back-end deposit morph red Strategist',1,240),(241,'2018-12-19 03:27:15','Accountability Licensed United States Minor Outlying Islands invoice methodology',1,241),(242,'2018-12-18 18:11:12','deposit Re-contextualized teal SDD transmitting',2,242),(243,'2018-12-19 08:29:52','programming aggregate collaborative Trail Up-sized',4,243),(244,'2018-12-18 23:33:05','SMS didactic Ball Ramp New Mexico',2,244),(245,'2018-12-19 06:58:56','Jewelery unleash Kwacha Health deposit',4,245),(246,'2018-12-19 03:06:59','Intelligent Future-proofed efficient lavender Concrete',4,246),(247,'2018-12-18 23:56:17','Credit Card Account Cotton optical black mobile',2,247),(248,'2018-12-19 07:17:37','convergence Cotton Auto Loan Account Integrated Won',1,248),(249,'2018-12-19 07:20:50','Rupiah Tools salmon input Saint Pierre and Miquelon',3,249),(250,'2018-12-18 14:50:40','transform Tennessee Paradigm Dominican Republic Awesome Granite Pizza',2,250),(251,'2018-12-19 05:22:54','Mountain Gloves Chicken Liaison Rhode Island',1,251),(252,'2018-12-19 12:35:58','calculating programming Maryland Beauty Face to face',3,252),(253,'2018-12-19 09:12:57','Mills Investor SSL invoice Profit-focused',2,253),(254,'2018-12-18 20:47:56','Kentucky Summit withdrawal Iranian Rial Luxembourg',2,254),(255,'2018-12-19 01:22:35','mint green Technician Generic Grass-roots pink',3,255),(256,'2018-12-18 15:17:51','Refined Tasty Frozen Chair Plastic Views homogeneous',4,256),(257,'2018-12-19 07:04:29','Tuna Route Honduras microchip Tasty Cotton Tuna',4,257),(258,'2018-12-18 17:38:54','Ameliorated interactive Executive Security Lari',2,258),(259,'2018-12-19 08:11:12','Global override magenta circuit Home Loan Account',3,259),(260,'2018-12-19 02:26:09','Pataca Egyptian Pound payment Sao Tome and Principe Tasty Rubber Ball',1,260),(261,'2018-12-19 04:38:53','bifurcated Trafficway Bosnia and Herzegovina Berkshire empower',3,261),(262,'2018-12-19 04:52:08','payment impactful Personal Loan Account transmitting navigate',4,262),(263,'2018-12-18 17:13:19','Cotton Future-proofed Corporate Global bypassing',4,263),(264,'2018-12-19 08:34:35','ivory SCSI monitor fault-tolerant user-centric',3,264),(265,'2018-12-19 08:20:21','PNG back-end e-commerce Orchestrator Wooden',4,265),(266,'2018-12-19 03:59:14','Global Implementation synthesize Generic channels',1,266),(267,'2018-12-18 14:00:41','Investment Account Fresh optical Small Designer',1,267),(268,'2018-12-19 02:09:17','Data mobile Books 1080p Concrete',2,268),(269,'2018-12-19 05:06:58','intermediate Surinam Dollar Swaziland Handmade quantify',2,269),(270,'2018-12-19 11:59:33','Nicaragua Mobility Towels Home Loan Account Soap',3,270),(271,'2018-12-18 15:21:25','engineer Kentucky SMTP International AI',2,271),(272,'2018-12-18 17:04:13','Unbranded e-enable Ville Home Loan Account Views',3,272),(273,'2018-12-18 16:38:32','ivory markets indexing Belgium redefine',4,273),(274,'2018-12-19 13:27:30','programming Savings Account Gorgeous Steel Pants Optimization end-to-end',2,274),(275,'2018-12-19 09:17:07','Handcrafted Steel Gloves Sleek Refined function markets',1,275),(276,'2018-12-18 17:43:31','microchip Metal index indigo Home Loan Account',2,276),(277,'2018-12-18 19:00:45','Program Platinum uniform Strategist calculate',2,277),(278,'2018-12-18 15:19:07','Course matrices Marshall Islands bandwidth-monitored Organic',4,278),(279,'2018-12-19 08:45:49','Rhode Island Executive pricing structure impactful analyzer',4,279),(280,'2018-12-19 03:39:57','backing up 4th generation Garden Function-based Personal Loan Account',1,280),(281,'2018-12-18 15:56:51','portals bluetooth wireless killer eyeballs',4,281),(282,'2018-12-19 02:37:05','copy Cheese teal Incredible Rubber Mouse Utah',4,282),(283,'2018-12-18 23:23:54','Frozen redundant system-worthy invoice Industrial',1,283),(284,'2018-12-18 14:54:14','Denmark solutions coherent incentivize Liaison',1,284),(285,'2018-12-19 04:55:05','Inlet Integration functionalities Iraqi Dinar back up',2,285),(286,'2018-12-19 12:44:33','JSON responsive Handmade Plastic Hat gold synthesizing',1,286),(287,'2018-12-19 10:19:00','mobile Fundamental whiteboard networks Baby',4,287),(288,'2018-12-19 07:04:52','RAM Intelligent green internet solution portal',3,288),(289,'2018-12-19 10:27:39','Facilitator Communications New Hampshire navigating hack',3,289),(290,'2018-12-19 01:15:49','navigating withdrawal International function Designer',1,290),(291,'2018-12-18 18:42:31','encryption Practical applications multi-tasking system',2,291),(292,'2018-12-18 17:36:38','Toys primary deposit Customer Cheese',4,292),(293,'2018-12-19 07:16:10','Music olive incentivize backing up Research',3,293),(294,'2018-12-18 16:00:22','Soft supply-chains User-centric COM driver',1,294),(295,'2018-12-18 23:16:14','Guinea-Bissau back-end Consultant Dynamic emulation',4,295),(296,'2018-12-18 17:14:47','vortals Money Market Account navigate intermediate bandwidth',1,296),(297,'2018-12-18 18:19:10','Computer Personal Loan Account Sports Bedfordshire cross-platform',3,297),(298,'2018-12-18 15:20:18','interface Investor Home Representative Intranet',4,298),(299,'2018-12-19 00:13:21','turquoise New Mexico Frozen Avon Regional',4,299),(300,'2018-12-18 20:54:02','Austria Handmade Steel Tuna Cambridgeshire infrastructures maximize',3,300);
/*!40000 ALTER TABLE `OperacjeNaWinnicy` ENABLE KEYS */;
UNLOCK TABLES;

--
-- Table structure for table `Partie`
--

DROP TABLE IF EXISTS `Partie`;
/*!40101 SET @saved_cs_client     = @@character_set_client */;
/*!40101 SET character_set_client = utf8 */;
CREATE TABLE `Partie` (
  `idPartie` int(11) NOT NULL AUTO_INCREMENT,
  `ilosc` decimal(4,1) NOT NULL,
  `opis` varchar(255) DEFAULT NULL,
  `dataUtworzenia` datetime NOT NULL,
  `winobranieIdWinobranie` int(11) DEFAULT NULL,
  `partieIdPartie` int(11) DEFAULT NULL,
  `typPartiiIdTypPartii` int(11) NOT NULL,
  `informacjeOWinieIdInformacjeOWinie` int(11) DEFAULT NULL,
  `planyProdukcyjneIdPlanyProdukcyjne` int(11) DEFAULT NULL,
  `czyPrzepis` tinyint(4) NOT NULL,
  PRIMARY KEY (`idPartie`),
  UNIQUE KEY `idPartie_UNIQUE` (`idPartie`),
  KEY `fk_partie_winobranie1_idx` (`winobranieIdWinobranie`),
  KEY `fk_partie_partie1_idx` (`partieIdPartie`),
  KEY `fk_partie_typ_partii1_idx` (`typPartiiIdTypPartii`),
  KEY `fk_partie_informacje_o_winie1_idx` (`informacjeOWinieIdInformacjeOWinie`),
  KEY `fk_partie_plany_produkcyjne1_idx` (`planyProdukcyjneIdPlanyProdukcyjne`),
  CONSTRAINT `fk_partie_informacje_o_winie1` FOREIGN KEY (`informacjeOWinieIdInformacjeOWinie`) REFERENCES `InformacjeOWinie` (`idInformacjeOWinie`) ON DELETE CASCADE ON UPDATE CASCADE,
  CONSTRAINT `fk_partie_partie1` FOREIGN KEY (`partieIdPartie`) REFERENCES `Partie` (`idPartie`) ON DELETE CASCADE ON UPDATE CASCADE,
  CONSTRAINT `fk_partie_plany_produkcyjne1` FOREIGN KEY (`planyProdukcyjneIdPlanyProdukcyjne`) REFERENCES `PlanyProdukcyjne` (`idPlanyProdukcyjne`) ON DELETE CASCADE ON UPDATE CASCADE,
  CONSTRAINT `fk_partie_typ_partii1` FOREIGN KEY (`typPartiiIdTypPartii`) REFERENCES `DictTypPartii` (`idTypPartii`) ON DELETE CASCADE ON UPDATE CASCADE
) ENGINE=InnoDB AUTO_INCREMENT=301 DEFAULT CHARSET=utf8;
/*!40101 SET character_set_client = @saved_cs_client */;

--
-- Dumping data for table `Partie`
--

LOCK TABLES `Partie` WRITE;
/*!40000 ALTER TABLE `Partie` DISABLE KEYS */;
INSERT INTO `Partie` VALUES (1,261.2,'Buckinghamshire Car open-source application CFP Franc','2018-12-19 05:17:23',1,1,2,1,1,0),(2,710.1,'exuding Run Tasty Sleek Auto Loan Account','2018-12-18 20:33:27',2,2,1,2,2,0),(3,423.1,'Auto Loan Account auxiliary Investment Account Home Loan Account platforms','2018-12-19 00:59:47',3,3,4,3,3,1),(4,805.6,'users systemic Port Supervisor Salad','2018-12-19 11:00:47',4,4,1,4,4,0),(5,217.2,'Producer Savings Account Afghanistan success bleeding-edge','2018-12-19 06:48:19',5,5,1,5,5,0),(6,717.2,'Intuitive Field Berkshire website Assurance','2018-12-18 20:56:25',6,6,2,6,6,0),(7,664.4,'invoice green neural-net lavender Oregon','2018-12-18 23:28:42',7,7,3,7,7,0),(8,49.1,'deposit Hryvnia hub Kentucky Analyst','2018-12-19 05:04:28',8,8,3,8,8,0),(9,28.3,'Kids Open-source Money Market Account Metal Frozen','2018-12-19 10:19:37',9,9,4,9,9,0),(10,818.6,'bluetooth Rustic Frozen Hat Synergistic dynamic Program','2018-12-18 19:59:09',10,10,2,10,10,0),(11,308.2,'Washington PNG Refined Soft Mouse digital parallelism','2018-12-18 16:40:47',11,11,1,11,11,0),(12,288.9,'Granite Serbian Dinar Handcrafted Soft Ball deposit SMTP','2018-12-19 07:56:45',12,12,3,12,12,0),(13,892.7,'Home Trail Facilitator bus Generic','2018-12-18 19:06:20',13,13,2,13,13,0),(14,210.6,'Garden aggregate Brunei Darussalam Multi-layered Industrial','2018-12-18 23:26:15',14,14,3,14,14,0),(15,670.4,'Group bottom-line Intranet Home Loan Account Practical Fresh Shirt','2018-12-18 18:27:34',15,15,4,15,15,1),(16,610.3,'Officer sexy quantify gold haptic','2018-12-18 14:51:43',16,16,3,16,16,0),(17,850.4,'Ethiopia Kids wireless Refined Buckinghamshire','2018-12-19 08:04:53',17,17,3,17,17,0),(18,155.4,'Facilitator array array full-range Forest','2018-12-19 10:22:15',18,18,4,18,18,0),(19,543.2,'partnerships Multi-layered Internal Cambridgeshire synergize','2018-12-19 02:13:46',19,19,4,19,19,0),(20,541.0,'target Dobra Liaison Concrete San Marino','2018-12-19 07:10:35',20,20,1,20,20,0),(21,518.8,'deliver cross-media Implementation navigate wireless','2018-12-18 21:17:48',21,21,3,21,21,0),(22,300.7,'Profound Ecuador maroon Exclusive RSS','2018-12-18 18:01:34',22,22,2,22,22,0),(23,615.5,'generating Dale Camp redundant expedite','2018-12-18 16:04:52',23,23,4,23,23,0),(24,880.1,'Frozen online index transmitter program','2018-12-18 17:11:02',24,24,4,24,24,0),(25,650.3,'teal Ergonomic United States of America Car Wooden','2018-12-19 11:16:53',25,25,1,25,25,0),(26,593.5,'Unbranded Rubber Table Dynamic District digital navigate','2018-12-19 08:10:27',26,26,1,26,26,0),(27,916.2,'Summit navigating maximized Berkshire Extended','2018-12-18 15:50:26',27,27,2,27,27,0),(28,807.5,'24 hour wireless yellow Internal Interactions','2018-12-19 05:00:19',28,28,3,28,28,0),(29,51.6,'homogeneous Underpass Delaware driver Track','2018-12-19 06:23:36',29,29,4,29,29,0),(30,228.1,'Unbranded Concrete Table Chicken Tactics Savings Account Naira','2018-12-19 08:58:45',30,30,3,30,30,0),(31,104.9,'Valley overriding Cheese Intelligent Steel Keyboard Cambridgeshire','2018-12-19 02:28:22',31,31,1,31,31,0),(32,545.5,'Fantastic Computers Malagasy Ariary sticky Parkways','2018-12-18 23:28:10',32,32,2,32,32,0),(33,75.6,'Rustic technologies Legacy forecast Legacy','2018-12-19 11:18:27',33,33,4,33,33,1),(34,184.2,'Handmade Granite Cheese Bike out-of-the-box Customer-focused bifurcated','2018-12-19 12:42:32',34,34,4,34,34,0),(35,161.3,'capacity US Dollar New Zealand Dollar navigating Rustic Plastic Tuna','2018-12-18 21:45:51',35,35,3,35,35,0),(36,973.1,'copy Refined deposit synergy Buckinghamshire','2018-12-19 05:58:01',36,36,4,36,36,0),(37,719.4,'Strategist New Mexico microchip Auto Loan Account Buckinghamshire','2018-12-18 17:47:30',37,37,1,37,37,0),(38,527.2,'withdrawal invoice Personal Loan Account Slovenia Outdoors','2018-12-18 15:00:23',38,38,2,38,38,0),(39,993.1,'e-tailers violet Afghani fuchsia Cordoba Oro','2018-12-19 09:43:07',39,39,4,39,39,0),(40,360.1,'Steel redundant Michigan plug-and-play Credit Card Account','2018-12-19 07:01:23',40,40,3,40,40,0),(41,175.0,'withdrawal Keys driver Dominica Mountain','2018-12-18 22:31:32',41,41,3,41,41,0),(42,552.4,'auxiliary Junctions Auto Loan Account orange Jewelery','2018-12-19 02:50:50',42,42,1,42,42,0),(43,220.7,'Manager Estonia Ergonomic Granite Chicken Cotton Steel','2018-12-18 18:15:51',43,43,1,43,43,0),(44,83.7,'Parkways Home Loan Account integrated Swiss Franc Buckinghamshire','2018-12-19 12:28:28',44,44,2,44,44,0),(45,839.5,'Nicaragua matrix Berkshire deposit Clothing','2018-12-19 06:30:04',45,45,4,45,45,0),(46,517.6,'ROI ROI Generic transition contingency','2018-12-18 23:06:02',46,46,2,46,46,0),(47,384.7,'Developer Checking Account Grocery port Sleek','2018-12-18 20:32:10',47,47,1,47,47,0),(48,522.0,'Licensed Metal Chicken SMS Fully-configurable Auto Loan Account sky blue','2018-12-18 18:19:15',48,48,2,48,48,1),(49,125.5,'Albania Industrial Games Maldives salmon','2018-12-18 13:51:33',49,49,3,49,49,0),(50,612.1,'SMS Applications Credit Card Account Directives program','2018-12-19 08:55:01',50,50,3,50,50,0),(51,326.8,'composite Administrator Designer Harbors asynchronous','2018-12-19 02:15:03',51,51,2,51,51,0),(52,920.8,'reciprocal Granite withdrawal programming innovative','2018-12-19 07:10:00',52,52,1,52,52,0),(53,636.8,'Mouse Pre-emptive Texas Zloty Shoals','2018-12-18 19:04:09',53,53,4,53,53,1),(54,671.8,'Sports Auto Loan Account Oklahoma frame Investment Account','2018-12-18 15:29:35',54,54,4,54,54,0),(55,292.8,'secured line Buckinghamshire Metal Coordinator program','2018-12-19 03:58:30',55,55,2,55,55,0),(56,207.6,'Licensed compressing protocol River Brand','2018-12-19 09:18:56',56,56,1,56,56,0),(57,277.8,'Serbia indigo Administrator Technician solution-oriented','2018-12-19 04:02:50',57,57,3,57,57,0),(58,520.1,'withdrawal harness invoice neural web-enabled','2018-12-18 14:35:30',58,58,2,58,58,0),(59,164.0,'JSON initiatives Michigan Markets tan','2018-12-19 08:29:02',59,59,3,59,59,0),(60,411.1,'open system Agent transmitting pixel Incredible Steel Pizza','2018-12-19 05:37:51',60,60,4,60,60,1),(61,661.0,'back-end B2B pink Intelligent Czech Koruna','2018-12-19 03:45:01',61,61,4,61,61,0),(62,298.1,'orchestrate hack sensor secondary web-readiness','2018-12-18 23:33:14',62,62,3,62,62,0),(63,682.8,'Central Identity Grass-roots Buckinghamshire Port','2018-12-18 15:56:20',63,63,4,63,63,1),(64,948.4,'hard drive Handmade Tuna Manager Practical','2018-12-18 18:52:47',64,64,2,64,64,1),(65,231.2,'CFA Franc BEAC Legacy Indian Rupee bypassing Romania','2018-12-19 12:43:25',65,65,3,65,65,0),(66,332.5,'Functionality product bus Avon yellow','2018-12-19 07:29:43',66,66,4,66,66,0),(67,578.6,'solid state intranet Cambridgeshire tertiary override','2018-12-19 11:32:51',67,67,1,67,67,0),(68,871.2,'bus parse Triple-buffered Frozen protocol','2018-12-19 03:57:04',68,68,4,68,68,0),(69,124.8,'payment Refined installation Operative Sleek','2018-12-19 02:16:00',69,69,1,69,69,0),(70,612.8,'Skyway regional innovate Rubber quantifying','2018-12-19 08:58:22',70,70,3,70,70,0),(71,800.6,'Road incubate Tasty Directives Fall','2018-12-19 02:52:52',71,71,2,71,71,0),(72,160.0,'Handmade Associate Denar Savings Account reboot','2018-12-19 11:37:56',72,72,3,72,72,0),(73,95.8,'Hong Kong 1080p invoice deposit Gloves','2018-12-18 17:25:28',73,73,4,73,73,1),(74,694.5,'Liaison compressing Pizza index Berkshire','2018-12-19 12:52:30',74,74,1,74,74,0),(75,542.7,'Tunisia Quality 24/7 circuit Shirt','2018-12-18 17:10:37',75,75,3,75,75,0),(76,769.9,'FTP Infrastructure navigate Representative Mission','2018-12-18 22:41:22',76,76,4,76,76,0),(77,19.6,'Solomon Islands Dollar models reinvent value-added Louisiana','2018-12-18 22:29:57',77,77,3,77,77,0),(78,643.5,'CFA Franc BCEAO Computers Jewelery front-end transmitting','2018-12-19 01:51:14',78,78,1,78,78,0),(79,666.1,'Kentucky Antarctica (the territory South of 60 deg S) Bosnia and Herzegovina deposit Granite','2018-12-19 07:15:35',79,79,1,79,79,0),(80,207.4,'XML Forges extend Agent bypassing','2018-12-19 05:14:50',80,80,4,80,80,0),(81,411.2,'Product attitude Supervisor Dynamic generating','2018-12-19 07:17:10',81,81,2,81,81,0),(82,795.2,'deposit Landing Checking Account bypass Berkshire','2018-12-19 06:10:04',82,82,2,82,82,1),(83,718.2,'Agent Belarussian Ruble TCP silver implementation','2018-12-19 03:35:41',83,83,2,83,83,0),(84,539.0,'infomediaries paradigm Cote d\'Ivoire EXE Directives','2018-12-18 22:46:17',84,84,2,84,84,1),(85,760.5,'bus Savings Account Rubber Garden Centralized','2018-12-19 08:33:41',85,85,1,85,85,1),(86,536.1,'function Ways PNG array Persistent','2018-12-18 20:25:40',86,86,3,86,86,0),(87,236.8,'Handcrafted Kyat function synergize grey','2018-12-19 00:39:28',87,87,3,87,87,0),(88,100.3,'Way empower online invoice Profound','2018-12-18 15:58:45',88,88,3,88,88,0),(89,65.5,'Delaware Awesome vortals Supervisor copying','2018-12-19 04:28:48',89,89,3,89,89,0),(90,278.2,'Metal Fantastic payment Steel Implementation','2018-12-18 23:03:05',90,90,2,90,90,0),(91,14.0,'synergies violet Sleek Central generating','2018-12-18 18:31:22',91,91,2,91,91,0),(92,914.3,'withdrawal sensor compressing wireless AGP','2018-12-19 08:24:03',92,92,3,92,92,0),(93,105.2,'Agent Auto Loan Account invoice Buckinghamshire Small','2018-12-19 00:29:21',93,93,2,93,93,1),(94,812.3,'Lek Concrete web services Port Hat','2018-12-19 07:41:12',94,94,2,94,94,0),(95,89.5,'Personal Loan Account Soft impactful adapter generating','2018-12-19 05:09:37',95,95,4,95,95,1),(96,868.9,'card next generation Louisiana Shoes web-enabled','2018-12-19 04:47:53',96,96,2,96,96,1),(97,538.2,'teal deposit microchip scalable synthesize','2018-12-18 17:25:23',97,97,1,97,97,0),(98,812.2,'Aruban Guilder Small Steel Towels synthesizing panel array','2018-12-19 01:54:38',98,98,3,98,98,0),(99,689.5,'Fantastic Soft Soap Brand Central Bike website','2018-12-18 14:54:49',99,99,3,99,99,0),(100,204.9,'Tennessee Cambridgeshire Virtual South Carolina Buckinghamshire','2018-12-19 02:02:01',100,100,4,100,100,1),(101,491.3,'Response bandwidth Ergonomic scale interface','2018-12-19 05:33:05',101,101,3,101,101,0),(102,536.9,'Rial Omani Tactics COM Wooden Team-oriented','2018-12-18 21:56:26',102,102,4,102,102,0),(103,852.5,'Credit Card Account Generic Metal Shoes Mouse Rhode Island Future','2018-12-19 13:43:20',103,103,2,103,103,0),(104,515.1,'generating deposit Research Lead plum','2018-12-19 08:55:38',104,104,4,104,104,1),(105,269.2,'Armenian Dram Developer withdrawal Japan empower','2018-12-19 05:48:10',105,105,4,105,105,1),(106,827.3,'reboot payment PCI Implementation Bahamian Dollar','2018-12-18 23:37:32',106,106,1,106,106,0),(107,966.0,'Macedonia Zimbabwe Dollar Consultant Cameroon Samoa','2018-12-19 03:39:53',107,107,4,107,107,0),(108,393.6,'Montana Liaison Alabama Incredible Soft Tuna niches','2018-12-19 00:19:46',108,108,4,108,108,0),(109,809.0,'Hill Pakistan Key client-driven Gorgeous','2018-12-19 06:26:55',109,109,3,109,109,0),(110,269.4,'Kroon Lead Integration Unbranded bandwidth','2018-12-19 02:24:01',110,110,3,110,110,0),(111,557.5,'array hack calculating Drive Function-based','2018-12-19 08:26:35',111,111,1,111,111,1),(112,90.8,'back up Kenya e-markets haptic Norwegian Krone','2018-12-19 06:58:47',112,112,1,112,112,1),(113,817.0,'non-volatile cross-platform maximize Officer navigating','2018-12-18 20:18:55',113,113,1,113,113,0),(114,679.2,'web-readiness program Credit Card Account Cross-platform deposit','2018-12-18 21:33:11',114,114,1,114,114,0),(115,857.3,'B2B Vanuatu withdrawal Syrian Pound Ramp','2018-12-18 21:05:23',115,115,1,115,115,0),(116,406.6,'innovative parse Saudi Arabia Refined Cotton Tuna magenta','2018-12-18 20:59:12',116,116,4,116,116,0),(117,705.1,'Unbranded Strategist Web azure mobile','2018-12-19 02:52:55',117,117,3,117,117,0),(118,332.9,'Beauty back-end ubiquitous Lead withdrawal','2018-12-19 04:42:39',118,118,2,118,118,1),(119,185.9,'Handcrafted Cotton Shirt Internal Pizza microchip SQL','2018-12-18 16:34:03',119,119,2,119,119,0),(120,939.9,'Tennessee Decentralized Markets neural Mouse','2018-12-18 17:11:50',120,120,1,120,120,0),(121,315.3,'Arizona Alley panel Tasty Frozen Bike Investment Account','2018-12-19 03:07:22',121,121,3,121,121,0),(122,43.5,'Granite Health Ergonomic Rubber Gloves panel Bike','2018-12-19 02:35:45',122,122,3,122,122,0),(123,801.3,'Avon Pizza Plastic Supervisor SMS','2018-12-19 04:10:36',123,123,1,123,123,1),(124,491.4,'definition impactful programming Bedfordshire Kyat','2018-12-18 21:33:43',124,124,2,124,124,0),(125,968.5,'Chief Dominican Peso Ergonomic Fresh Towels Gorgeous Frozen Chips Som','2018-12-18 16:46:50',125,125,1,125,125,0),(126,503.6,'applications Borders Lek Triple-buffered Creative','2018-12-18 18:56:43',126,126,4,126,126,1),(127,107.0,'orchestrate fuchsia context-sensitive utilisation Branding','2018-12-18 15:51:10',127,127,3,127,127,1),(128,601.8,'Tools Bedfordshire Assurance Bike world-class','2018-12-19 12:01:30',128,128,3,128,128,0),(129,267.1,'Concrete forecast Hawaii Sleek Cross-group','2018-12-18 22:07:06',129,129,1,129,129,1),(130,779.6,'bypassing Borders UAE Dirham Sleek Steel Mouse deposit','2018-12-19 01:16:38',130,130,4,130,130,0),(131,244.6,'Cambridgeshire Producer withdrawal Rubber Bedfordshire','2018-12-19 09:59:04',131,131,1,131,131,0),(132,849.3,'infomediaries Credit Card Account pixel Tuna multi-tasking','2018-12-19 11:40:34',132,132,1,132,132,0),(133,989.6,'tan invoice Dynamic Integration Checking Account','2018-12-19 08:09:07',133,133,2,133,133,0),(134,342.2,'bluetooth monitor National XSS Burg','2018-12-19 11:52:09',134,134,4,134,134,0),(135,492.1,'Computers copying platforms Liaison Philippine Peso','2018-12-19 10:05:48',135,135,1,135,135,1),(136,223.1,'Home Loan Account incentivize Gloves virtual Soft','2018-12-18 23:01:22',136,136,4,136,136,0),(137,641.3,'Marketing optimizing Shoes Open-source Regional','2018-12-18 23:59:53',137,137,2,137,137,0),(138,247.8,'Cambridgeshire olive Shirt one-to-one violet','2018-12-19 07:27:19',138,138,1,138,138,0),(139,607.5,'Infrastructure invoice Chair Gateway Skyway','2018-12-18 15:21:21',139,139,4,139,139,0),(140,519.7,'Investment Account transmitting XML analyzer plum','2018-12-18 17:39:56',140,140,4,140,140,0),(141,492.9,'Awesome Fresh Chicken mission-critical Officer Money Market Account architect','2018-12-19 03:15:52',141,141,3,141,141,0),(142,397.3,'Salad deposit Group Turkmenistan Program','2018-12-19 03:04:14',142,142,1,142,142,0),(143,237.3,'Pass sky blue auxiliary Metal Internal','2018-12-18 23:09:56',143,143,3,143,143,0),(144,310.9,'Beauty Personal Loan Account synergize synthesizing embrace','2018-12-19 12:49:49',144,144,4,144,144,0),(145,274.5,'Minnesota Corporate Proactive Assistant Rhode Island','2018-12-19 00:05:19',145,145,4,145,145,0),(146,12.3,'Communications framework Equatorial Guinea Associate optimal','2018-12-18 21:45:47',146,146,4,146,146,0),(147,43.5,'Fresh Tactics distributed Panama Automotive','2018-12-19 07:26:21',147,147,3,147,147,0),(148,947.5,'overriding Gorgeous exploit Springs Health','2018-12-19 00:07:27',148,148,3,148,148,0),(149,846.2,'Group Rubber envisioneer dynamic users','2018-12-18 14:14:36',149,149,1,149,149,1),(150,117.7,'invoice auxiliary Berkshire Credit Card Account neural','2018-12-19 03:16:04',150,150,4,150,150,0),(151,867.7,'Bedfordshire Liaison mint green override PCI','2018-12-19 04:53:58',151,151,1,151,151,0),(152,396.1,'Connecticut Industrial Chair quantify Chief','2018-12-19 00:04:59',152,152,2,152,152,0),(153,840.3,'harness Future-proofed Principal Small Auto Loan Account','2018-12-18 21:38:10',153,153,3,153,153,0),(154,255.8,'Indonesia Avon Small Generic payment','2018-12-18 22:29:01',154,154,4,154,154,0),(155,919.8,'Kids Data calculate Computers back-end','2018-12-19 13:28:47',155,155,1,155,155,0),(156,935.9,'Customer solutions Auto Loan Account Generic Credit Card Account','2018-12-18 22:54:42',156,156,2,156,156,0),(157,251.3,'International orchid Moldova Cotton Intelligent','2018-12-18 23:33:12',157,157,4,157,157,0),(158,591.6,'open system intangible Chair Developer Electronics','2018-12-18 19:58:18',158,158,4,158,158,0),(159,321.2,'Internal payment Planner Direct Money Market Account','2018-12-18 16:37:19',159,159,1,159,159,0),(160,355.1,'Innovative sensor well-modulated Chief Algeria','2018-12-18 20:17:56',160,160,4,160,160,0),(161,784.2,'Buckinghamshire parse Solomon Islands Gloves bluetooth','2018-12-18 23:08:38',161,161,4,161,161,0),(162,425.7,'upward-trending Automotive Ridge Florida sensor','2018-12-19 06:32:06',162,162,1,162,162,1),(163,353.5,'Adaptive Ranch Markets projection invoice','2018-12-19 04:31:44',163,163,3,163,163,0),(164,494.8,'circuit Movies Function-based Ball Wyoming','2018-12-19 13:04:41',164,164,1,164,164,0),(165,291.0,'transform programming Credit Card Account Spurs Louisiana','2018-12-19 13:11:00',165,165,1,165,165,0),(166,963.6,'Savings Account Savings Account Graphic Interface Gabon bi-directional','2018-12-19 07:27:19',166,166,4,166,166,0),(167,842.5,'Chile system-worthy implement methodical Response','2018-12-19 10:32:17',167,167,3,167,167,0),(168,910.3,'Lead matrix Corporate withdrawal Automated','2018-12-19 13:35:28',168,168,4,168,168,0),(169,422.0,'Avon quantify definition Specialist Intuitive','2018-12-19 09:32:20',169,169,3,169,169,0),(170,817.3,'regional bluetooth auxiliary Philippines methodology','2018-12-19 11:08:13',170,170,4,170,170,0),(171,51.0,'virtual Facilitator parsing Secured action-items','2018-12-19 02:32:39',171,171,1,171,171,0),(172,812.6,'Cambridgeshire Engineer Fish Granite aggregate','2018-12-18 15:23:25',172,172,1,172,172,1),(173,269.3,'optical innovative International standardization intangible','2018-12-19 00:52:01',173,173,3,173,173,0),(174,691.4,'Outdoors Metal Berkshire Maryland Clothing','2018-12-19 03:47:43',174,174,4,174,174,0),(175,40.5,'transmitter firewall calculate Chief Hawaii','2018-12-19 12:00:19',175,175,4,175,175,0),(176,224.1,'parse Brand National Health Plastic','2018-12-18 20:04:00',176,176,4,176,176,0),(177,533.3,'Djibouti Franc Field Avon firewall deposit','2018-12-19 13:04:17',177,177,1,177,177,0),(178,429.7,'high-level transmitting hierarchy Persistent connect','2018-12-18 16:18:03',178,178,3,178,178,0),(179,846.0,'conglomeration vertical digital gold Handmade Concrete Soap','2018-12-18 21:36:08',179,179,1,179,179,0),(180,947.2,'Paradigm extranet Ports Berkshire extend','2018-12-18 15:20:03',180,180,1,180,180,0),(181,252.6,'mesh payment open architecture empower Regional','2018-12-19 12:05:55',181,181,4,181,181,1),(182,84.1,'revolutionize indigo TCP niches open-source','2018-12-18 20:01:51',182,182,2,182,182,0),(183,759.8,'Borders Lead Macao primary definition','2018-12-18 17:29:32',183,183,1,183,183,0),(184,554.3,'interface Lights Cheese schemas Somoni','2018-12-18 17:50:14',184,184,3,184,184,0),(185,911.0,'Associate incentivize reboot engage Liaison','2018-12-19 04:56:43',185,185,4,185,185,0),(186,461.3,'invoice Investor deposit quantifying Brazilian Real','2018-12-19 09:51:59',186,186,1,186,186,0),(187,73.6,'website Decentralized Money Market Account Falkland Islands Pound Outdoors','2018-12-18 18:08:38',187,187,1,187,187,0),(188,970.6,'Group Technician zero administration sticky Manager','2018-12-19 03:41:10',188,188,1,188,188,0),(189,80.7,'invoice sexy platforms parse Cocos (Keeling) Islands','2018-12-19 13:35:46',189,189,4,189,189,0),(190,267.5,'applications Point Regional applications Steel','2018-12-19 07:53:22',190,190,3,190,190,0),(191,974.7,'Liaison Specialist Refined programming transform','2018-12-18 21:35:03',191,191,4,191,191,0),(192,92.1,'multi-byte Neck HTTP Ergonomic Buckinghamshire','2018-12-18 19:14:30',192,192,1,192,192,0),(193,111.9,'Unbranded Concrete Car invoice multi-byte Guatemala secured line','2018-12-19 12:02:55',193,193,2,193,193,0),(194,617.4,'Administrator Denar connecting Practical Rubber Salad withdrawal','2018-12-19 08:53:17',194,194,4,194,194,0),(195,577.8,'policy SSL compress payment Designer','2018-12-19 13:36:40',195,195,2,195,195,0),(196,475.9,'e-business Frozen Cambridgeshire backing up Manager','2018-12-19 04:32:14',196,196,1,196,196,0),(197,715.6,'Soap syndicate functionalities Wooden mint green','2018-12-19 12:38:12',197,197,2,197,197,0),(198,670.6,'protocol Botswana Drives Towels open-source','2018-12-18 15:08:40',198,198,1,198,198,0),(199,237.7,'payment Directives Generic array Bypass','2018-12-19 02:11:30',199,199,4,199,199,0),(200,19.7,'Producer Universal Supervisor Soft withdrawal','2018-12-18 23:12:12',200,200,1,200,200,0),(201,468.7,'Small Quality Shoes Ball Run','2018-12-18 20:02:58',201,201,3,201,201,0),(202,233.8,'Regional Automotive overriding Avon virtual','2018-12-19 02:29:45',202,202,3,202,202,0),(203,881.6,'capacitor Electronics structure Point French Polynesia','2018-12-18 14:58:25',203,203,4,203,203,1),(204,562.0,'TCP Walk product lime monetize','2018-12-19 02:48:39',204,204,3,204,204,0),(205,466.1,'Savings Account North Carolina Brunei Dollar maroon Licensed','2018-12-18 17:04:03',205,205,2,205,205,1),(206,627.0,'Chair haptic connect payment port','2018-12-19 00:45:56',206,206,3,206,206,0),(207,944.2,'Lek disintermediate Avon Concrete enable','2018-12-18 21:33:19',207,207,4,207,207,1),(208,664.9,'digital Polarised AI Manor Beauty','2018-12-19 04:28:31',208,208,4,208,208,0),(209,523.9,'Cocos (Keeling) Islands Common embrace e-business Berkshire','2018-12-19 10:16:24',209,209,1,209,209,0),(210,59.1,'Soft conglomeration Australian Dollar Principal visualize','2018-12-18 16:46:43',210,210,1,210,210,0),(211,469.4,'task-force Pass synergies Bedfordshire initiatives','2018-12-19 05:40:26',211,211,1,211,211,1),(212,36.0,'Product Rustic web services application Branding','2018-12-19 12:55:30',212,212,4,212,212,0),(213,589.3,'GB communities Avon Ridge protocol','2018-12-19 08:15:50',213,213,4,213,213,0),(214,828.1,'CSS sky blue Investor Neck exuding','2018-12-18 20:58:01',214,214,4,214,214,0),(215,246.0,'Applications unleash Personal Loan Account blue capability','2018-12-18 19:06:19',215,215,2,215,215,0),(216,455.9,'Equatorial Guinea Robust Practical Rubber Sausages Tasty web-readiness','2018-12-19 10:53:00',216,216,2,216,216,0),(217,452.0,'International bluetooth quantifying override Arkansas','2018-12-19 06:28:38',217,217,4,217,217,1),(218,446.4,'Marketing Micronesia Malawi North Dakota Chicken','2018-12-19 10:55:05',218,218,3,218,218,0),(219,702.2,'cohesive panel invoice Kentucky Generic Rubber Shirt','2018-12-18 14:50:41',219,219,2,219,219,0),(220,62.2,'Handmade deposit protocol pixel intranet','2018-12-19 09:50:36',220,220,4,220,220,0),(221,891.4,'redundant cultivate New Mexico Small Auto Loan Account','2018-12-19 04:51:59',221,221,3,221,221,0),(222,521.5,'Beauty user-facing platforms Soft Iceland','2018-12-19 13:14:28',222,222,2,222,222,1),(223,29.2,'neural deposit portals grey synthesize','2018-12-19 05:02:23',223,223,2,223,223,0),(224,45.1,'motivating withdrawal Rustic Credit Card Account workforce','2018-12-18 20:37:18',224,224,1,224,224,0),(225,214.5,'navigating Operations generating Rustic Concrete Soap transform','2018-12-18 23:57:05',225,225,3,225,225,0),(226,912.9,'Human Cheese synergy system Internal','2018-12-19 00:32:44',226,226,3,226,226,0),(227,337.3,'CSS Research Chicken Metal withdrawal','2018-12-19 05:51:36',227,227,3,227,227,0),(228,828.3,'Product Granite wireless coherent wireless','2018-12-19 11:17:35',228,228,2,228,228,0),(229,534.8,'withdrawal enable Spur Baby Cotton','2018-12-18 17:54:37',229,229,2,229,229,1),(230,179.9,'overriding Solutions withdrawal Soft Aruban Guilder','2018-12-19 11:37:27',230,230,4,230,230,1),(231,152.9,'payment Face to face Persistent protocol application','2018-12-19 02:43:16',231,231,3,231,231,0),(232,535.9,'portals Steel Loop Forks Square','2018-12-19 11:29:17',232,232,1,232,232,1),(233,467.7,'Concrete Digitized Gloves compressing navigating','2018-12-19 11:44:18',233,233,3,233,233,0),(234,582.2,'Shoes Pizza open system FTP Bedfordshire','2018-12-19 09:07:41',234,234,3,234,234,1),(235,595.2,'lime Music Unbranded Cotton Pizza SCSI supply-chains','2018-12-18 15:08:57',235,235,1,235,235,0),(236,288.2,'black Mongolia Rustic invoice Gorgeous','2018-12-19 11:54:32',236,236,4,236,236,1),(237,801.7,'Gourde US Dollar salmon transition Supervisor Personal Loan Account','2018-12-18 18:04:14',237,237,2,237,237,0),(238,339.2,'Taka firewall Credit Card Account Home Loan Account front-end','2018-12-19 06:00:54',238,238,3,238,238,0),(239,115.2,'Small Brook Tasty Games Intelligent Granite Gloves','2018-12-19 00:55:11',239,239,4,239,239,0),(240,338.5,'partnerships Officer Centralized deposit invoice','2018-12-18 17:02:22',240,240,4,240,240,1),(241,513.1,'Coordinator IB morph black deliverables','2018-12-18 22:03:30',241,241,3,241,241,0),(242,99.5,'embrace Streets Home Loan Account generating invoice','2018-12-18 22:44:03',242,242,2,242,242,0),(243,168.6,'schemas Avon Sudan Frozen systems','2018-12-18 21:08:04',243,243,1,243,243,0),(244,507.4,'deposit Creative Investment Account Object-based Profit-focused','2018-12-18 22:05:09',244,244,1,244,244,0),(245,219.9,'Gorgeous Metal disintermediate Ford Connecticut','2018-12-18 17:22:00',245,245,3,245,245,0),(246,223.2,'infrastructures back-end Quality-focused intermediate Assimilated','2018-12-19 02:06:03',246,246,4,246,246,1),(247,776.6,'Rhode Island Keyboard Movies Identity Senior','2018-12-18 20:16:45',247,247,4,247,247,0),(248,732.9,'parsing Directives Pizza firewall Vista','2018-12-19 10:41:16',248,248,1,248,248,0),(249,203.5,'RSS homogeneous Identity optical Tactics','2018-12-18 20:32:42',249,249,2,249,249,0),(250,235.6,'Intelligent Rubber Mouse generate standardization Buckinghamshire Holy See (Vatican City State)','2018-12-18 18:53:15',250,250,1,250,250,0),(251,273.9,'silver indexing schemas Representative purple','2018-12-18 21:49:00',251,251,2,251,251,0),(252,282.2,'embrace firewall open-source Washington black','2018-12-19 00:31:09',252,252,2,252,252,0),(253,15.7,'e-business communities challenge Cambridgeshire Personal Loan Account','2018-12-18 22:17:04',253,253,2,253,253,0),(254,106.0,'synthesizing Hat parse Auto Loan Account Guam','2018-12-19 09:47:55',254,254,2,254,254,0),(255,444.2,'non-volatile tan invoice Buckinghamshire back up','2018-12-18 20:21:27',255,255,3,255,255,0),(256,797.1,'firewall solid state optical Personal Loan Account input','2018-12-19 01:10:39',256,256,2,256,256,1),(257,358.3,'haptic Web Incredible Rubber bleeding-edge','2018-12-19 09:26:15',257,257,4,257,257,0),(258,453.3,'COM Technician AI Senior Isle of Man','2018-12-19 12:07:13',258,258,4,258,258,0),(259,378.0,'UIC-Franc Buckinghamshire Buckinghamshire Tasty alarm','2018-12-19 04:17:35',259,259,4,259,259,0),(260,711.8,'Fantastic uniform system Euro Persistent','2018-12-18 15:23:38',260,260,2,260,260,0),(261,551.1,'Human Bolivar Fuerte Administrator Liberia Practical','2018-12-18 22:27:09',261,261,3,261,261,1),(262,476.4,'Tactics rich web-readiness Yen Sharable','2018-12-18 13:50:12',262,262,1,262,262,1),(263,818.5,'task-force Applications Fresh azure Operations','2018-12-19 11:28:19',263,263,3,263,263,0),(264,119.1,'RSS transmit Vista Licensed Plastic Tuna teal','2018-12-19 09:33:27',264,264,4,264,264,1),(265,69.4,'Isle Metal e-tailers Refined Fresh Chips USB','2018-12-18 16:42:10',265,265,4,265,265,0),(266,57.7,'Strategist compressing mint green Direct Polarised','2018-12-19 12:39:07',266,266,4,266,266,0),(267,475.3,'Montana Pants grid-enabled Cotton Montenegro','2018-12-18 19:27:40',267,267,3,267,267,1),(268,863.2,'optimal Sleek Granite Bike withdrawal Directives Creative','2018-12-19 03:34:33',268,268,1,268,268,0),(269,57.7,'Avon Mall THX El Salvador EXE','2018-12-18 16:24:04',269,269,2,269,269,1),(270,970.7,'Plaza asymmetric red payment interface','2018-12-18 23:24:47',270,270,4,270,270,0),(271,261.4,'Steel Idaho Solomon Islands Dollar Avon Licensed Frozen Gloves','2018-12-18 14:37:59',271,271,1,271,271,0),(272,311.2,'bifurcated real-time withdrawal architect Home Loan Account','2018-12-19 04:31:30',272,272,3,272,272,0),(273,578.4,'Salad circuit white SMTP Personal Loan Account','2018-12-18 23:25:25',273,273,4,273,273,0),(274,129.6,'Fall Regional Unbranded Cotton Mouse Practical Licensed Frozen Table','2018-12-19 03:23:14',274,274,3,274,274,1),(275,809.0,'24/365 Wisconsin Tuna red framework','2018-12-19 02:17:48',275,275,4,275,275,0),(276,899.0,'Investor digital New Mexico Fantastic bus','2018-12-18 22:54:21',276,276,2,276,276,0),(277,793.8,'demand-driven Plastic even-keeled Gorgeous International','2018-12-19 03:02:19',277,277,2,277,277,1),(278,95.9,'District Personal Loan Account Technician supply-chains South Dakota','2018-12-19 09:58:54',278,278,1,278,278,0),(279,478.3,'Principal success Danish Krone bypass driver','2018-12-19 02:48:25',279,279,4,279,279,0),(280,106.9,'Baby fuchsia Fantastic Configurable withdrawal','2018-12-19 02:38:54',280,280,1,280,280,0),(281,309.6,'challenge hub Estates generating Marketing','2018-12-19 08:58:43',281,281,4,281,281,0),(282,83.9,'Concrete Sleek cross-platform Gold best-of-breed','2018-12-18 21:33:27',282,282,3,282,282,1),(283,974.3,'Netherlands Antilles USB calculating Phased grey','2018-12-19 02:15:25',283,283,4,283,283,0),(284,788.4,'deposit Soft Checking Account 1080p Home Loan Account','2018-12-19 11:00:10',284,284,1,284,284,0),(285,32.3,'Assurance Agent discrete content-based engineer','2018-12-19 03:09:53',285,285,3,285,285,1),(286,136.7,'Solomon Islands Dollar User-friendly Investment Account invoice USB','2018-12-19 04:53:19',286,286,4,286,286,0),(287,89.7,'Savings Account neural-net Kentucky North Dakota Coordinator','2018-12-19 04:40:04',287,287,1,287,287,0),(288,757.9,'Personal Loan Account Buckinghamshire upward-trending Licensed Gorgeous','2018-12-18 17:34:56',288,288,4,288,288,0),(289,694.0,'Regional orange payment web-readiness Optimization','2018-12-18 23:33:41',289,289,1,289,289,0),(290,827.3,'mindshare National Intelligent New Hampshire Industrial','2018-12-19 02:32:47',290,290,4,290,290,1),(291,675.5,'wireless transmitter multi-byte architectures cross-platform','2018-12-18 20:03:33',291,291,4,291,291,1),(292,629.8,'SAS IB payment Metrics Fantastic','2018-12-19 03:47:20',292,292,3,292,292,0),(293,231.8,'Sleek Metal withdrawal Checking Account port','2018-12-19 03:42:53',293,293,4,293,293,0),(294,489.8,'Tennessee Outdoors Practical monitor data-warehouse','2018-12-18 19:58:36',294,294,1,294,294,1),(295,296.2,'digital Steel Innovative Azerbaijanian Manat Massachusetts','2018-12-19 01:51:12',295,295,4,295,295,0),(296,473.0,'next generation systems Row Buckinghamshire Virgin Islands, British','2018-12-19 05:29:20',296,296,1,296,296,0),(297,474.1,'generating 3rd generation customer loyalty Texas SDD','2018-12-18 14:27:18',297,297,1,297,297,0),(298,521.4,'Licensed Rubber Chips vertical calculating Games Knolls','2018-12-19 05:14:26',298,298,2,298,298,0),(299,640.2,'Gorgeous structure Borders Home Gorgeous Cotton Hat','2018-12-18 18:25:10',299,299,3,299,299,0),(300,640.3,'Strategist paradigms 24/365 Intelligent revolutionary','2018-12-19 13:43:50',300,300,2,300,300,1);
/*!40000 ALTER TABLE `Partie` ENABLE KEYS */;
UNLOCK TABLES;

--
-- Table structure for table `PlanyProdukcyjne`
--

DROP TABLE IF EXISTS `PlanyProdukcyjne`;
/*!40101 SET @saved_cs_client     = @@character_set_client */;
/*!40101 SET character_set_client = utf8 */;
CREATE TABLE `PlanyProdukcyjne` (
  `idPlanyProdukcyjne` int(11) NOT NULL AUTO_INCREMENT,
  `nazwa` varchar(45) NOT NULL,
  `opis` varchar(255) DEFAULT NULL,
  `eDokument` mediumtext NOT NULL,
  PRIMARY KEY (`idPlanyProdukcyjne`),
  UNIQUE KEY `idPlanyProdukcyjne_UNIQUE` (`idPlanyProdukcyjne`)
) ENGINE=InnoDB AUTO_INCREMENT=301 DEFAULT CHARSET=utf8;
/*!40101 SET character_set_client = @saved_cs_client */;

--
-- Dumping data for table `PlanyProdukcyjne`
--

LOCK TABLES `PlanyProdukcyjne` WRITE;
/*!40000 ALTER TABLE `PlanyProdukcyjne` DISABLE KEYS */;
INSERT INTO `PlanyProdukcyjne` VALUES (1,'invoice','infrastructures optical Gorgeous Alaska input',_binary 'web/documents/plans/Green.pdf'),(2,'system-worthy','Awesome Re-engineered haptic approach Bedfordshire',_binary 'web/documents/plans/Applications.pdf'),(3,'SMTP','budgetary management mindshare Communications Keyboard Coordinator',_binary 'web/documents/plans/Colorado.pdf'),(4,'scalable','content Internal Accounts program Connecticut',_binary 'web/documents/plans/drive.pdf'),(5,'Electronics','Chilean Peso Unidades de fomento Crest Computers Fresh Cambridgeshire',_binary 'web/documents/plans/Angola.pdf'),(6,'withdrawal','homogeneous mobile Cross-group Sleek Concrete Chips deploy',_binary 'web/documents/plans/Administrator.pdf'),(7,'Tactics','Idaho Sleek Frozen Table Buckinghamshire Creative ROI',_binary 'web/documents/plans/Money Market Account.pdf'),(8,'enterprise','District Adaptive Accounts Unbranded Idaho',_binary 'web/documents/plans/static.pdf'),(9,'Multi-lateral','Sudan Gorgeous Wooden Keyboard Garden COM withdrawal',_binary 'web/documents/plans/Liaison.pdf'),(10,'Incredible Rubber Table','Intelligent Directives Summit calculate channels',_binary 'web/documents/plans/Toys.pdf'),(11,'Berkshire','Home Loan Account Principal SDD Cloned Credit Card Account',_binary 'web/documents/plans/Berkshire.pdf'),(12,'encoding','orchestrate Oklahoma Multi-tiered silver Branding',_binary 'web/documents/plans/recontextualize.pdf'),(13,'systems','action-items synergize Plastic Fords Planner',_binary 'web/documents/plans/Georgia.pdf'),(14,'SMS','1080p Soft instruction set Auto Loan Account deliverables',_binary 'web/documents/plans/dedicated.pdf'),(15,'Robust','intermediate unleash blue generate magenta',_binary 'web/documents/plans/Customer.pdf'),(16,'e-tailers','Sierra Leone content Russian Federation content transitional',_binary 'web/documents/plans/utilisation.pdf'),(17,'Metal','Personal Loan Account Personal Loan Account Investment Account Zimbabwe Dollar Ouguiya',_binary 'web/documents/plans/24/365.pdf'),(18,'Steel','markets Vision-oriented actuating Idaho synthesizing',_binary 'web/documents/plans/parsing.pdf'),(19,'optimal','override Electronics Way program invoice',_binary 'web/documents/plans/mobile.pdf'),(20,'solid state','SMS deposit intangible Executive tertiary',_binary 'web/documents/plans/Wall.pdf'),(21,'Beauty','encoding California stable Self-enabling Frozen',_binary 'web/documents/plans/Table.pdf'),(22,'Tasty Steel Soap','virtual Frozen Senior fuchsia model',_binary 'web/documents/plans/Steel.pdf'),(23,'system','Graphical User Interface Fields overriding Global integrate',_binary 'web/documents/plans/Tennessee.pdf'),(24,'Buckinghamshire','fault-tolerant transmitter Decentralized analyzer HDD',_binary 'web/documents/plans/Locks.pdf'),(25,'matrix','Wyoming Personal Loan Account solid state Functionality incubate',_binary 'web/documents/plans/SMTP.pdf'),(26,'partnerships','Health Garden Administrator Credit Card Account enable',_binary 'web/documents/plans/Alaska.pdf'),(27,'feed','24/365 Jewelery Row calculate Rustic Granite Sausages',_binary 'web/documents/plans/dynamic.pdf'),(28,'Sleek Steel Salad','4th generation Pre-emptive incremental quantify deposit',_binary 'web/documents/plans/back-end.pdf'),(29,'Washington','Personal Loan Account SAS protocol Uruguay back up',_binary 'web/documents/plans/front-end.pdf'),(30,'interfaces','PCI Consultant Lead ivory PNG',_binary 'web/documents/plans/withdrawal.pdf'),(31,'interface','generating River parse deposit Buckinghamshire',_binary 'web/documents/plans/silver.pdf'),(32,'Applications','white Planner Health Wisconsin Liaison',_binary 'web/documents/plans/Handmade.pdf'),(33,'Orchard','Planner Democratic People\'s Republic of Korea Vermont Public-key bypassing',_binary 'web/documents/plans/system.pdf'),(34,'Dynamic','generating Beauty Investment Account Armenian Dram synthesize',_binary 'web/documents/plans/Gorgeous.pdf'),(35,'front-end','invoice Global Sharable Research SMS',_binary 'web/documents/plans/Incredible.pdf'),(36,'Arizona','Wooden Alabama Shirt benchmark parse',_binary 'web/documents/plans/Intelligent.pdf'),(37,'Tools','Auto Loan Account non-volatile capacitor Mauritania HDD',_binary 'web/documents/plans/Sleek.pdf'),(38,'extend','recontextualize Global framework Afghani Alaska',_binary 'web/documents/plans/open-source.pdf'),(39,'wireless','Centralized Executive Knolls impactful Program',_binary 'web/documents/plans/TCP.pdf'),(40,'eyeballs','system Keys approach Michigan target',_binary 'web/documents/plans/Turkish Lira.pdf'),(41,'Quality','open-source salmon actuating Glen reciprocal',_binary 'web/documents/plans/blue.pdf'),(42,'migration','Synergized Garden Malaysian Ringgit Future Baby',_binary 'web/documents/plans/Handmade Plastic Towels.pdf'),(43,'compressing','Intelligent Profit-focused matrix action-items communities',_binary 'web/documents/plans/CSS.pdf'),(44,'synergy','infomediaries protocol Research hack hack',_binary 'web/documents/plans/mobile.pdf'),(45,'Balanced','multi-byte virtual Central solutions Unbranded Soft Sausages',_binary 'web/documents/plans/Regional.pdf'),(46,'drive','bluetooth feed Senior incentivize Jewelery',_binary 'web/documents/plans/Bedfordshire.pdf'),(47,'copy','synthesizing Valley 6th generation content Gorgeous',_binary 'web/documents/plans/hacking.pdf'),(48,'invoice','Refined Directives Sports Incredible Frozen Cheese synthesizing',_binary 'web/documents/plans/Delaware.pdf'),(49,'Berkshire','disintermediate Lead Architect foreground Identity',_binary 'web/documents/plans/Bedfordshire.pdf'),(50,'Open-source','users Outdoors Locks dynamic Concrete',_binary 'web/documents/plans/Cambridgeshire.pdf'),(51,'payment','driver Phased sexy Concrete Awesome',_binary 'web/documents/plans/hacking.pdf'),(52,'Direct','indexing redundant Baby XSS back-end',_binary 'web/documents/plans/HTTP.pdf'),(53,'Polarised','Sleek Wooden Bike Awesome Fresh Pants hacking Ergonomic Checking Account',_binary 'web/documents/plans/Spring.pdf'),(54,'Synchronised','Mall Gloves Frozen Principal brand',_binary 'web/documents/plans/paradigms.pdf'),(55,'Plaza','Wooden Ohio Infrastructure Yemen Programmable',_binary 'web/documents/plans/Tunisian Dinar.pdf'),(56,'optimize','content-based Uzbekistan Sum Books Credit Card Account monetize',_binary 'web/documents/plans/Unbranded.pdf'),(57,'invoice','Licensed Wooden Soap Ergonomic Plastic Ball time-frame Orchestrator Granite',_binary 'web/documents/plans/Baby.pdf'),(58,'Money Market Account','Peru Supervisor firewall Frozen Movies',_binary 'web/documents/plans/SAS.pdf'),(59,'Shoals','solutions back up Realigned Rustic Concrete Soap concept',_binary 'web/documents/plans/wireless.pdf'),(60,'frame','Bedfordshire deposit architect Indiana compress',_binary 'web/documents/plans/Coordinator.pdf'),(61,'convergence','Papua New Guinea XML PNG ubiquitous Diverse',_binary 'web/documents/plans/engage.pdf'),(62,'withdrawal','invoice Bhutan ADP Colombian Peso Unidad de Valor Real Investment Account',_binary 'web/documents/plans/Sausages.pdf'),(63,'Generic','Guinea-Bissau index Handmade Frozen Towels matrix Crossroad',_binary 'web/documents/plans/Movies.pdf'),(64,'aggregate','Fresh XSS Chair indexing exploit',_binary 'web/documents/plans/Product.pdf'),(65,'aggregate','Buckinghamshire Computers Unbranded parsing Zambian Kwacha',_binary 'web/documents/plans/mesh.pdf'),(66,'cross-platform','bypassing Malaysia Assurance quantify National',_binary 'web/documents/plans/deposit.pdf'),(67,'capacity','Computer Handmade Fresh Tuna Devolved Center open system',_binary 'web/documents/plans/next generation.pdf'),(68,'implement','Intelligent Borders viral Handmade Enterprise-wide',_binary 'web/documents/plans/Sausages.pdf'),(69,'payment','Money Market Account synergies Benin neural Landing',_binary 'web/documents/plans/Refined Wooden Keyboard.pdf'),(70,'Awesome Rubber Pants','Buckinghamshire innovate ADP Ridges Lead',_binary 'web/documents/plans/system engine.pdf'),(71,'deposit','Ohio feed override Handmade Granite Pizza Infrastructure',_binary 'web/documents/plans/Technician.pdf'),(72,'Soft','Fresh Stream Sausages protocol PCI',_binary 'web/documents/plans/disintermediate.pdf'),(73,'parse','South Carolina generate Cameroon Marketing open-source',_binary 'web/documents/plans/mint green.pdf'),(74,'Avon','PNG Home Loan Account connecting Face to face compelling',_binary 'web/documents/plans/Creek.pdf'),(75,'drive','Frozen Streamlined 3rd generation Pre-emptive payment',_binary 'web/documents/plans/Handmade.pdf'),(76,'Village','Buckinghamshire Awesome Point Incredible Rubber Car Personal Loan Account',_binary 'web/documents/plans/SMS.pdf'),(77,'Intelligent Cotton Pants','Car Home Falkland Islands Pound Forward open-source',_binary 'web/documents/plans/Fundamental.pdf'),(78,'Personal Loan Account','Principal Uzbekistan Sum Pizza payment XSS',_binary 'web/documents/plans/transmitting.pdf'),(79,'motivating','Roads relationships parsing Guyana Berkshire',_binary 'web/documents/plans/port.pdf'),(80,'functionalities','disintermediate Guinea blue Moroccan Dirham transmit',_binary 'web/documents/plans/online.pdf'),(81,'Handmade','reboot Administrator XML Implementation Checking Account',_binary 'web/documents/plans/Legacy.pdf'),(82,'applications','Checking Account silver Isle Global payment',_binary 'web/documents/plans/Progressive.pdf'),(83,'virtual','Steel disintermediate integrate Ports Arkansas',_binary 'web/documents/plans/matrix.pdf'),(84,'Austria','withdrawal Holy See (Vatican City State) AGP Checking Account XSS',_binary 'web/documents/plans/Berkshire.pdf'),(85,'Frozen','program actuating Direct Direct payment',_binary 'web/documents/plans/Small.pdf'),(86,'Automotive','Supervisor portal Ferry sensor Junction',_binary 'web/documents/plans/Assistant.pdf'),(87,'azure','systematic Jewelery gold Avon e-enable',_binary 'web/documents/plans/transmit.pdf'),(88,'Engineer','Maine scalable infomediaries Credit Card Account redundant',_binary 'web/documents/plans/Security.pdf'),(89,'New Mexico','Bulgaria executive aggregate hard drive synthesize',_binary 'web/documents/plans/Licensed Plastic Salad.pdf'),(90,'reboot','Cheese solution Mozambique deposit Rand',_binary 'web/documents/plans/fresh-thinking.pdf'),(91,'Toys','parsing Indiana auxiliary cultivate quantify',_binary 'web/documents/plans/Gardens.pdf'),(92,'Ergonomic','Licensed Rubber Chair green Botswana hardware e-services',_binary 'web/documents/plans/Turnpike.pdf'),(93,'Credit Card Account','Chief function Massachusetts Frozen orange',_binary 'web/documents/plans/ROI.pdf'),(94,'Quality','program compressing Interactions International Human',_binary 'web/documents/plans/white.pdf'),(95,'Money Market Account','compelling scale deposit next-generation withdrawal',_binary 'web/documents/plans/JBOD.pdf'),(96,'online','back up Licensed Accounts Triple-buffered Computers',_binary 'web/documents/plans/Integration.pdf'),(97,'Sao Tome and Principe','copy Spring Kids matrix Rhode Island',_binary 'web/documents/plans/analyzer.pdf'),(98,'Facilitator','hardware Granite B2B Money Market Account Savings Account',_binary 'web/documents/plans/1080p.pdf'),(99,'Avon','SAS Beauty transmitting Sudanese Pound copying',_binary 'web/documents/plans/product.pdf'),(100,'payment','Face to face Lead synthesizing Gorgeous Plastic',_binary 'web/documents/plans/quantifying.pdf'),(101,'Enhanced','multi-byte Architect Chicken Cotton olive',_binary 'web/documents/plans/Direct.pdf'),(102,'Fresh','Aruban Guilder copy synthesize Borders Ohio',_binary 'web/documents/plans/Bridge.pdf'),(103,'Svalbard & Jan Mayen Islands','indigo monitoring Pizza redundant Riel',_binary 'web/documents/plans/Rubber.pdf'),(104,'Handmade','Savings Account Tennessee intangible panel Handmade Cotton Gloves',_binary 'web/documents/plans/Rustic.pdf'),(105,'multi-byte','Borders Enterprise-wide orchestration navigating Distributed',_binary 'web/documents/plans/leverage.pdf'),(106,'grey','zero defect Borders dynamic Bedfordshire deposit',_binary 'web/documents/plans/systems.pdf'),(107,'concept','e-markets synergies solution challenge withdrawal',_binary 'web/documents/plans/pink.pdf'),(108,'Stand-alone','deposit Lead systematic Borders quantifying',_binary 'web/documents/plans/Books.pdf'),(109,'Supervisor','New Israeli Sheqel Manager XSS Wooden e-business',_binary 'web/documents/plans/International.pdf'),(110,'Borders','Lao People\'s Democratic Republic Music Paradigm Direct Practical Wooden Gloves',_binary 'web/documents/plans/Senior.pdf'),(111,'Car','Heard Island and McDonald Islands Auto Loan Account Baby Functionality Small Steel Tuna',_binary 'web/documents/plans/Cameroon.pdf'),(112,'Intranet','protocol Home EXE Computers Pants',_binary 'web/documents/plans/Face to face.pdf'),(113,'mobile','Bacon Technician hack productize application',_binary 'web/documents/plans/Bedfordshire.pdf'),(114,'web-readiness','parallelism artificial intelligence Costa Rican Colon proactive Indian Rupee Ngultrum',_binary 'web/documents/plans/initiative.pdf'),(115,'Crest','Advanced Mouse envisioneer communities Borders',_binary 'web/documents/plans/auxiliary.pdf'),(116,'back-end','alarm Mauritius implementation Intranet Lek',_binary 'web/documents/plans/e-business.pdf'),(117,'Director','Licensed neural Associate plug-and-play Handcrafted',_binary 'web/documents/plans/Incredible.pdf'),(118,'Kip','composite SDD override Streets Cotton',_binary 'web/documents/plans/infrastructures.pdf'),(119,'TCP','Personal Loan Account Health Denmark instruction set generate',_binary 'web/documents/plans/Stravenue.pdf'),(120,'Optimization','South Dakota zero administration COM bricks-and-clicks Global',_binary 'web/documents/plans/Sleek Metal Bike.pdf'),(121,'Shore','Plaza USB Assistant Unbranded Concrete Cheese SAS',_binary 'web/documents/plans/Self-enabling.pdf'),(122,'hacking','compress Automotive Keyboard customer loyalty lavender',_binary 'web/documents/plans/Automotive.pdf'),(123,'Credit Card Account','Cliff Florida Pula Union Tasty',_binary 'web/documents/plans/Baby.pdf'),(124,'policy','content-based Wooden invoice Latvian Lats dot-com',_binary 'web/documents/plans/4th generation.pdf'),(125,'Specialist','seamless Lane Investment Account didactic harness',_binary 'web/documents/plans/Consultant.pdf'),(126,'Streets','index matrix Indian Rupee Zimbabwe open-source',_binary 'web/documents/plans/Turnpike.pdf'),(127,'mobile','calculating Borders Montserrat azure Intelligent Cotton Shoes',_binary 'web/documents/plans/Tools.pdf'),(128,'Ways','Cross-platform Generic Wooden Fish Jewelery Overpass Metal',_binary 'web/documents/plans/Unbranded Cotton Pants.pdf'),(129,'matrix','mission-critical Hat Regional synthesizing wireless',_binary 'web/documents/plans/Director.pdf'),(130,'Rubber','moratorium back up Dynamic Berkshire Jewelery',_binary 'web/documents/plans/encryption.pdf'),(131,'Focused','invoice program Tunnel directional bluetooth',_binary 'web/documents/plans/Savings Account.pdf'),(132,'Hawaii','SSL compressing Home sky blue index',_binary 'web/documents/plans/Orchestrator.pdf'),(133,'Senegal','Practical Gabon knowledge base Quality-focused tertiary',_binary 'web/documents/plans/Auto Loan Account.pdf'),(134,'Sharable','lavender systems payment Enterprise-wide Tuna',_binary 'web/documents/plans/IB.pdf'),(135,'Operative','superstructure pixel Northern Mariana Islands Engineer Sharable',_binary 'web/documents/plans/Representative.pdf'),(136,'Wooden','cross-platform Gorgeous Granite Tuna ubiquitous Small Plastic Salad Kids',_binary 'web/documents/plans/Automotive.pdf'),(137,'Borders','Wyoming Coves Gloves Dong Analyst',_binary 'web/documents/plans/Antarctica (the territory South of 60 deg S).pdf'),(138,'Lead','Representative Customer virtual Licensed bypassing',_binary 'web/documents/plans/leverage.pdf'),(139,'Lesotho','auxiliary lime Accountability Investor Accountability',_binary 'web/documents/plans/Assurance.pdf'),(140,'generate','orchid backing up Sleek white monetize',_binary 'web/documents/plans/turquoise.pdf'),(141,'mobile','Cordoba Oro Digitized Lek Buckinghamshire Checking Account',_binary 'web/documents/plans/Functionality.pdf'),(142,'Planner','New Hampshire Functionality discrete Brazilian Real Silver',_binary 'web/documents/plans/Awesome.pdf'),(143,'synthesize','Dynamic Incredible dedicated compressing Tennessee',_binary 'web/documents/plans/Ferry.pdf'),(144,'action-items','backing up integrated SMTP Metal world-class',_binary 'web/documents/plans/supply-chains.pdf'),(145,'sexy','fuchsia RAM Table Salad Tuna',_binary 'web/documents/plans/Buckinghamshire.pdf'),(146,'focus group','blue Outdoors index Chair composite',_binary 'web/documents/plans/e-services.pdf'),(147,'solid state','JSON Burgs Crescent multi-byte revolutionize',_binary 'web/documents/plans/Berkshire.pdf'),(148,'hard drive','AI purple Rand Loti hub Plastic',_binary 'web/documents/plans/Nebraska.pdf'),(149,'Chair','discrete Fish channels capability ROI',_binary 'web/documents/plans/Pennsylvania.pdf'),(150,'Cambridgeshire','Ergonomic Granite Chicken project Gorgeous overriding quantify',_binary 'web/documents/plans/sky blue.pdf'),(151,'matrix','reboot Web wireless Internal incentivize',_binary 'web/documents/plans/Buckinghamshire.pdf'),(152,'protocol','Computers Points Rustic Soft Bike Generic Cotton Tuna Manager',_binary 'web/documents/plans/fuchsia.pdf'),(153,'Florida','interface Books Somoni Plastic Prairie',_binary 'web/documents/plans/Saint Lucia.pdf'),(154,'clicks-and-mortar','Indian Rupee Ngultrum Cambridgeshire Factors solid state customized',_binary 'web/documents/plans/paradigms.pdf'),(155,'Operations','AGP Cotton Directives Plain ivory',_binary 'web/documents/plans/analyzer.pdf'),(156,'synergistic','Internal program Berkshire Re-contextualized incremental',_binary 'web/documents/plans/synthesizing.pdf'),(157,'Interactions','program ability Turks and Caicos Islands Steel facilitate',_binary 'web/documents/plans/connect.pdf'),(158,'Awesome Steel Shirt','synthesizing red Data Checking Account multi-state',_binary 'web/documents/plans/West Virginia.pdf'),(159,'e-markets','support transmitting quantifying Canadian Dollar Checking Account',_binary 'web/documents/plans/Handmade Plastic Keyboard.pdf'),(160,'Virginia','Wisconsin Ville Pakistan withdrawal models',_binary 'web/documents/plans/FTP.pdf'),(161,'human-resource','Towels Computers IB 1080p relationships',_binary 'web/documents/plans/panel.pdf'),(162,'architectures','Gorgeous Specialist Gorgeous Money Market Account Incredible Rubber Pants',_binary 'web/documents/plans/Upgradable.pdf'),(163,'Producer','solution-oriented North Dakota Tuna lime Legacy',_binary 'web/documents/plans/Planner.pdf'),(164,'EXE','Money Market Account Grenada action-items innovative Buckinghamshire',_binary 'web/documents/plans/withdrawal.pdf'),(165,'invoice','Yuan Renminbi architect Keyboard payment Infrastructure',_binary 'web/documents/plans/SMTP.pdf'),(166,'River','Intelligent digital THX Granite Data',_binary 'web/documents/plans/Sleek Fresh Cheese.pdf'),(167,'Bacon','SQL AI override primary rich',_binary 'web/documents/plans/Computers.pdf'),(168,'back-end','Avon Metal integrate generating experiences',_binary 'web/documents/plans/withdrawal.pdf'),(169,'synthesizing','Assistant Savings Account Extended synthesizing copying',_binary 'web/documents/plans/Quality.pdf'),(170,'Bedfordshire','Mexican Peso Mexican Unidad de Inversion (UDI) Fresh Lakes Brazilian Real Kids',_binary 'web/documents/plans/Switchable.pdf'),(171,'Music','Versatile Chief Land encryption transition',_binary 'web/documents/plans/ivory.pdf'),(172,'program','out-of-the-box Gambia Reactive Hat Car',_binary 'web/documents/plans/Angola.pdf'),(173,'coherent','card ubiquitous SDD Global panel',_binary 'web/documents/plans/Response.pdf'),(174,'discrete','platforms Ball Garden Engineer Producer',_binary 'web/documents/plans/deposit.pdf'),(175,'Home Loan Account','Savings Account Syrian Pound Agent Books transparent',_binary 'web/documents/plans/programming.pdf'),(176,'Identity','back-end parallelism Savings Account alarm Ball',_binary 'web/documents/plans/Principal.pdf'),(177,'Applications','lime North Korean Won calculate cross-platform Djibouti',_binary 'web/documents/plans/withdrawal.pdf'),(178,'Ball','Plastic deposit navigate fuchsia AGP',_binary 'web/documents/plans/target.pdf'),(179,'Buckinghamshire','Prairie viral Analyst Human Investor',_binary 'web/documents/plans/Guatemala.pdf'),(180,'Specialist','Lodge Concrete District Pizza open-source',_binary 'web/documents/plans/Denmark.pdf'),(181,'Florida','Island Kip open-source digital Gorgeous Cotton Shirt',_binary 'web/documents/plans/Books.pdf'),(182,'Fresh','Money Market Account Anguilla transmitter needs-based Handcrafted Rubber Chair',_binary 'web/documents/plans/deposit.pdf'),(183,'ADP','primary pixel Creative Accounts Rubber',_binary 'web/documents/plans/Rhode Island.pdf'),(184,'Tasty Cotton Towels','Prairie Marshall Islands tertiary Towels protocol',_binary 'web/documents/plans/back-end.pdf'),(185,'online','hack deposit South Dakota compressing Officer',_binary 'web/documents/plans/panel.pdf'),(186,'haptic','Electronics Cordoba Oro turquoise Buckinghamshire Engineer',_binary 'web/documents/plans/Computer.pdf'),(187,'Devolved','Sleek Frozen Ball Soft black navigating North Dakota',_binary 'web/documents/plans/Avon.pdf'),(188,'olive','Orchestrator synergies Bedfordshire Specialist even-keeled',_binary 'web/documents/plans/open-source.pdf'),(189,'relationships','aggregate online Money Market Account Senior backing up',_binary 'web/documents/plans/Savings Account.pdf'),(190,'Diverse','Credit Card Account Books Small Concrete Chips Borders context-sensitive',_binary 'web/documents/plans/input.pdf'),(191,'User-friendly','frame invoice virtual Specialist digital',_binary 'web/documents/plans/feed.pdf'),(192,'architectures','Port Home Loan Account holistic parsing end-to-end',_binary 'web/documents/plans/Shirt.pdf'),(193,'disintermediate','Re-engineered actuating Infrastructure Manager Fantastic',_binary 'web/documents/plans/Gorgeous Granite Pizza.pdf'),(194,'Dynamic','Small Dynamic Fish Solutions Granite',_binary 'web/documents/plans/transmitting.pdf'),(195,'human-resource','XSS users Streamlined standardization auxiliary',_binary 'web/documents/plans/Unbranded Soft Pizza.pdf'),(196,'Florida','North Korean Won haptic architectures Designer Bedfordshire',_binary 'web/documents/plans/paradigms.pdf'),(197,'Mall','invoice Specialist South Dakota 1080p front-end',_binary 'web/documents/plans/Chair.pdf'),(198,'regional','hybrid Zimbabwe Dollar synthesizing Movies withdrawal',_binary 'web/documents/plans/Concrete.pdf'),(199,'Bedfordshire','Analyst Sharable dynamic Practical Arizona',_binary 'web/documents/plans/Stream.pdf'),(200,'Ethiopian Birr','Awesome turquoise Syrian Pound global revolutionize',_binary 'web/documents/plans/Rubber.pdf'),(201,'Divide','context-sensitive Salad cyan SMS Planner',_binary 'web/documents/plans/SDD.pdf'),(202,'indexing','Checking Account Tonga synergies navigate Rustic',_binary 'web/documents/plans/Viaduct.pdf'),(203,'Analyst','firmware District capacitor Programmable withdrawal',_binary 'web/documents/plans/Rustic.pdf'),(204,'redefine','Motorway markets Iowa COM Indiana',_binary 'web/documents/plans/RAM.pdf'),(205,'Investor','Re-engineered Indiana Licensed Tools Turnpike',_binary 'web/documents/plans/THX.pdf'),(206,'Fish','purple Representative Direct convergence back-end',_binary 'web/documents/plans/Internal.pdf'),(207,'haptic','invoice mission-critical black Human Berkshire',_binary 'web/documents/plans/methodologies.pdf'),(208,'Communications','Books 1080p Guernsey invoice Moldovan Leu',_binary 'web/documents/plans/web services.pdf'),(209,'Architect','programming UIC-Franc Intelligent copy Spur',_binary 'web/documents/plans/AGP.pdf'),(210,'emulation','clear-thinking Quality Metal out-of-the-box copy',_binary 'web/documents/plans/New Israeli Sheqel.pdf'),(211,'cross-platform','seamless Beauty Kansas Chips deposit',_binary 'web/documents/plans/Cambridgeshire.pdf'),(212,'brand','Cheese Cotton open-source Incredible utilisation',_binary 'web/documents/plans/Handcrafted Concrete Gloves.pdf'),(213,'XSS','Somalia Alaska Usability haptic National',_binary 'web/documents/plans/Total.pdf'),(214,'Fantastic Steel Bike','clicks-and-mortar 1080p clear-thinking fault-tolerant networks',_binary 'web/documents/plans/hard drive.pdf'),(215,'Cameroon','Fantastic Cuban Peso Peso Convertible Optimized alarm compressing',_binary 'web/documents/plans/Metal.pdf'),(216,'Ergonomic','relationships digital Handmade Soft Hat Executive XML',_binary 'web/documents/plans/auxiliary.pdf'),(217,'Unbranded Cotton Car','SDD backing up COM Metal overriding',_binary 'web/documents/plans/cultivate.pdf'),(218,'XML','Functionality Rustic EXE optical Forward',_binary 'web/documents/plans/Wooden.pdf'),(219,'Applications','Tasty Books online deliverables synergies',_binary 'web/documents/plans/Multi-layered.pdf'),(220,'Savings Account','calculating optical Multi-lateral Square Architect',_binary 'web/documents/plans/Saint Helena Pound.pdf'),(221,'Cambridgeshire','Bedfordshire Chief Wells Savings Account neutral',_binary 'web/documents/plans/Steel.pdf'),(222,'back-end','Configurable National Junction Money Market Account monetize',_binary 'web/documents/plans/1080p.pdf'),(223,'withdrawal','interface Mouse facilitate Technician copying',_binary 'web/documents/plans/Salad.pdf'),(224,'Sao Tome and Principe','transform Grass-roots Marketing grid-enabled Principal',_binary 'web/documents/plans/program.pdf'),(225,'dot-com','Cambridgeshire Chair Supervisor brand Shirt',_binary 'web/documents/plans/Frozen.pdf'),(226,'sky blue','deposit reboot partnerships deposit South Georgia and the South Sandwich Islands',_binary 'web/documents/plans/Zloty.pdf'),(227,'functionalities','embrace Incredible Soft Bacon District Consultant calculate',_binary 'web/documents/plans/quantify.pdf'),(228,'Slovakia (Slovak Republic)','overriding fault-tolerant quantifying olive yellow',_binary 'web/documents/plans/gold.pdf'),(229,'Soap','Wyoming paradigms Auto Loan Account models Hills',_binary 'web/documents/plans/Soap.pdf'),(230,'action-items','Pitcairn Islands innovate Brand Supervisor bandwidth-monitored',_binary 'web/documents/plans/Persistent.pdf'),(231,'Checking Account','communities invoice parse heuristic impactful',_binary 'web/documents/plans/Auto Loan Account.pdf'),(232,'B2C','Costa Rica Small Granite Salad RAM Incredible static',_binary 'web/documents/plans/Small.pdf'),(233,'Dynamic','digital Auto Loan Account viral India Small Granite Computer',_binary 'web/documents/plans/Savings Account.pdf'),(234,'Configuration','Iceland Spurs silver parallelism Buckinghamshire',_binary 'web/documents/plans/Honduras.pdf'),(235,'calculate','Soap Producer Somalia Balanced Serbia',_binary 'web/documents/plans/Mouse.pdf'),(236,'e-markets','Unbranded Rubber Bacon Marketing Investment Account Iranian Rial users',_binary 'web/documents/plans/Circle.pdf'),(237,'Ball','repurpose Chief Cheese synthesize program',_binary 'web/documents/plans/back-end.pdf'),(238,'evolve','Gorgeous Architect Plains portals model',_binary 'web/documents/plans/Credit Card Account.pdf'),(239,'Bacon','quantify pixel Fresh Visionary withdrawal',_binary 'web/documents/plans/revolutionize.pdf'),(240,'indexing','Usability Berkshire deposit Developer pink',_binary 'web/documents/plans/card.pdf'),(241,'Belarus','Liaison Soap Metal Intelligent Soft Fish Macedonia',_binary 'web/documents/plans/Grocery.pdf'),(242,'customized','Neck Nepal primary Baht redundant',_binary 'web/documents/plans/Savings Account.pdf'),(243,'virtual','cyan client-driven COM Hat payment',_binary 'web/documents/plans/neural.pdf'),(244,'enterprise','Facilitator PNG Games Division Practical',_binary 'web/documents/plans/benchmark.pdf'),(245,'Unbranded Rubber Chips','generating models optical Music synthesizing',_binary 'web/documents/plans/Cape Verde Escudo.pdf'),(246,'intermediate','mesh Credit Card Account Costa Rican Colon Fantastic Falls',_binary 'web/documents/plans/Wooden.pdf'),(247,'Quality-focused','cross-platform COM Small Awesome Fresh Fish Zimbabwe Dollar',_binary 'web/documents/plans/Practical Frozen Shirt.pdf'),(248,'supply-chains','District invoice blue Representative Unbranded',_binary 'web/documents/plans/Michigan.pdf'),(249,'Refined','Product Computers grow Agent Brand',_binary 'web/documents/plans/Shoes.pdf'),(250,'Cotton','Baby Tunisia harness Checking Account Internal',_binary 'web/documents/plans/Borders.pdf'),(251,'Savings Account','foreground Cheese Liaison Michigan Shirt',_binary 'web/documents/plans/ability.pdf'),(252,'Applications','card Michigan Liaison Inlet policy',_binary 'web/documents/plans/neural.pdf'),(253,'e-commerce','harness value-added Executive Internal reinvent',_binary 'web/documents/plans/Idaho.pdf'),(254,'orchid','matrix Factors Cliffs 1080p compressing',_binary 'web/documents/plans/Hollow.pdf'),(255,'backing up','Seychelles Rupee bi-directional connecting firewall purple',_binary 'web/documents/plans/maroon.pdf'),(256,'Clothing','Oregon Regional capability Uzbekistan Gardens',_binary 'web/documents/plans/Optimization.pdf'),(257,'card','Infrastructure Arkansas Gorgeous Steel Shirt compress withdrawal',_binary 'web/documents/plans/sticky.pdf'),(258,'synergistic','Buckinghamshire Berkshire red West Virginia Granite',_binary 'web/documents/plans/Health.pdf'),(259,'North Dakota','Toys model Cape Verde Escudo connecting matrix',_binary 'web/documents/plans/Berkshire.pdf'),(260,'productivity','engage Greece parse Investment Account Soft',_binary 'web/documents/plans/architectures.pdf'),(261,'Supervisor','cultivate Markets withdrawal bypassing scalable',_binary 'web/documents/plans/Jewelery.pdf'),(262,'Concrete','Wooden back-end Personal Loan Account Missouri Intuitive',_binary 'web/documents/plans/logistical.pdf'),(263,'best-of-breed','Accounts expedite navigating Mississippi payment',_binary 'web/documents/plans/JBOD.pdf'),(264,'Pizza','Intelligent Cotton Gloves Vermont artificial intelligence embrace Heard Island and McDonald Islands',_binary 'web/documents/plans/open-source.pdf'),(265,'Tactics','Kids Tennessee Utah quantifying Operations',_binary 'web/documents/plans/withdrawal.pdf'),(266,'challenge','Flat interface Bedfordshire virtual primary',_binary 'web/documents/plans/Practical Cotton Chair.pdf'),(267,'Money Market Account','Credit Card Account knowledge base functionalities Mozambique encompassing',_binary 'web/documents/plans/Electronics.pdf'),(268,'Boliviano Mvdol','microchip Islands Administrator matrix networks',_binary 'web/documents/plans/Mandatory.pdf'),(269,'Credit Card Account','Arizona plum embrace Sports Rial Omani',_binary 'web/documents/plans/Sports.pdf'),(270,'Avon','transmitting Auto Loan Account Investment Account override Automotive',_binary 'web/documents/plans/vertical.pdf'),(271,'Wisconsin','Rustic Steel Ball Saint Kitts and Nevis partnerships action-items calculate',_binary 'web/documents/plans/Chief.pdf'),(272,'Movies','GB Oregon Health compressing synergies',_binary 'web/documents/plans/program.pdf'),(273,'ADP','Lock vortals Union Tools dynamic',_binary 'web/documents/plans/ADP.pdf'),(274,'payment','AGP wireless Terrace Function-based Administrator',_binary 'web/documents/plans/bandwidth-monitored.pdf'),(275,'South Dakota','Intelligent multi-byte Dalasi Sausages Plastic',_binary 'web/documents/plans/Nepalese Rupee.pdf'),(276,'Regional','Belize Dollar bypassing 24/365 reintermediate Soft',_binary 'web/documents/plans/Inverse.pdf'),(277,'Forward','Delaware firewall Fresh National Wooden',_binary 'web/documents/plans/open-source.pdf'),(278,'Rustic','Checking Account European Monetary Unit (E.M.U.-6) Georgia content-based Pakistan',_binary 'web/documents/plans/executive.pdf'),(279,'Engineer','auxiliary strategic Station Rustic metrics',_binary 'web/documents/plans/Saint Pierre and Miquelon.pdf'),(280,'global','Berkshire Stravenue Computers Liaison RSS',_binary 'web/documents/plans/TCP.pdf'),(281,'back-end','generate Berkshire Danish Krone pink Rapids',_binary 'web/documents/plans/multi-byte.pdf'),(282,'white','Division cross-platform exploit initiatives Fantastic',_binary 'web/documents/plans/Coordinator.pdf'),(283,'Identity','Personal Loan Account Metal withdrawal e-commerce 1080p',_binary 'web/documents/plans/Guinea Franc.pdf'),(284,'invoice','Cheese web-readiness Fantastic Cotton Chips Health Kazakhstan',_binary 'web/documents/plans/cultivate.pdf'),(285,'deposit','Locks invoice bypass transmit Games',_binary 'web/documents/plans/turquoise.pdf'),(286,'leading-edge','deposit Nevada Baby withdrawal Tennessee',_binary 'web/documents/plans/Buckinghamshire.pdf'),(287,'human-resource','Course Rustic Granite Chair website Small Granite Shoes users',_binary 'web/documents/plans/24/365.pdf'),(288,'e-enable','Soft Libyan Arab Jamahiriya invoice Tugrik interactive',_binary 'web/documents/plans/Intelligent.pdf'),(289,'Generic','compress Intelligent deposit backing up Response',_binary 'web/documents/plans/systematic.pdf'),(290,'Licensed','Factors European Unit of Account 9(E.U.A.-9) lavender global bypassing',_binary 'web/documents/plans/indigo.pdf'),(291,'Borders','Marketing Accountability Human index paradigm',_binary 'web/documents/plans/orange.pdf'),(292,'open architecture','composite engage Response Investment Account Barbados Dollar',_binary 'web/documents/plans/Ergonomic Rubber Mouse.pdf'),(293,'pixel','firewall COM ADP Movies Granite',_binary 'web/documents/plans/relationships.pdf'),(294,'Ouguiya','RSS COM Shirt navigating robust',_binary 'web/documents/plans/Refined.pdf'),(295,'methodical','project Keyboard Concrete Fantastic cultivate',_binary 'web/documents/plans/Chair.pdf'),(296,'scalable','e-business Assistant Pataca zero defect Adaptive',_binary 'web/documents/plans/needs-based.pdf'),(297,'parse','Architect deposit Lari system Cotton',_binary 'web/documents/plans/Automotive.pdf'),(298,'Turks and Caicos Islands','Finland Checking Account Auto Loan Account ubiquitous mission-critical',_binary 'web/documents/plans/Somalia.pdf'),(299,'Incredible Frozen Hat','proactive Home Loan Account Operations Soft Consultant',_binary 'web/documents/plans/experiences.pdf'),(300,'Producer','Borders Solutions Washington niches payment',_binary 'web/documents/plans/Team-oriented.pdf');
/*!40000 ALTER TABLE `PlanyProdukcyjne` ENABLE KEYS */;
UNLOCK TABLES;

--
-- Table structure for table `PlanyProdukcyjneHasPozycjaWMagazynie`
--

DROP TABLE IF EXISTS `PlanyProdukcyjneHasPozycjaWMagazynie`;
/*!40101 SET @saved_cs_client     = @@character_set_client */;
/*!40101 SET character_set_client = utf8 */;
CREATE TABLE `PlanyProdukcyjneHasPozycjaWMagazynie` (
  `idPlanyProdukcyjneHasPozycjaWMagazynie` int(11) NOT NULL AUTO_INCREMENT,
  `planyProdukcyjneIdPlanyProdukcyjne` int(11) NOT NULL,
  `pozycjaWMagazynieIdPozycja` int(11) NOT NULL,
  PRIMARY KEY (`idPlanyProdukcyjneHasPozycjaWMagazynie`),
  UNIQUE KEY `idPlanyProdukcyjneHasPozycjaWMagazynie_UNIQUE` (`idPlanyProdukcyjneHasPozycjaWMagazynie`),
  KEY `fk_plany_produkcyjne_has_pozycja__w_magazynie1_idx` (`pozycjaWMagazynieIdPozycja`),
  KEY `fk_plany_produkcyjne_has_dict_procesy_plany_produkcyjne2_idx` (`planyProdukcyjneIdPlanyProdukcyjne`),
  CONSTRAINT `fk_plany_produkcyjne_has_dict_procesy_plany_produkcyjne2` FOREIGN KEY (`planyProdukcyjneIdPlanyProdukcyjne`) REFERENCES `PlanyProdukcyjne` (`idPlanyProdukcyjne`) ON DELETE CASCADE ON UPDATE CASCADE,
  CONSTRAINT `fk_plany_produkcyjne_has_pozycja__w_magazynie1` FOREIGN KEY (`pozycjaWMagazynieIdPozycja`) REFERENCES `PozycjaWMagazynie` (`idPozycja`) ON DELETE CASCADE ON UPDATE CASCADE
) ENGINE=InnoDB AUTO_INCREMENT=301 DEFAULT CHARSET=utf8;
/*!40101 SET character_set_client = @saved_cs_client */;

--
-- Dumping data for table `PlanyProdukcyjneHasPozycjaWMagazynie`
--

LOCK TABLES `PlanyProdukcyjneHasPozycjaWMagazynie` WRITE;
/*!40000 ALTER TABLE `PlanyProdukcyjneHasPozycjaWMagazynie` DISABLE KEYS */;
INSERT INTO `PlanyProdukcyjneHasPozycjaWMagazynie` VALUES (1,1,1),(2,2,2),(3,3,3),(4,4,4),(5,5,5),(6,6,6),(7,7,7),(8,8,8),(9,9,9),(10,10,10),(11,11,11),(12,12,12),(13,13,13),(14,14,14),(15,15,15),(16,16,16),(17,17,17),(18,18,18),(19,19,19),(20,20,20),(21,21,21),(22,22,22),(23,23,23),(24,24,24),(25,25,25),(26,26,26),(27,27,27),(28,28,28),(29,29,29),(30,30,30),(31,31,31),(32,32,32),(33,33,33),(34,34,34),(35,35,35),(36,36,36),(37,37,37),(38,38,38),(39,39,39),(40,40,40),(41,41,41),(42,42,42),(43,43,43),(44,44,44),(45,45,45),(46,46,46),(47,47,47),(48,48,48),(49,49,49),(50,50,50),(51,51,51),(52,52,52),(53,53,53),(54,54,54),(55,55,55),(56,56,56),(57,57,57),(58,58,58),(59,59,59),(60,60,60),(61,61,61),(62,62,62),(63,63,63),(64,64,64),(65,65,65),(66,66,66),(67,67,67),(68,68,68),(69,69,69),(70,70,70),(71,71,71),(72,72,72),(73,73,73),(74,74,74),(75,75,75),(76,76,76),(77,77,77),(78,78,78),(79,79,79),(80,80,80),(81,81,81),(82,82,82),(83,83,83),(84,84,84),(85,85,85),(86,86,86),(87,87,87),(88,88,88),(89,89,89),(90,90,90),(91,91,91),(92,92,92),(93,93,93),(94,94,94),(95,95,95),(96,96,96),(97,97,97),(98,98,98),(99,99,99),(100,100,100),(101,101,101),(102,102,102),(103,103,103),(104,104,104),(105,105,105),(106,106,106),(107,107,107),(108,108,108),(109,109,109),(110,110,110),(111,111,111),(112,112,112),(113,113,113),(114,114,114),(115,115,115),(116,116,116),(117,117,117),(118,118,118),(119,119,119),(120,120,120),(121,121,121),(122,122,122),(123,123,123),(124,124,124),(125,125,125),(126,126,126),(127,127,127),(128,128,128),(129,129,129),(130,130,130),(131,131,131),(132,132,132),(133,133,133),(134,134,134),(135,135,135),(136,136,136),(137,137,137),(138,138,138),(139,139,139),(140,140,140),(141,141,141),(142,142,142),(143,143,143),(144,144,144),(145,145,145),(146,146,146),(147,147,147),(148,148,148),(149,149,149),(150,150,150),(151,151,151),(152,152,152),(153,153,153),(154,154,154),(155,155,155),(156,156,156),(157,157,157),(158,158,158),(159,159,159),(160,160,160),(161,161,161),(162,162,162),(163,163,163),(164,164,164),(165,165,165),(166,166,166),(167,167,167),(168,168,168),(169,169,169),(170,170,170),(171,171,171),(172,172,172),(173,173,173),(174,174,174),(175,175,175),(176,176,176),(177,177,177),(178,178,178),(179,179,179),(180,180,180),(181,181,181),(182,182,182),(183,183,183),(184,184,184),(185,185,185),(186,186,186),(187,187,187),(188,188,188),(189,189,189),(190,190,190),(191,191,191),(192,192,192),(193,193,193),(194,194,194),(195,195,195),(196,196,196),(197,197,197),(198,198,198),(199,199,199),(200,200,200),(201,201,201),(202,202,202),(203,203,203),(204,204,204),(205,205,205),(206,206,206),(207,207,207),(208,208,208),(209,209,209),(210,210,210),(211,211,211),(212,212,212),(213,213,213),(214,214,214),(215,215,215),(216,216,216),(217,217,217),(218,218,218),(219,219,219),(220,220,220),(221,221,221),(222,222,222),(223,223,223),(224,224,224),(225,225,225),(226,226,226),(227,227,227),(228,228,228),(229,229,229),(230,230,230),(231,231,231),(232,232,232),(233,233,233),(234,234,234),(235,235,235),(236,236,236),(237,237,237),(238,238,238),(239,239,239),(240,240,240),(241,241,241),(242,242,242),(243,243,243),(244,244,244),(245,245,245),(246,246,246),(247,247,247),(248,248,248),(249,249,249),(250,250,250),(251,251,251),(252,252,252),(253,253,253),(254,254,254),(255,255,255),(256,256,256),(257,257,257),(258,258,258),(259,259,259),(260,260,260),(261,261,261),(262,262,262),(263,263,263),(264,264,264),(265,265,265),(266,266,266),(267,267,267),(268,268,268),(269,269,269),(270,270,270),(271,271,271),(272,272,272),(273,273,273),(274,274,274),(275,275,275),(276,276,276),(277,277,277),(278,278,278),(279,279,279),(280,280,280),(281,281,281),(282,282,282),(283,283,283),(284,284,284),(285,285,285),(286,286,286),(287,287,287),(288,288,288),(289,289,289),(290,290,290),(291,291,291),(292,292,292),(293,293,293),(294,294,294),(295,295,295),(296,296,296),(297,297,297),(298,298,298),(299,299,299),(300,300,300);
/*!40000 ALTER TABLE `PlanyProdukcyjneHasPozycjaWMagazynie` ENABLE KEYS */;
UNLOCK TABLES;

--
-- Table structure for table `PozycjaWMagazynie`
--

DROP TABLE IF EXISTS `PozycjaWMagazynie`;
/*!40101 SET @saved_cs_client     = @@character_set_client */;
/*!40101 SET character_set_client = utf8 */;
CREATE TABLE `PozycjaWMagazynie` (
  `idPozycja` int(11) NOT NULL AUTO_INCREMENT,
  `nazwa` varchar(45) NOT NULL,
  `opis` varchar(255) DEFAULT NULL,
  `ilosc` decimal(4,1) NOT NULL,
  `kodKreskowy` varchar(13) NOT NULL,
  `stanAktualny` tinyint(4) NOT NULL COMMENT 'boolean - jest, nie ma(archiwum)',
  `dataPrzyjecia` datetime NOT NULL,
  `dataWydania` datetime DEFAULT NULL,
  `nazwaSektora` varchar(45) NOT NULL COMMENT 'lokalizacja poszczegolnych dobr na terenie magazynu',
  `kategorieIdKategorie` int(11) NOT NULL,
  `magazynIdMagazyn` int(11) NOT NULL,
  `partieIdPartie` int(11) DEFAULT NULL,
  PRIMARY KEY (`idPozycja`),
  UNIQUE KEY `idPozycja_UNIQUE` (`idPozycja`),
  KEY `fk_magazyn_materialow_kategorie1_idx` (`kategorieIdKategorie`),
  KEY `fk_pozycja_w_magazynie_materialow_magazyn1_idx` (`magazynIdMagazyn`),
  KEY `fk_pozycja_w_magazynie_materialow_partie1_idx` (`partieIdPartie`),
  CONSTRAINT `fk_magazyn_materialow_kategorie1` FOREIGN KEY (`kategorieIdKategorie`) REFERENCES `DictKategorie` (`idKategorie`) ON DELETE CASCADE ON UPDATE CASCADE,
  CONSTRAINT `fk_pozycja_w_magazynie_materialow_magazyn1` FOREIGN KEY (`magazynIdMagazyn`) REFERENCES `Magazyn` (`idMagazyn`) ON DELETE CASCADE ON UPDATE CASCADE,
  CONSTRAINT `fk_pozycja_w_magazynie_materialow_partie1` FOREIGN KEY (`partieIdPartie`) REFERENCES `Partie` (`idPartie`) ON DELETE CASCADE ON UPDATE CASCADE
) ENGINE=InnoDB AUTO_INCREMENT=301 DEFAULT CHARSET=utf8;
/*!40101 SET character_set_client = @saved_cs_client */;

--
-- Dumping data for table `PozycjaWMagazynie`
--

LOCK TABLES `PozycjaWMagazynie` WRITE;
/*!40000 ALTER TABLE `PozycjaWMagazynie` DISABLE KEYS */;
INSERT INTO `PozycjaWMagazynie` VALUES (1,'grid-enabled','action-items connecting radical knowledge base Iran',858.1,'40915-4010',0,'2018-10-18 18:28:56','2018-12-18 23:21:56','SektorF',1,1,1),(2,'User-friendly','Industrial Consultant Cove Guyana Dollar Djibouti Franc',977.4,'97783-9442',1,'2018-02-07 17:09:34','2018-12-18 23:07:48','SektorC',2,2,2),(3,'Ergonomic','Ports Metrics Fresh Expanded architecture',456.2,'93884',0,'2018-03-20 11:09:51','2018-12-19 03:24:37','SektorD',2,3,3),(4,'web services','system-worthy parsing Refined Rubber Salad Small Frozen Chicken Rubber',218.1,'93325-9887',1,'2018-11-14 16:52:15','2018-12-19 06:34:48','SektorE',1,4,4),(5,'parse','Pre-emptive Money Market Account Borders Incredible Divide',955.9,'93110-2578',1,'2018-02-06 17:57:42','2018-12-18 16:08:24','SektorA',1,5,5),(6,'Chair','real-time reintermediate bypassing Lake Frozen',922.0,'32623',1,'2018-12-03 05:00:02','2018-12-19 02:00:44','SektorB',2,6,6),(7,'Granite','functionalities Borders indexing Granite online',160.6,'16275',0,'2018-05-20 22:15:48','2018-12-18 22:44:19','SektorF',1,7,7),(8,'JSON','Avon Pants Shoes bleeding-edge Generic Granite Keyboard',172.4,'67706',0,'2018-11-28 01:49:26','2018-12-19 13:05:10','SektorD',1,8,8),(9,'Savings Account','olive bypassing reintermediate aggregate cutting-edge',246.0,'73630',1,'2018-01-08 10:39:18','2018-12-18 18:52:24','SektorA',1,9,9),(10,'HTTP','Frozen Rwanda Franc Baby Mobility COM',292.5,'80895',1,'2018-07-08 10:09:36','2018-12-18 21:40:07','SektorD',1,10,10),(11,'Movies','Rue port Moldova Small functionalities',710.5,'53764-8752',0,'2018-10-23 13:03:29','2018-12-19 09:54:40','SektorC',1,11,11),(12,'Buckinghamshire','Handcrafted Concrete Gloves Quality Licensed Steel Pizza haptic quantifying',748.2,'78498-8406',1,'2017-12-20 10:33:57','2018-12-18 17:34:54','SektorA',1,12,12),(13,'Fresh','Garden Unbranded Cotton Pizza Clothing Oregon back-end',840.0,'94409',0,'2018-02-17 13:32:01','2018-12-19 05:08:54','SektorE',2,13,13),(14,'Pula','Intelligent Soft Keyboard Maldives Executive fault-tolerant sexy',394.7,'43326-6681',0,'2018-09-09 23:55:51','2018-12-18 15:20:23','SektorF',2,14,14),(15,'violet','core archive Greens Awesome Wooden Computer Incredible Soft Computer',323.1,'87979-2654',0,'2018-08-26 20:28:57','2018-12-18 17:39:40','SektorB',2,15,15),(16,'indexing','tan invoice Computers Zloty Investor',759.5,'88286-6599',0,'2018-07-02 20:55:21','2018-12-19 06:37:15','SektorD',2,16,16),(17,'indexing','model Fish Fresh Saint Pierre and Miquelon synthesizing',110.4,'64891',1,'2018-11-23 13:58:56','2018-12-19 06:11:59','SektorE',1,17,17),(18,'withdrawal','Rufiyaa Outdoors Outdoors Indian Rupee Ngultrum Re-engineered',497.6,'78999-0305',1,'2018-05-26 21:26:28','2018-12-19 09:03:24','SektorF',1,18,18),(19,'users','Borders incubate Liberia calculate TCP',742.4,'96399-9278',1,'2018-06-29 16:42:09','2018-12-19 08:34:49','SektorF',2,19,19),(20,'backing up','Iceland Krona Down-sized Illinois Estate connecting',828.9,'57808-2193',1,'2018-10-31 20:14:09','2018-12-18 18:03:23','SektorA',1,20,20),(21,'mindshare','supply-chains Fall teal Handcrafted panel',159.4,'54929-8816',1,'2018-05-18 08:25:48','2018-12-19 06:49:44','SektorE',1,21,21),(22,'models','digital multi-tasking Granite Secured Shoes',482.4,'25911-9118',1,'2018-03-29 09:33:32','2018-12-19 11:52:59','SektorC',2,22,22),(23,'Borders','array transitional Drive Managed Hat',648.0,'48970',0,'2018-03-05 14:16:28','2018-12-19 06:45:10','SektorE',1,23,23),(24,'Music','Awesome Plastic Salad Networked navigating National compressing',205.6,'80709-2702',0,'2018-12-18 11:03:49','2018-12-19 13:11:43','SektorD',1,24,24),(25,'unleash','JSON Berkshire Credit Card Account Berkshire Bedfordshire',569.9,'02165-6639',1,'2018-03-26 06:21:48','2018-12-19 00:09:11','SektorC',1,25,25),(26,'Steel','clicks-and-mortar Dynamic port firewall Dynamic',174.0,'66250',0,'2018-02-06 14:42:28','2018-12-18 19:14:43','SektorF',2,26,26),(27,'AGP','Prairie enable Indian Rupee payment holistic',706.7,'87467',1,'2017-12-22 13:54:50','2018-12-19 00:03:36','SektorC',2,27,27),(28,'Tennessee','platforms United Kingdom open-source Kuwaiti Dinar COM',803.3,'11323-2208',1,'2018-07-09 23:04:47','2018-12-19 07:52:33','SektorD',1,28,28),(29,'web-enabled','Pataca portals firewall Consultant Peso Uruguayo Uruguay Peso en Unidades Indexadas',597.8,'42111-8217',1,'2018-02-10 05:08:07','2018-12-18 19:13:16','SektorE',1,29,29),(30,'Texas','Auto Loan Account USB Plastic Representative Slovakia (Slovak Republic)',993.0,'22656',1,'2018-01-23 05:48:26','2018-12-18 16:16:58','SektorC',1,30,30),(31,'blue','USB Progressive HDD copying HDD',679.5,'47942-3239',0,'2018-06-17 10:23:22','2018-12-18 18:28:03','SektorB',1,31,31),(32,'Niger','Bermudian Dollar (customarily known as Bermuda Dollar) Practical leading-edge Generic TCP',349.1,'10979-7252',0,'2018-02-04 17:26:02','2018-12-18 15:39:50','SektorE',1,32,32),(33,'calculate','Intelligent Concrete Chips plum invoice SQL compress',333.4,'67543-4810',0,'2018-08-13 02:50:28','2018-12-19 00:48:23','SektorA',2,33,33),(34,'bypass','CSS open-source Groves Rubber next-generation',203.7,'80530-2886',1,'2018-10-10 22:37:21','2018-12-18 16:57:01','SektorB',2,34,34),(35,'SDD','Qatari Rial orchid Cambridgeshire Berkshire bypass',716.4,'81072',0,'2018-07-14 04:30:40','2018-12-18 20:24:47','SektorE',2,35,35),(36,'protocol','driver web-enabled clear-thinking Accountability interfaces',765.3,'63563-5550',1,'2018-04-23 00:00:14','2018-12-18 16:02:26','SektorB',2,36,36),(37,'Licensed Concrete Cheese','Integration North Korean Won Credit Card Account Home port',710.8,'19017',1,'2018-09-21 21:58:04','2018-12-18 19:41:52','SektorF',2,37,37),(38,'Keyboard','alarm parsing port Soft Diverse',373.0,'18163-9939',1,'2018-10-14 08:50:11','2018-12-18 14:38:59','SektorE',2,38,38),(39,'Bolivar Fuerte','Quality feed withdrawal Personal Loan Account Developer',263.6,'23834',1,'2018-08-20 17:07:18','2018-12-18 18:13:39','SektorF',1,39,39),(40,'Practical','calculate invoice Fresh value-added driver',305.8,'69657',0,'2018-06-21 22:34:12','2018-12-19 03:27:51','SektorB',2,40,40),(41,'hacking','invoice connecting calculate Lake calculating',545.8,'09405-8984',1,'2018-01-05 23:35:23','2018-12-18 19:59:41','SektorE',2,41,41),(42,'Extension','hard drive Borders Refined Wooden Towels utilize networks',988.4,'06555-1192',0,'2018-09-01 23:16:19','2018-12-18 17:05:25','SektorE',2,42,42),(43,'Borders','yellow hard drive withdrawal Freeway Small Steel Fish',660.7,'51575',1,'2018-01-09 15:05:56','2018-12-18 14:12:30','SektorC',2,43,43),(44,'Awesome Fresh Pizza','Technician Brand cross-platform Bedfordshire Implementation',816.2,'85736',1,'2018-11-20 18:50:07','2018-12-18 19:37:10','SektorA',2,44,44),(45,'evolve','Arkansas Bedfordshire Colorado Sausages digital',768.7,'41565',1,'2018-08-29 23:25:49','2018-12-18 21:46:17','SektorA',1,45,45),(46,'circuit','Chief Cayman Islands Dollar Jewelery open system capacitor',777.1,'33286-3671',0,'2018-01-28 07:22:53','2018-12-18 17:34:19','SektorB',1,46,46),(47,'Home Loan Account','Generic Cotton Ball deposit Parkway cross-platform Lead',832.8,'12620',1,'2018-01-16 10:18:35','2018-12-19 05:48:09','SektorC',1,47,47),(48,'Regional','Bedfordshire Guinea Franc enterprise Salad Keyboard',190.8,'49720-0869',1,'2018-07-21 06:40:41','2018-12-18 22:28:07','SektorC',1,48,48),(49,'Garden','invoice engineer iterate Practical Checking Account',513.7,'73175-0777',0,'2018-08-25 22:21:13','2018-12-18 15:07:06','SektorE',2,49,49),(50,'optical','Avon Licensed Views bluetooth withdrawal',849.2,'10429',0,'2018-10-03 18:33:37','2018-12-19 10:21:38','SektorF',1,50,50),(51,'Money Market Account','Checking Account wireless Springs Future hard drive',910.8,'10368-3996',1,'2018-05-07 22:02:23','2018-12-18 22:29:00','SektorE',1,51,51),(52,'Awesome Metal Car','pink Tanzania Enterprise-wide grow Checking Account',262.4,'96429-9200',1,'2018-02-07 21:24:32','2018-12-18 19:06:09','SektorB',2,52,52),(53,'Tuna','Cambridgeshire Assurance Optimization Licensed cross-platform',424.6,'12348-7906',1,'2018-11-16 02:10:39','2018-12-19 12:57:02','SektorC',1,53,53),(54,'Money Market Account','projection deposit matrix Sports transmitter',111.0,'22405-5899',0,'2018-08-29 18:12:51','2018-12-19 09:10:58','SektorB',2,54,54),(55,'teal','bleeding-edge PNG copying solution Rustic Metal Keyboard',349.6,'45312',0,'2018-01-06 17:43:09','2018-12-18 16:56:03','SektorB',1,55,55),(56,'Oregon','Belarus systems convergence digital Concrete',191.4,'36190',0,'2018-08-24 11:49:11','2018-12-18 19:03:14','SektorC',2,56,56),(57,'Harbors','Exclusive Analyst unleash Shores end-to-end',16.1,'61424',0,'2018-09-30 13:27:40','2018-12-18 18:00:54','SektorC',1,57,57),(58,'Assistant','synergies SCSI networks process improvement XML',835.3,'08903',1,'2018-11-08 15:57:22','2018-12-18 15:50:20','SektorB',1,58,58),(59,'e-commerce','Macedonia withdrawal online Handmade Credit Card Account',464.8,'11606-3550',1,'2018-10-11 06:54:51','2018-12-18 14:17:46','SektorA',2,59,59),(60,'copy','Dynamic Zloty Guam GB Towels',120.5,'11473',0,'2018-12-17 16:24:38','2018-12-18 19:53:34','SektorB',1,60,60),(61,'Dynamic','high-level Fantastic Mouse application Cotton',919.5,'19446',0,'2018-12-07 02:08:18','2018-12-19 12:56:42','SektorF',1,61,61),(62,'Architect','Taiwan California leverage azure invoice',393.3,'02520-0905',1,'2018-09-13 23:16:08','2018-12-19 05:53:25','SektorB',2,62,62),(63,'auxiliary','Soft Rufiyaa mobile payment matrix',928.3,'60716-7602',0,'2018-05-16 09:25:48','2018-12-19 05:26:06','SektorC',1,63,63),(64,'Shoal','Credit Card Account infrastructures redundant Gloves solid state',396.8,'35680',1,'2018-10-29 05:53:40','2018-12-19 06:54:42','SektorF',1,64,64),(65,'silver','silver Towels compressing Savings Account Maryland',533.7,'59191',1,'2018-11-29 00:57:42','2018-12-18 14:12:11','SektorE',2,65,65),(66,'Toys','virtual open-source deposit implementation Drive',157.0,'43393',0,'2018-01-09 20:53:47','2018-12-19 08:38:06','SektorC',1,66,66),(67,'forecast','fresh-thinking SCSI Holy See (Vatican City State) open-source Representative',288.2,'77637-4352',0,'2018-04-20 14:41:56','2018-12-18 23:20:02','SektorA',2,67,67),(68,'teal','Jordanian Dinar Chair Berkshire Intranet Zimbabwe Dollar',227.7,'86964-5265',1,'2018-04-27 02:44:49','2018-12-18 20:01:55','SektorC',2,68,68),(69,'salmon','Enhanced Sports Guinea-Bissau Rapids synthesize',807.0,'95319-2612',1,'2018-10-12 00:55:43','2018-12-18 17:59:29','SektorA',2,69,69),(70,'Small','Ball Checking Account deposit zero tolerance Principal',117.6,'53139-7556',0,'2018-09-23 22:17:07','2018-12-18 21:35:46','SektorB',2,70,70),(71,'navigating','Keyboard port Investment Account next-generation Towels',647.5,'64880',1,'2018-04-27 17:17:02','2018-12-19 04:31:45','SektorA',1,71,71),(72,'withdrawal','Security Designer Up-sized Analyst Intelligent Plastic Soap',262.4,'16740-2602',1,'2018-10-05 03:37:03','2018-12-18 19:19:20','SektorB',2,72,72),(73,'directional','transmitting monitor expedite plum Pataca',506.3,'17208',1,'2018-12-16 23:15:17','2018-12-18 19:42:05','SektorF',1,73,73),(74,'revolutionize','Qatar navigating Group deposit Shoes',899.7,'76762-4218',0,'2018-03-06 03:33:56','2018-12-18 20:41:56','SektorA',1,74,74),(75,'CSS','RAM navigate Regional Chief United Kingdom',552.3,'66225',0,'2018-06-04 23:37:22','2018-12-18 15:53:47','SektorF',1,75,75),(76,'Strategist','model ROI help-desk neural Marshall Islands',123.2,'37466-7285',0,'2018-04-21 14:00:26','2018-12-19 12:01:47','SektorA',2,76,76),(77,'Analyst','web services XSS Liaison Response protocol',500.2,'72426',1,'2018-11-20 07:50:38','2018-12-18 23:53:11','SektorA',2,77,77),(78,'quantify','Cambridgeshire Implementation target website bi-directional',581.4,'55429-9292',1,'2018-08-30 08:29:24','2018-12-18 18:36:23','SektorB',1,78,78),(79,'cohesive','hacking monitor calculate Gorgeous web-enabled',725.7,'33018-2620',0,'2018-03-12 03:57:35','2018-12-19 05:49:14','SektorE',2,79,79),(80,'Skyway','Avon Small Granite Table redundant Marshall Islands Granite',865.2,'71307-7669',0,'2018-09-05 06:13:56','2018-12-18 22:32:08','SektorC',2,80,80),(81,'Car','Toys invoice initiatives mobile Berkshire',429.5,'12948-7325',0,'2018-06-05 18:08:43','2018-12-19 13:07:11','SektorA',1,81,81),(82,'Plain','Re-engineered Computer User-friendly Sports Ergonomic',821.2,'14728-5784',0,'2018-02-21 07:58:49','2018-12-18 23:50:39','SektorA',1,82,82),(83,'Optimized','digital mesh tan monitor Refined Wooden Soap',891.4,'38258',0,'2018-03-14 20:11:13','2018-12-19 04:09:58','SektorE',1,83,83),(84,'microchip','Analyst Self-enabling enterprise backing up Jewelery',471.3,'48440',1,'2018-01-01 21:51:42','2018-12-18 14:16:55','SektorD',1,84,84),(85,'connecting','Engineer impactful Computer Yen e-markets',13.0,'44106',0,'2018-06-03 17:34:01','2018-12-19 01:51:13','SektorB',2,85,85),(86,'Response','matrix parsing Sleek compress leading-edge',696.2,'07670',1,'2018-09-21 11:41:33','2018-12-19 04:51:55','SektorC',2,86,86),(87,'Product','capacitor Functionality foreground index optical',936.6,'14381-4932',1,'2018-10-18 06:17:18','2018-12-19 01:25:37','SektorB',2,87,87),(88,'Operations','Savings Account systemic Kansas Checking Account Chair',210.0,'86316',1,'2017-12-31 21:44:17','2018-12-18 14:20:59','SektorB',2,88,88),(89,'Keyboard','Orchestrator Lilangeni Refined Steel Chicken syndicate Keys',95.6,'09196',1,'2017-12-31 03:16:25','2018-12-19 01:51:32','SektorD',2,89,89),(90,'bricks-and-clicks','Incredible Wooden Chips Future Awesome backing up Fresh',681.0,'14077',1,'2018-02-08 04:53:02','2018-12-18 23:28:39','SektorA',1,90,90),(91,'violet','calculate initiatives navigating Money Market Account Small',85.8,'70309-5212',0,'2018-04-03 04:33:18','2018-12-19 09:12:36','SektorA',1,91,91),(92,'heuristic','withdrawal Kina payment Officer Implementation',184.2,'00218',1,'2018-03-13 14:33:18','2018-12-19 09:08:07','SektorB',2,92,92),(93,'Rwanda Franc','portals Re-engineered transmitter Home Loan Account Web',815.5,'36793',1,'2018-05-16 21:37:18','2018-12-19 05:40:47','SektorE',1,93,93),(94,'context-sensitive','Investment Account USB Health orchestrate Iceland Krona',691.8,'52358-3798',0,'2018-07-27 21:29:53','2018-12-19 00:50:46','SektorE',2,94,94),(95,'Total','wireless Principal overriding quantifying Park',9.6,'12233-8205',1,'2018-04-03 19:24:09','2018-12-19 12:35:17','SektorE',1,95,95),(96,'parsing','matrix indexing Automotive Communications yellow',617.5,'46494',0,'2018-09-02 19:37:11','2018-12-19 10:59:12','SektorC',1,96,96),(97,'Licensed Steel Table','Sports microchip Human Assistant Louisiana',28.8,'66112-7841',0,'2017-12-25 12:29:57','2018-12-19 02:21:32','SektorC',2,97,97),(98,'XML','Soap Mouse port process improvement Licensed',280.3,'83332-3326',1,'2018-08-13 00:34:14','2018-12-19 03:36:47','SektorD',2,98,98),(99,'Branding','Estate JBOD Lead SMTP reboot',441.2,'33102',1,'2018-04-16 10:36:30','2018-12-18 22:18:39','SektorB',2,99,99),(100,'flexibility','Vietnam Rubber convergence Beauty Wooden',971.7,'92103',1,'2018-06-15 01:04:25','2018-12-18 19:15:07','SektorC',2,100,100),(101,'disintermediate','deposit Lebanon Djibouti Franc generate holistic',78.1,'05294-9059',1,'2018-12-09 14:00:44','2018-12-19 01:46:04','SektorA',2,101,101),(102,'Incredible','e-commerce Optimization calculating Egyptian Pound global',899.8,'06988',1,'2018-05-13 08:43:48','2018-12-19 00:41:43','SektorA',2,102,102),(103,'infomediaries','orange payment innovate upward-trending Cambridgeshire',522.7,'98006',0,'2018-05-14 18:28:44','2018-12-18 21:00:14','SektorD',1,103,103),(104,'hard drive','Shoes Response 1080p deposit channels',88.0,'72053-4617',1,'2018-02-11 10:04:21','2018-12-19 00:01:56','SektorD',1,104,104),(105,'Pennsylvania','pink reboot Awesome Cotton Soap ROI Implementation',155.1,'20788-4307',1,'2018-07-04 05:47:36','2018-12-18 20:40:20','SektorD',1,105,105),(106,'B2C','gold Shoes Keyboard Cotton Integration',664.5,'01894',1,'2018-02-11 22:23:03','2018-12-19 10:42:18','SektorD',1,106,106),(107,'encompassing','Functionality Handcrafted Implemented payment Dynamic',50.6,'69050-3454',0,'2018-03-31 18:20:26','2018-12-18 22:23:11','SektorF',1,107,107),(108,'Dynamic','Cloned Lodge withdrawal mobile Bedfordshire',794.6,'15138',1,'2018-08-05 23:13:58','2018-12-18 19:40:11','SektorE',1,108,108),(109,'Utah','transform primary Buckinghamshire Seamless Kyat',637.7,'21522-8741',1,'2018-01-26 21:26:09','2018-12-19 00:36:39','SektorA',2,109,109),(110,'Savings Account','Senior Bahraini Dinar Latvian Lats back-end Investment Account',547.4,'87554-5406',0,'2018-09-16 11:53:20','2018-12-19 08:30:06','SektorB',2,110,110),(111,'5th generation','UAE Dirham markets navigating modular SMTP',809.3,'28121-8796',1,'2018-11-23 18:57:45','2018-12-19 11:35:10','SektorF',1,111,111),(112,'engage','Utah card Shoal Officer global',42.5,'55940-9452',1,'2018-03-03 04:08:47','2018-12-19 08:20:17','SektorE',2,112,112),(113,'Trace','Industrial Saint Martin Bike Tunnel Developer',816.0,'12784',0,'2018-05-30 12:40:22','2018-12-18 22:11:03','SektorA',2,113,113),(114,'Metal','markets payment Forward payment Consultant',297.8,'27845',1,'2018-10-14 22:40:09','2018-12-18 19:05:50','SektorC',2,114,114),(115,'white','Gorgeous Movies Metal grey explicit',367.0,'51234',1,'2018-12-05 14:20:46','2018-12-18 16:23:24','SektorD',2,115,115),(116,'Analyst','Table Afghani Applications orchid Savings Account',657.8,'33138',1,'2018-02-19 12:13:14','2018-12-18 21:10:12','SektorC',1,116,116),(117,'Ohio','North Carolina adapter empowering Avon optical',33.2,'54414',1,'2018-09-15 06:08:12','2018-12-19 02:28:51','SektorD',1,117,117),(118,'bandwidth','Practical Soft Keyboard syndicate bypass bricks-and-clicks Algerian Dinar',917.8,'79519',0,'2018-11-28 13:47:01','2018-12-19 01:42:49','SektorF',2,118,118),(119,'Dong','Cambridgeshire target Martinique reboot International',729.7,'94291',0,'2018-02-19 13:05:20','2018-12-18 15:19:12','SektorF',1,119,119),(120,'bypassing','Plastic Functionality Uganda Shilling incubate task-force',222.6,'61676',0,'2018-06-02 19:42:04','2018-12-18 22:56:46','SektorE',1,120,120),(121,'Club','success Kazakhstan Usability open-source Buckinghamshire',768.1,'84839',0,'2018-04-09 13:23:43','2018-12-19 02:02:41','SektorA',2,121,121),(122,'Division','throughput systematic Triple-buffered Cedi customer loyalty',983.1,'38652-5504',0,'2018-05-06 13:18:30','2018-12-19 03:10:31','SektorE',2,122,122),(123,'Iowa','program New Israeli Sheqel software systems firewall',936.5,'56212',1,'2018-12-16 08:56:21','2018-12-18 19:07:48','SektorA',2,123,123),(124,'Administrator','COM Designer synergy alarm Markets',123.0,'67156-8349',1,'2018-05-17 14:27:30','2018-12-19 09:14:20','SektorE',2,124,124),(125,'Generic Rubber Keyboard','withdrawal Courts Chief Senior Corporate',15.4,'15990-0572',0,'2018-02-23 09:59:04','2018-12-19 12:55:46','SektorD',1,125,125),(126,'generate','index modular Rustic Concrete Mouse functionalities Programmable',298.4,'40452',1,'2018-02-14 19:17:28','2018-12-19 12:24:34','SektorE',2,126,126),(127,'pixel','Assurance encoding budgetary management Representative microchip',463.5,'11332',1,'2018-01-17 19:57:58','2018-12-18 23:50:49','SektorE',1,127,127),(128,'Rupiah','portals turquoise virtual copying mint green',344.1,'90038',1,'2018-10-25 15:21:39','2018-12-18 20:41:48','SektorB',1,128,128),(129,'Licensed Rubber Chicken','Pants solid state primary Incredible Soft Chicken azure',295.8,'89665-4625',0,'2018-05-13 08:06:22','2018-12-18 21:55:54','SektorE',1,129,129),(130,'CFA Franc BCEAO','Towels revolutionize reboot Central Assurance',612.0,'35004',1,'2018-04-28 00:32:44','2018-12-18 23:24:23','SektorF',1,130,130),(131,'Officer','azure Bike Synergized deposit e-business',734.7,'22527-7459',0,'2018-01-25 06:44:40','2018-12-18 20:01:03','SektorB',2,131,131),(132,'Electronics','Technician Kwanza zero defect transmit bypassing',888.4,'59589',0,'2018-12-07 00:29:25','2018-12-19 08:27:13','SektorF',1,132,132),(133,'withdrawal','Kazakhstan leading-edge customized Practical Granite Ball cross-platform',889.8,'68526-1294',0,'2018-02-08 00:43:08','2018-12-19 13:11:50','SektorF',2,133,133),(134,'Branch','solution-oriented maximized users purple platforms',685.3,'73882',1,'2018-07-03 14:10:51','2018-12-19 06:42:11','SektorB',1,134,134),(135,'Shoes','Investment Account virtual indigo Canada New Mexico',714.4,'50001',1,'2018-07-14 14:17:20','2018-12-18 17:40:19','SektorF',1,135,135),(136,'Buckinghamshire','Hollow Executive Berkshire TCP Auto Loan Account',18.8,'04956',0,'2018-03-04 22:17:05','2018-12-19 03:01:50','SektorA',1,136,136),(137,'Executive','Borders invoice forecast withdrawal Fresh',160.4,'91702',1,'2018-04-01 02:51:17','2018-12-19 08:29:37','SektorC',2,137,137),(138,'Swiss Franc','holistic deposit Tactics Plastic parse',952.2,'75526',0,'2018-11-06 05:51:29','2018-12-18 17:52:19','SektorF',2,138,138),(139,'panel','Hat success Consultant partnerships Granite',651.6,'52075-5331',0,'2018-11-21 00:38:41','2018-12-18 19:18:29','SektorD',1,139,139),(140,'Assistant','multi-state best-of-breed Home Loan Account front-end New Israeli Sheqel',935.2,'03675-8486',1,'2018-04-16 15:18:43','2018-12-19 07:26:16','SektorD',2,140,140),(141,'Qatar','dot-com Mobility Fords Generic Networked',801.6,'72887',1,'2018-03-29 07:42:32','2018-12-19 07:05:15','SektorC',1,141,141),(142,'Radial','Product visualize input Accountability Bike',865.1,'80372-2445',0,'2018-03-12 21:14:52','2018-12-19 10:11:31','SektorE',1,142,142),(143,'Iranian Rial','Courts bandwidth purple haptic Shoal',785.4,'41973',0,'2018-02-05 07:44:17','2018-12-19 01:58:26','SektorF',1,143,143),(144,'help-desk','redundant Small Metal Salad hard drive reintermediate Consultant',395.2,'06350-1600',1,'2018-01-10 22:01:00','2018-12-19 13:10:56','SektorA',2,144,144),(145,'plug-and-play','Jordanian Dinar Regional ivory withdrawal Rustic',117.5,'19187-8922',0,'2017-12-29 03:39:38','2018-12-18 17:27:19','SektorC',1,145,145),(146,'mint green','Bridge Fresh application Incredible Rubber Computer Internal',177.3,'63526-0445',1,'2018-08-15 17:00:23','2018-12-19 08:39:46','SektorF',2,146,146),(147,'calculate','Reactive Fantastic Fresh Keyboard turquoise National invoice',205.8,'22724-6969',1,'2018-02-22 16:36:15','2018-12-19 13:26:45','SektorF',1,147,147),(148,'Incredible','Quality-focused ability Mayotte payment Home',819.3,'73224-0666',0,'2018-05-15 01:48:23','2018-12-19 02:29:34','SektorF',2,148,148),(149,'Intelligent','Buckinghamshire redundant bleeding-edge transmit Music',607.4,'78068',0,'2018-03-03 16:01:21','2018-12-19 07:43:49','SektorE',2,149,149),(150,'Bypass','Outdoors global Connecticut Senegal Auto Loan Account',900.5,'34061',1,'2018-05-21 21:37:14','2018-12-19 05:49:54','SektorE',2,150,150),(151,'Clothing','purple Taka initiatives Iowa Games',955.4,'12829',1,'2018-12-19 10:13:18','2018-12-19 02:17:45','SektorD',2,151,151),(152,'RSS','revolutionize invoice International vortals olive',18.7,'52556',1,'2018-11-28 22:56:09','2018-12-19 00:08:37','SektorA',2,152,152),(153,'heuristic','Markets CSS parsing actuating synthesizing',19.6,'60171-4793',1,'2018-06-23 16:24:46','2018-12-18 18:28:51','SektorA',1,153,153),(154,'Granite','incentivize Salad Investment Account Meadows Sports',876.7,'53486',1,'2018-11-26 03:15:32','2018-12-18 22:21:55','SektorE',2,154,154),(155,'experiences','Bike next generation Won maximized bypass',374.6,'49383',1,'2018-09-29 13:00:58','2018-12-18 20:49:54','SektorB',2,155,155),(156,'Realigned','Cotton best-of-breed invoice Savings Account Manager',736.8,'39406-2572',0,'2018-04-18 20:15:32','2018-12-18 18:56:20','SektorF',2,156,156),(157,'Accounts','IB dot-com iterate Spain Awesome Metal Shoes',917.8,'66127',0,'2018-06-11 13:32:56','2018-12-18 14:36:01','SektorB',1,157,157),(158,'Handmade','International extranet Savings Account mobile Home Loan Account',882.6,'33450',0,'2018-12-19 07:37:44','2018-12-18 19:35:19','SektorF',2,158,158),(159,'Argentine Peso','Australian Dollar bypass Handcrafted Fresh Towels Associate Tasty Plastic Chair',868.2,'12339-3280',1,'2018-02-02 03:08:37','2018-12-18 15:47:16','SektorA',1,159,159),(160,'District','deposit Practical Rustic Metal Pants Pants Future',417.6,'77847-1327',1,'2018-07-15 13:01:13','2018-12-19 10:15:45','SektorE',2,160,160),(161,'systems','Chair Officer Forest Manager New Jersey',99.9,'68199-1935',0,'2017-12-30 09:11:51','2018-12-18 19:03:33','SektorC',2,161,161),(162,'Soft','Turnpike Bacon didactic Uruguay connect',432.5,'74168',0,'2018-08-26 01:56:09','2018-12-19 05:34:50','SektorD',1,162,162),(163,'innovate','New Mexico Generic Concrete Towels Austria back-end supply-chains',60.9,'71342',0,'2018-07-04 15:23:32','2018-12-19 10:43:56','SektorA',1,163,163),(164,'Fresh','Chile Vermont calculating transmitting aggregate',91.9,'15325-7859',0,'2018-03-07 00:43:32','2018-12-19 10:08:27','SektorB',1,164,164),(165,'Outdoors','pink Automotive generate Rubber port',716.0,'62214',1,'2018-09-20 02:17:29','2018-12-19 13:23:11','SektorC',2,165,165),(166,'connecting','protocol Cambridgeshire middleware Product New York',152.6,'66773-8589',1,'2018-07-17 01:52:41','2018-12-18 16:00:11','SektorF',1,166,166),(167,'Orchestrator','Kentucky Morocco Fantastic Rubber Towels ubiquitous Plastic',370.0,'16085-0182',1,'2018-12-10 03:39:08','2018-12-19 09:20:47','SektorE',1,167,167),(168,'sticky','withdrawal bleeding-edge Program Egyptian Pound Home',683.5,'09932-9363',0,'2018-01-22 16:38:11','2018-12-18 20:32:00','SektorC',1,168,168),(169,'Ergonomic','global Branding hub Credit Card Account Optimized',310.6,'96591',1,'2018-05-20 09:16:39','2018-12-18 14:23:26','SektorC',1,169,169),(170,'niches','Handmade Plastic Salad Afghani dedicated Program Group',425.8,'24422-4899',0,'2018-01-16 07:19:27','2018-12-19 04:55:34','SektorB',2,170,170),(171,'Mobility','Home Loan Account Tuna payment back-end Credit Card Account',464.9,'89901-7981',1,'2018-06-20 20:42:51','2018-12-19 06:19:18','SektorB',2,171,171),(172,'Credit Card Account','Infrastructure Division Auto Loan Account Bacon Hawaii',249.5,'07293',0,'2018-11-04 13:08:11','2018-12-19 09:29:35','SektorA',2,172,172),(173,'Lead','Path Fiji Sleek generate Washington',150.6,'93031',1,'2018-11-28 14:39:24','2018-12-18 19:43:34','SektorD',2,173,173),(174,'SCSI','Prairie Administrator Movies upward-trending Rustic',640.7,'16160-7321',0,'2018-07-04 06:50:12','2018-12-18 14:49:51','SektorF',1,174,174),(175,'white','Canyon Bahamas User-centric B2C United States Minor Outlying Islands',807.9,'10946-3821',0,'2018-02-10 07:17:27','2018-12-19 00:27:19','SektorE',2,175,175),(176,'Communications','Profit-focused efficient Data deliver focus group',561.7,'06637',0,'2018-01-21 14:47:48','2018-12-18 22:16:09','SektorD',2,176,176),(177,'Facilitator','dynamic override Technician PNG cross-platform',250.0,'41316',0,'2018-03-31 13:22:45','2018-12-19 11:10:36','SektorC',2,177,177),(178,'Human','generate payment e-commerce wireless Iranian Rial',734.3,'81998',0,'2018-05-26 22:42:08','2018-12-18 15:57:41','SektorB',2,178,178),(179,'backing up','Plastic Thailand foreground Functionality Investment Account',22.2,'10847-6448',0,'2018-10-19 20:28:24','2018-12-18 17:11:56','SektorA',1,179,179),(180,'Buckinghamshire','Ports circuit haptic ADP Keyboard',811.0,'80143-1420',1,'2018-04-20 05:32:02','2018-12-19 03:34:07','SektorC',1,180,180),(181,'access','copy Awesome Cotton Pants Causeway platforms generate',148.2,'74584-4145',1,'2018-10-06 12:06:12','2018-12-19 03:26:38','SektorE',2,181,181),(182,'ability','transmit firewall back-end Avon United States Minor Outlying Islands',170.5,'16752-6936',0,'2018-09-13 08:58:42','2018-12-18 17:25:28','SektorB',2,182,182),(183,'Brazilian Real','Heard Island and McDonald Islands Indiana Outdoors Visionary Steel',13.3,'32115',1,'2018-02-10 02:34:52','2018-12-18 16:39:49','SektorC',2,183,183),(184,'virtual','Licensed back-end Automotive Principal bandwidth',168.4,'11689',0,'2018-10-17 19:47:14','2018-12-19 00:48:01','SektorF',2,184,184),(185,'Japan','navigating solid state digital Shoes Swedish Krona',139.2,'60207-9587',1,'2018-06-25 02:24:55','2018-12-19 12:48:53','SektorA',2,185,185),(186,'empower','architecture multi-byte Wooden Savings Account Liberian Dollar',893.5,'07078-9372',0,'2017-12-29 13:27:55','2018-12-19 00:11:32','SektorA',1,186,186),(187,'Savings Account','Concrete Algeria synthesize Rest ROI',409.9,'36969-7513',0,'2018-08-08 01:02:31','2018-12-19 10:52:57','SektorD',2,187,187),(188,'database','Licensed Granite Pizza Kids Incredible Soft Salad infrastructures neural',734.8,'32778',1,'2018-04-04 09:54:21','2018-12-19 01:49:03','SektorD',1,188,188),(189,'Shoes','Sports Music SMTP Branding function',730.3,'63828-8240',1,'2017-12-25 17:55:21','2018-12-18 14:53:38','SektorF',1,189,189),(190,'cross-platform','interactive calculating Cambridgeshire copy magenta',759.4,'05271',1,'2018-11-19 18:14:23','2018-12-18 23:22:08','SektorC',1,190,190),(191,'mobile','China payment Creative Guernsey Generic Frozen Car',247.5,'07434-9744',1,'2018-05-26 22:46:41','2018-12-18 15:13:25','SektorE',2,191,191),(192,'Chief','synthesize Communications Tactics Producer Borders',644.4,'37989-9681',0,'2018-08-23 04:51:39','2018-12-19 03:53:12','SektorC',1,192,192),(193,'neural','Handmade Plastic Soap Security Minnesota Auto Loan Account Licensed Metal Sausages',583.4,'42828-8452',1,'2018-08-12 14:56:48','2018-12-18 23:04:47','SektorA',1,193,193),(194,'Grass-roots','Spain 24/7 Palladium Canyon infrastructures',431.9,'01181-2410',0,'2018-03-07 16:45:04','2018-12-19 10:46:18','SektorF',2,194,194),(195,'back up','responsive Ireland New Mexico Bacon Forest',410.1,'78069',1,'2018-02-17 03:37:13','2018-12-18 22:57:13','SektorD',1,195,195),(196,'blue','Avon Direct value-added Denar Mississippi',259.8,'90030-2867',1,'2018-08-03 10:22:18','2018-12-19 08:48:16','SektorC',2,196,196),(197,'Executive','synthesize Tajikistan Credit Card Account Alley Incredible Steel Pizza',129.3,'21111-7391',1,'2018-05-11 16:38:47','2018-12-19 08:12:35','SektorA',2,197,197),(198,'Plastic','Argentine Peso card Optimization navigating Assurance',757.0,'96530-9171',0,'2018-03-09 08:23:38','2018-12-18 17:17:55','SektorC',2,198,198),(199,'Strategist','compressing Bedfordshire driver Connecticut Planner',725.5,'19301-9346',1,'2018-04-11 06:35:31','2018-12-19 13:29:55','SektorF',1,199,199),(200,'Buckinghamshire','North Carolina pink Optimization generate connecting',989.4,'46408',1,'2018-06-02 10:20:26','2018-12-18 13:54:29','SektorB',2,200,200),(201,'withdrawal','generating Frozen HTTP empowering circuit',701.4,'86128',1,'2018-01-05 23:46:17','2018-12-19 07:26:12','SektorC',2,201,201),(202,'artificial intelligence','clear-thinking integrate utilisation dynamic Botswana',184.9,'14908-2323',1,'2018-03-22 06:14:16','2018-12-19 11:44:51','SektorD',1,202,202),(203,'bus','Automotive National payment Washington models',37.4,'58750-1443',0,'2018-09-30 09:44:26','2018-12-18 14:09:34','SektorC',1,203,203),(204,'Kazakhstan','Brook deposit Borders cohesive yellow',911.9,'31801-6012',1,'2018-11-05 12:04:51','2018-12-18 23:12:08','SektorD',2,204,204),(205,'applications','Industrial Motorway archive bifurcated Money Market Account',368.7,'99645-3705',1,'2018-05-15 02:46:14','2018-12-19 13:07:03','SektorB',1,205,205),(206,'bleeding-edge','dot-com Customer Finland generating real-time',967.9,'13311',0,'2018-03-10 00:51:00','2018-12-18 22:21:06','SektorB',1,206,206),(207,'Granite','capacitor Danish Krone Auto Loan Account Small Checking Account',365.4,'27805',1,'2018-02-11 05:18:07','2018-12-19 11:39:58','SektorD',1,207,207),(208,'hacking','South Carolina copying invoice Internal Peru',173.3,'59091-9148',1,'2018-01-10 19:51:18','2018-12-18 17:51:57','SektorD',1,208,208),(209,'indexing','Colombia synthesize Mayotte Shoes methodical',493.6,'64941',1,'2018-01-07 18:33:24','2018-12-19 02:58:55','SektorF',2,209,209),(210,'Car','feed Credit Card Account eyeballs Plastic Chips',436.7,'48741',1,'2018-02-06 01:45:20','2018-12-18 18:43:33','SektorD',1,210,210),(211,'Montserrat','Plastic Grass-roots Prairie capacitor transmit',425.6,'86794',1,'2018-03-13 11:32:29','2018-12-19 11:47:00','SektorA',1,211,211),(212,'expedite','Guam generate Global Cambridgeshire communities',143.5,'28048-4091',1,'2018-01-09 18:30:15','2018-12-19 10:19:42','SektorE',2,212,212),(213,'policy','Front-line Bedfordshire neutral primary Steel',969.9,'83316',0,'2018-05-03 11:31:45','2018-12-19 09:29:13','SektorA',1,213,213),(214,'Unbranded Rubber Fish','white experiences architecture Rubber Awesome',166.7,'73947-3394',0,'2018-11-23 05:22:27','2018-12-19 05:58:03','SektorC',1,214,214),(215,'SCSI','Credit Card Account panel zero administration product B2C',393.3,'40179',1,'2018-05-19 02:11:56','2018-12-18 23:10:55','SektorB',2,215,215),(216,'Automotive','Keyboard Automotive repurpose architectures indigo',243.7,'68882',1,'2018-10-07 19:20:57','2018-12-18 15:33:49','SektorA',1,216,216),(217,'Ergonomic','Small Plastic Shoes Practical ivory Computers monetize',298.4,'59843',1,'2018-07-08 08:27:03','2018-12-18 19:04:31','SektorE',1,217,217),(218,'Concrete','Savings Account benchmark Investment Account bandwidth Fantastic',492.2,'66150-7470',0,'2018-03-05 15:44:32','2018-12-19 09:34:29','SektorB',2,218,218),(219,'web-readiness','Associate Security local Berkshire New Mexico',950.6,'89588-2740',0,'2018-07-20 10:23:32','2018-12-18 21:01:40','SektorF',2,219,219),(220,'Future','Generic synthesize AGP Harbor Alaska',77.4,'57641-2057',1,'2018-02-08 21:34:37','2018-12-18 18:21:22','SektorE',1,220,220),(221,'Global','deposit Bahraini Dinar Director Bedfordshire Soft',612.9,'66458-3043',0,'2018-11-03 21:20:51','2018-12-19 02:35:56','SektorB',2,221,221),(222,'virtual','United States Minor Outlying Islands quantifying Analyst payment deposit',138.2,'49802',1,'2018-06-23 10:49:16','2018-12-19 03:15:14','SektorE',1,222,222),(223,'utilisation','incubate compressing primary Hong Kong Refined Cotton Hat',394.9,'18672',1,'2018-05-25 12:22:38','2018-12-19 11:42:29','SektorD',1,223,223),(224,'Cheese','Handcrafted Plastic Bike channels Applications optical Customer',659.2,'17994',1,'2017-12-26 14:33:12','2018-12-19 05:45:11','SektorC',1,224,224),(225,'digital','New Hampshire engineer e-commerce Ohio Station',524.3,'36669',1,'2018-01-18 13:47:12','2018-12-19 07:35:09','SektorE',2,225,225),(226,'Missouri','Cambridgeshire Small Bridge West Virginia Soap',332.9,'95473-4520',0,'2018-11-09 01:19:18','2018-12-18 19:18:55','SektorD',1,226,226),(227,'Soap','Credit Card Account back up innovative analyzing infrastructures',935.9,'19484',0,'2018-04-29 06:37:37','2018-12-18 14:43:11','SektorF',1,227,227),(228,'Maine','synthesize proactive cultivate COM Shoal',557.4,'43329',1,'2018-01-28 16:32:32','2018-12-19 06:59:30','SektorB',1,228,228),(229,'methodologies','Fantastic Cotton Bacon Frozen Sleek Soft Shirt cohesive generating',418.5,'35404',0,'2018-02-18 01:58:29','2018-12-19 05:18:16','SektorC',2,229,229),(230,'Organic','Sao Tome and Principe Arizona Credit Card Account Movies solutions',411.7,'91083-0115',0,'2018-01-23 08:58:39','2018-12-18 21:39:53','SektorA',2,230,230),(231,'Supervisor','Concrete JBOD models bluetooth Awesome Soft Keyboard',506.2,'19368',1,'2018-03-09 04:26:37','2018-12-19 02:24:21','SektorC',2,231,231),(232,'auxiliary','Reverse-engineered transform Liaison recontextualize input',686.8,'66514',1,'2018-11-13 17:33:10','2018-12-19 00:38:28','SektorD',1,232,232),(233,'SDR','Central compress 24/365 Beauty PNG',199.7,'71587-2209',1,'2018-01-04 08:39:28','2018-12-19 07:14:13','SektorB',2,233,233),(234,'Practical','back up Sleek Steel Cheese hacking online Optimization',842.0,'73059',0,'2018-04-28 13:22:44','2018-12-19 13:36:39','SektorE',2,234,234),(235,'human-resource','generating Rubber Practical Soft Salad Future payment',266.2,'10914-7352',1,'2018-04-22 03:31:17','2018-12-19 01:43:04','SektorE',1,235,235),(236,'Checking Account','Investment Account programming transmitting contingency Money Market Account',365.1,'29603',0,'2018-08-28 22:28:55','2018-12-19 05:54:31','SektorA',2,236,236),(237,'Soft','Route firmware cultivate cross-media moratorium',806.2,'80901-1029',0,'2018-10-11 14:11:38','2018-12-18 20:37:43','SektorF',1,237,237),(238,'SSL','Implementation compress synthesizing Som Concrete',634.5,'18507-1528',0,'2018-03-05 06:46:54','2018-12-18 16:32:35','SektorE',1,238,238),(239,'withdrawal','back-end Innovative Frozen Handmade Steel Bacon Money Market Account',838.4,'65020',1,'2018-06-08 18:09:40','2018-12-19 04:58:32','SektorB',2,239,239),(240,'Technician','Internal Ports 1080p Drive portals',378.8,'16319',0,'2018-05-24 05:52:11','2018-12-19 11:46:52','SektorE',2,240,240),(241,'Ergonomic','Communications Compatible Switchable Avenue optical',674.7,'43188',1,'2018-12-07 22:05:15','2018-12-18 23:58:59','SektorE',1,241,241),(242,'Money Market Account','Savings Account Orchestrator Meadow Harbors wireless',747.2,'75643-2811',1,'2018-02-10 02:53:55','2018-12-18 23:21:36','SektorD',1,242,242),(243,'Borders','implementation index throughput open system Shores',224.4,'34944',0,'2017-12-29 22:38:15','2018-12-18 16:10:28','SektorA',1,243,243),(244,'Auto Loan Account','Lead Home Loan Account value-added models Refined',122.9,'31926-0041',1,'2018-04-05 16:52:05','2018-12-19 06:57:31','SektorC',1,244,244),(245,'Future','New York frame Cheese bandwidth Argentine Peso',649.9,'76995-8366',0,'2018-06-23 15:13:44','2018-12-19 13:51:12','SektorB',1,245,245),(246,'Small Plastic Towels','Tennessee Oman Mobility Markets success',690.3,'97350-4540',1,'2018-11-10 21:23:37','2018-12-19 11:26:08','SektorD',2,246,246),(247,'Mission','Tasty Steel Fish Auto Loan Account Small Intelligent Agent',526.1,'20600',1,'2018-08-09 16:54:39','2018-12-19 10:19:47','SektorC',1,247,247),(248,'sky blue','hub Mouse digital Hawaii Sleek',346.2,'07824-2368',1,'2018-10-06 03:29:18','2018-12-19 12:51:02','SektorE',1,248,248),(249,'bypassing','Granite Egypt Exclusive adapter Auto Loan Account',926.7,'25740-0923',1,'2018-04-17 23:14:58','2018-12-19 07:54:00','SektorD',1,249,249),(250,'Representative','San Marino robust navigating online Consultant',526.5,'98902',0,'2018-09-22 10:55:43','2018-12-19 00:17:42','SektorD',1,250,250),(251,'bricks-and-clicks','Grocery global Chair National Incredible Cotton Gloves',503.3,'32983',0,'2018-09-04 13:56:07','2018-12-18 22:41:34','SektorA',2,251,251),(252,'Beauty','syndicate Small deposit iterate Vision-oriented',271.1,'27283-9497',1,'2018-05-02 15:54:58','2018-12-18 20:55:17','SektorD',1,252,252),(253,'Grocery','Soap Borders Forward maroon Berkshire',305.5,'27394-7110',0,'2018-05-28 07:57:38','2018-12-19 08:45:27','SektorA',2,253,253),(254,'Field','Connecticut high-level EXE bypass Associate',256.9,'56702',1,'2018-09-05 18:23:49','2018-12-19 01:15:41','SektorD',1,254,254),(255,'Soap','Beauty Lek technologies Checking Account SMTP',513.4,'29190',1,'2018-10-07 14:57:21','2018-12-18 22:52:28','SektorE',2,255,255),(256,'Plastic','Grocery bus Cambridgeshire microchip capacitor',656.2,'13363',0,'2018-11-17 21:48:44','2018-12-19 06:49:31','SektorE',1,256,256),(257,'Switchable','bypassing Car quantify Refined relationships',102.7,'61109',0,'2018-06-16 11:12:23','2018-12-19 04:34:55','SektorF',2,257,257),(258,'frictionless','needs-based bandwidth throughput Handmade Plastic Chips Small',376.1,'51052-7071',1,'2018-04-15 06:11:53','2018-12-19 08:42:49','SektorA',1,258,258),(259,'program','envisioneer Steel Specialist Checking Account generating',672.2,'58889-0194',0,'2018-11-09 05:30:23','2018-12-19 10:55:03','SektorC',2,259,259),(260,'bypassing','zero administration ivory Cambridgeshire system-worthy Locks',358.6,'48415-3771',1,'2018-10-26 18:36:28','2018-12-19 12:58:37','SektorA',1,260,260),(261,'Wooden','pixel expedite Shirt Northern Mariana Islands projection',163.7,'71745',0,'2018-09-08 01:53:31','2018-12-18 21:35:14','SektorA',1,261,261),(262,'turquoise','calculating GB metrics THX invoice',554.6,'54461-4852',0,'2018-07-20 10:56:21','2018-12-18 15:16:33','SektorB',2,262,262),(263,'Refined','help-desk AGP Uruguay whiteboard Georgia',66.8,'24821',1,'2018-04-14 15:43:38','2018-12-18 14:09:03','SektorA',2,263,263),(264,'Usability','paradigm Delaware hacking parsing content',148.3,'92968',0,'2018-04-26 18:09:58','2018-12-18 18:48:03','SektorC',1,264,264),(265,'Argentina','Checking Account integrate Oval Tasty Pants',517.9,'54675',1,'2018-02-14 10:34:10','2018-12-19 03:52:37','SektorC',1,265,265),(266,'Chad','architecture reboot payment Identity CSS',36.6,'45678-9386',1,'2018-03-14 00:01:15','2018-12-18 18:20:53','SektorE',1,266,266),(267,'Bike','Gorgeous input Botswana Soft Berkshire',164.5,'98179',0,'2018-03-13 07:22:36','2018-12-19 11:46:05','SektorA',2,267,267),(268,'cross-platform','back up hard drive Cambridgeshire Rubber Associate',996.3,'61637-8244',0,'2018-08-21 07:26:08','2018-12-18 17:18:04','SektorE',1,268,268),(269,'Kids','web-readiness protocol technologies Keyboard XSS',602.2,'80720',0,'2018-07-28 11:40:37','2018-12-19 06:21:45','SektorB',2,269,269),(270,'Yuan Renminbi','Associate content navigate Republic of Korea Lead',722.0,'06415',1,'2018-08-29 18:26:53','2018-12-18 20:09:46','SektorD',1,270,270),(271,'Synergistic','Tactics moderator orchestrate Organic Savings Account',156.8,'72607',1,'2018-06-03 16:38:08','2018-12-19 11:15:53','SektorD',1,271,271),(272,'Valley','Table maximized asymmetric Avon invoice',248.2,'09626',1,'2018-11-26 10:15:44','2018-12-18 21:56:07','SektorB',2,272,272),(273,'interfaces','Product communities Toys communities Personal Loan Account',600.2,'61579',0,'2018-02-27 02:00:41','2018-12-19 09:56:02','SektorF',2,273,273),(274,'SDD','Cambridgeshire SCSI Frozen Avon Borders',859.1,'28702-5323',1,'2018-04-23 04:10:29','2018-12-19 09:39:27','SektorC',2,274,274),(275,'monetize','Congo Grocery Lead hacking Kwanza',752.4,'92490-3434',1,'2017-12-25 03:30:06','2018-12-18 22:46:24','SektorD',2,275,275),(276,'maximize','monitor Gorgeous Fresh Pants Usability web-enabled salmon',648.6,'03205-6949',0,'2018-06-13 04:03:48','2018-12-18 22:52:44','SektorC',2,276,276),(277,'Pakistan','bypass firewall teal fuchsia SDD',201.2,'45209',1,'2018-10-25 04:40:22','2018-12-19 12:58:53','SektorC',1,277,277),(278,'initiatives','Hat Baby leading edge Soap ROI',616.9,'79981',1,'2018-10-17 17:41:28','2018-12-19 01:43:14','SektorA',1,278,278),(279,'system','firewall strategize Outdoors Central payment',681.1,'03592',1,'2018-07-29 10:48:07','2018-12-19 00:10:48','SektorB',1,279,279),(280,'TCP','AGP TCP red Internal Equatorial Guinea',322.1,'49790',0,'2018-04-20 05:37:40','2018-12-18 19:23:31','SektorC',1,280,280),(281,'Integration','program neutral Expanded card orchid',635.0,'61695-3653',1,'2018-02-13 11:30:27','2018-12-18 23:07:14','SektorB',1,281,281),(282,'Savings Account','Costa Rica backing up Gorgeous supply-chains withdrawal',870.2,'05105',0,'2017-12-20 04:53:43','2018-12-19 06:17:30','SektorC',1,282,282),(283,'Agent','parsing Steel customized deposit Virginia',246.1,'26264-4201',1,'2018-05-09 03:38:46','2018-12-19 04:32:09','SektorD',1,283,283),(284,'silver','invoice orchestrate Refined Cotton Bike deposit Object-based',39.9,'43807',1,'2018-08-09 20:18:19','2018-12-18 22:31:28','SektorE',1,284,284),(285,'revolutionary','overriding Administrator Strategist transmitting South Dakota',166.9,'78565',0,'2018-08-30 20:16:48','2018-12-19 13:36:00','SektorB',2,285,285),(286,'Streamlined','Incredible Concrete Cheese hard drive invoice Credit Card Account compress',498.3,'67627',0,'2018-05-12 00:35:09','2018-12-18 14:05:33','SektorF',1,286,286),(287,'Fantastic','Michigan Frozen SDD Infrastructure New Caledonia',711.9,'83530-5787',0,'2018-07-11 12:12:58','2018-12-18 14:58:35','SektorD',1,287,287),(288,'salmon','revolutionize Rustic Rubber Shirt USB Accounts Intuitive',102.3,'61576-1291',1,'2018-04-12 10:41:44','2018-12-19 13:28:29','SektorD',2,288,288),(289,'Metal','deposit azure payment Function-based Chicken',944.5,'41607-4006',0,'2018-03-17 08:14:12','2018-12-19 03:15:18','SektorA',2,289,289),(290,'AGP','Licensed Cotton Gloves Codes specifically reserved for testing purposes Swiss Franc EXE Unbranded',29.7,'19797',1,'2018-05-06 18:20:35','2018-12-18 21:02:07','SektorE',1,290,290),(291,'Regional','Gorgeous tan Florida card open-source',893.0,'16775-6403',1,'2018-09-18 21:18:29','2018-12-19 08:29:41','SektorD',2,291,291),(292,'initiatives','logistical payment users paradigms monitor',822.7,'57096-5616',1,'2018-11-27 11:48:10','2018-12-18 14:51:00','SektorB',2,292,292),(293,'cross-platform','firewall Corporate SDD Right-sized USB',687.5,'76677',1,'2018-03-10 19:52:32','2018-12-19 03:58:14','SektorC',2,293,293),(294,'violet','Faroe Islands engage Malaysian Ringgit Granite exploit',799.0,'01360-4050',0,'2018-03-09 13:53:51','2018-12-19 03:26:16','SektorB',2,294,294),(295,'Shirt','invoice magenta robust Investor Lesotho',232.9,'71416-7384',1,'2018-02-12 14:46:19','2018-12-19 00:51:21','SektorB',1,295,295),(296,'Centralized','panel copying Toys global Cotton',418.1,'73169-6292',0,'2018-09-16 08:59:54','2018-12-18 18:19:28','SektorA',2,296,296),(297,'USB','reboot Table Money Market Account Savings Account Licensed Steel Shoes',678.0,'41035',0,'2018-08-18 09:31:06','2018-12-19 10:10:55','SektorD',2,297,297),(298,'Garden','Avon Borders empower AI Principal',160.8,'71661',1,'2018-08-07 09:21:33','2018-12-19 12:16:09','SektorC',1,298,298),(299,'Applications','structure deposit Central withdrawal Intelligent',518.1,'35616-7146',0,'2018-09-15 20:22:36','2018-12-18 19:13:57','SektorA',1,299,299),(300,'payment','iterate orchestrate Synergized Synergized Specialist',969.6,'07434',1,'2018-05-06 01:16:45','2018-12-18 14:08:07','SektorE',1,300,300);
/*!40000 ALTER TABLE `PozycjaWMagazynie` ENABLE KEYS */;
UNLOCK TABLES;

--
-- Table structure for table `Przesylka`
--

DROP TABLE IF EXISTS `Przesylka`;
/*!40101 SET @saved_cs_client     = @@character_set_client */;
/*!40101 SET character_set_client = utf8 */;
CREATE TABLE `Przesylka` (
  `idPrzesylka` int(11) NOT NULL AUTO_INCREMENT,
  `nazwaPrzesylki` varchar(45) NOT NULL,
  `ciezarLadunku` decimal(6,2) NOT NULL,
  `data` datetime NOT NULL,
  PRIMARY KEY (`idPrzesylka`),
  UNIQUE KEY `idPrzesylka_UNIQUE` (`idPrzesylka`)
) ENGINE=InnoDB AUTO_INCREMENT=301 DEFAULT CHARSET=utf8;
/*!40101 SET character_set_client = @saved_cs_client */;

--
-- Dumping data for table `Przesylka`
--

LOCK TABLES `Przesylka` WRITE;
/*!40000 ALTER TABLE `Przesylka` DISABLE KEYS */;
INSERT INTO `Przesylka` VALUES (1,'global',8059.00,'2018-07-13 19:17:17'),(2,'Metrics',4268.18,'2017-12-19 18:12:05'),(3,'Public-key',9720.24,'2018-05-23 04:34:50'),(4,'Granite',396.81,'2018-07-19 10:11:59'),(5,'Customer',778.37,'2018-04-22 20:24:50'),(6,'Granite',4959.88,'2018-12-13 12:18:04'),(7,'open-source',2737.22,'2018-05-29 13:58:15'),(8,'toolset',7234.64,'2018-01-14 16:14:48'),(9,'Internal',2477.12,'2018-11-06 11:28:32'),(10,'Borders',1236.92,'2018-08-13 23:33:41'),(11,'Multi-channelled',8146.53,'2018-09-29 16:31:41'),(12,'Virginia',9992.99,'2018-08-15 12:55:15'),(13,'Lead',4605.29,'2018-01-24 21:31:32'),(14,'attitude',1640.40,'2018-10-01 09:14:24'),(15,'Engineer',8911.60,'2018-06-20 06:50:47'),(16,'Interactions',5014.56,'2018-11-13 22:51:08'),(17,'transmitter',2152.75,'2018-06-10 12:30:13'),(18,'payment',2511.48,'2018-08-31 06:58:51'),(19,'Garden',5818.71,'2018-01-10 00:51:11'),(20,'Computers',3417.20,'2018-12-06 05:23:20'),(21,'open architecture',1815.49,'2018-10-18 16:28:07'),(22,'Designer',7183.85,'2018-11-21 14:16:58'),(23,'intuitive',1139.90,'2018-10-17 08:48:57'),(24,'Wisconsin',8736.52,'2018-02-14 13:34:41'),(25,'Personal Loan Account',9884.39,'2018-11-26 20:56:51'),(26,'violet',6009.44,'2018-09-01 08:41:43'),(27,'index',3038.71,'2018-03-30 10:44:06'),(28,'explicit',4409.88,'2018-08-09 10:51:41'),(29,'Cheese',9348.80,'2018-03-23 20:51:12'),(30,'capacitor',9358.32,'2018-11-18 00:56:48'),(31,'Enhanced',3616.18,'2018-03-17 17:10:03'),(32,'Savings Account',5177.25,'2018-02-22 11:27:28'),(33,'Agent',874.12,'2018-06-19 16:35:04'),(34,'Coves',1872.78,'2018-10-04 14:47:04'),(35,'Motorway',7114.60,'2018-08-31 08:03:31'),(36,'back-end',8294.84,'2018-06-26 19:07:15'),(37,'platforms',4644.66,'2018-02-08 15:48:19'),(38,'dedicated',8854.26,'2018-11-09 02:00:22'),(39,'connecting',3494.17,'2018-08-15 00:05:30'),(40,'strategize',3202.93,'2018-03-28 15:04:52'),(41,'California',1967.79,'2018-05-29 02:58:38'),(42,'killer',2595.73,'2018-02-26 10:01:09'),(43,'Money Market Account',1387.51,'2018-05-19 08:05:37'),(44,'Tanzanian Shilling',149.82,'2017-12-27 12:01:24'),(45,'Generic',455.64,'2018-11-16 19:56:40'),(46,'convergence',7216.64,'2018-05-04 03:58:34'),(47,'Wooden',2119.70,'2018-07-10 03:44:53'),(48,'Functionality',8531.27,'2018-10-24 23:20:03'),(49,'ivory',1817.27,'2018-02-15 23:53:09'),(50,'4th generation',6651.40,'2018-07-22 12:15:27'),(51,'Response',4428.40,'2018-06-29 16:40:19'),(52,'Hat',445.25,'2018-07-03 18:26:16'),(53,'strategize',7490.62,'2018-02-03 20:12:11'),(54,'Personal Loan Account',972.83,'2018-09-25 19:44:50'),(55,'haptic',4958.71,'2018-11-29 20:36:48'),(56,'tan',4356.94,'2018-03-01 23:23:33'),(57,'Kids',3314.76,'2018-06-08 23:11:52'),(58,'Music',8588.48,'2018-01-22 08:04:55'),(59,'District',349.91,'2018-02-21 05:54:09'),(60,'Lead',709.72,'2018-10-16 07:55:27'),(61,'Future',454.48,'2018-09-30 07:25:22'),(62,'Israel',9048.85,'2018-02-03 20:39:43'),(63,'France',5657.38,'2018-05-09 09:16:32'),(64,'Gorgeous',2585.40,'2018-10-09 23:41:08'),(65,'standardization',7909.50,'2018-08-31 07:10:44'),(66,'Central',53.49,'2018-09-19 15:52:37'),(67,'24/7',7626.54,'2018-12-05 21:49:10'),(68,'Generic',8493.39,'2018-12-17 01:17:10'),(69,'Bahrain',2822.32,'2018-06-28 23:59:50'),(70,'Bacon',4971.25,'2017-12-23 01:52:16'),(71,'fuchsia',3679.78,'2018-11-11 00:48:42'),(72,'Legacy',9737.14,'2018-12-18 08:52:17'),(73,'Buckinghamshire',7594.87,'2018-09-14 10:43:11'),(74,'Sharable',6724.49,'2018-08-08 05:58:44'),(75,'Solutions',8656.62,'2018-02-22 20:53:56'),(76,'optical',2926.45,'2018-04-10 14:10:27'),(77,'Dynamic',589.54,'2018-02-28 01:09:59'),(78,'Virginia',651.74,'2018-10-04 00:17:00'),(79,'definition',2751.90,'2018-08-23 02:38:33'),(80,'Centralized',7693.90,'2018-12-13 08:40:06'),(81,'Progressive',3461.61,'2018-07-10 14:25:20'),(82,'Borders',5392.50,'2018-05-14 07:21:45'),(83,'functionalities',9401.40,'2018-03-14 04:31:06'),(84,'Auto Loan Account',1045.50,'2018-10-19 08:12:38'),(85,'circuit',3658.32,'2018-08-06 22:46:52'),(86,'deposit',9206.53,'2018-04-16 01:34:10'),(87,'Chair',6313.25,'2018-06-27 10:59:27'),(88,'United States of America',3721.58,'2018-07-09 08:09:16'),(89,'calculating',6348.34,'2018-05-11 00:25:31'),(90,'FTP',5150.84,'2018-08-28 20:46:34'),(91,'Investment Account',5143.10,'2018-07-05 19:04:06'),(92,'Decentralized',8956.50,'2018-08-21 18:34:36'),(93,'Infrastructure',9029.21,'2018-01-09 15:28:10'),(94,'Hong Kong',8866.26,'2018-08-17 02:55:37'),(95,'Bedfordshire',7659.63,'2018-06-06 00:36:57'),(96,'actuating',6208.61,'2018-11-01 18:43:39'),(97,'niches',9107.30,'2018-12-11 08:19:02'),(98,'invoice',4049.68,'2018-10-21 04:26:57'),(99,'unleash',8020.21,'2018-05-02 16:25:40'),(100,'navigating',659.34,'2018-10-30 20:32:44'),(101,'Bedfordshire',1391.75,'2018-06-22 05:15:21'),(102,'convergence',1928.59,'2018-10-17 00:42:04'),(103,'override',2756.88,'2018-01-13 20:07:15'),(104,'Games',9773.93,'2018-01-15 14:46:12'),(105,'Branding',9691.13,'2018-07-01 10:09:03'),(106,'redundant',2243.64,'2018-07-11 14:37:07'),(107,'end-to-end',5180.75,'2018-08-18 13:06:26'),(108,'magnetic',2844.38,'2018-06-09 02:40:49'),(109,'transparent',5594.19,'2018-11-21 16:58:14'),(110,'interface',5360.46,'2018-08-04 17:36:38'),(111,'compressing',6769.72,'2018-03-06 23:55:54'),(112,'Hawaii',4001.30,'2018-01-25 20:58:28'),(113,'Officer',1580.71,'2018-10-24 03:08:36'),(114,'concept',671.31,'2018-07-30 16:50:20'),(115,'circuit',4956.20,'2018-12-03 20:45:24'),(116,'encoding',4392.16,'2018-09-06 00:31:46'),(117,'overriding',3630.79,'2018-09-09 12:03:36'),(118,'compressing',2884.50,'2018-05-17 09:25:29'),(119,'indexing',9608.92,'2018-03-31 02:41:23'),(120,'Frozen',5647.10,'2018-06-27 07:08:44'),(121,'synthesize',9457.51,'2018-02-16 21:27:17'),(122,'Chief',3612.56,'2018-06-16 16:48:32'),(123,'Walks',3142.19,'2018-09-06 00:45:51'),(124,'User-centric',9097.26,'2018-06-05 11:34:26'),(125,'drive',4037.20,'2018-11-16 06:59:01'),(126,'Tasty Rubber Bacon',896.97,'2018-07-07 08:23:40'),(127,'holistic',2514.70,'2018-05-23 07:01:55'),(128,'Robust',8091.40,'2018-05-28 20:07:23'),(129,'Health',297.74,'2018-10-01 16:37:50'),(130,'SAS',7785.55,'2018-05-29 12:06:01'),(131,'CSS',9302.71,'2017-12-30 06:42:37'),(132,'Credit Card Account',957.78,'2018-07-22 11:14:38'),(133,'Garden',8987.36,'2018-04-05 04:22:03'),(134,'backing up',7131.37,'2018-12-12 00:29:56'),(135,'Hong Kong Dollar',8350.25,'2018-06-08 17:06:20'),(136,'secured line',9690.20,'2018-10-22 09:14:45'),(137,'payment',6157.56,'2018-02-25 09:20:07'),(138,'Oklahoma',7638.62,'2018-07-09 05:56:09'),(139,'Bedfordshire',958.52,'2018-06-02 10:55:16'),(140,'data-warehouse',9020.33,'2018-07-23 23:04:45'),(141,'Bedfordshire',6646.50,'2018-06-25 12:14:46'),(142,'Sleek Concrete Hat',2646.98,'2018-01-21 04:41:23'),(143,'Secured',4782.32,'2018-02-15 09:53:28'),(144,'Assistant',9160.70,'2018-10-11 22:22:01'),(145,'challenge',6230.29,'2018-07-26 07:25:48'),(146,'Run',5416.16,'2018-06-26 00:50:35'),(147,'Gorgeous',9381.84,'2018-07-27 14:10:33'),(148,'Zambia',6668.34,'2018-03-22 00:53:56'),(149,'capacity',298.51,'2018-01-14 04:34:51'),(150,'Balboa US Dollar',6843.74,'2018-07-23 06:07:43'),(151,'wireless',8077.34,'2018-03-07 07:36:10'),(152,'RAM',4736.20,'2018-11-06 01:09:04'),(153,'compelling',657.11,'2018-10-13 10:05:18'),(154,'River',9696.73,'2018-11-26 00:41:11'),(155,'flexibility',3811.69,'2018-10-10 12:17:21'),(156,'bypass',2938.60,'2018-11-25 01:15:26'),(157,'implement',486.28,'2018-04-11 17:20:16'),(158,'Djibouti',8306.30,'2018-04-11 17:25:36'),(159,'Auto Loan Account',1999.96,'2018-08-22 08:09:44'),(160,'next-generation',9527.18,'2018-10-08 17:38:40'),(161,'Steel',2575.86,'2018-05-24 12:10:50'),(162,'Associate',5564.29,'2018-04-16 18:43:09'),(163,'object-oriented',8787.30,'2018-01-08 16:43:49'),(164,'Personal Loan Account',3534.81,'2018-01-24 23:59:34'),(165,'invoice',4657.10,'2017-12-28 04:35:39'),(166,'Maine',986.86,'2018-07-10 05:05:57'),(167,'Analyst',8475.90,'2018-01-30 15:39:04'),(168,'Unions',716.83,'2018-02-21 08:11:12'),(169,'SSL',1209.86,'2018-08-09 04:23:28'),(170,'Dynamic',2217.38,'2018-03-02 14:40:29'),(171,'composite',938.11,'2018-06-21 22:51:53'),(172,'hack',899.44,'2018-06-23 14:00:08'),(173,'Awesome Fresh Gloves',681.35,'2018-01-13 08:14:23'),(174,'Jamaican Dollar',3006.56,'2018-09-02 23:23:59'),(175,'copying',965.86,'2018-01-08 12:15:49'),(176,'grow',9267.83,'2018-07-03 09:06:06'),(177,'copying',3707.41,'2018-07-20 12:55:32'),(178,'Oklahoma',2401.11,'2018-04-13 06:13:00'),(179,'Manat',9529.40,'2018-08-06 03:04:11'),(180,'navigating',8902.46,'2018-10-10 15:35:30'),(181,'lime',7709.50,'2018-04-26 14:27:35'),(182,'Function-based',9204.81,'2018-10-18 00:49:56'),(183,'Tennessee',2362.21,'2018-05-30 22:42:57'),(184,'Crossroad',9663.30,'2018-06-25 21:27:40'),(185,'Tunisia',3017.25,'2018-04-23 08:33:28'),(186,'Distributed',8352.88,'2018-06-23 21:19:25'),(187,'Brand',4110.11,'2018-04-10 05:35:24'),(188,'upward-trending',3222.20,'2018-07-22 18:29:23'),(189,'moderator',1582.12,'2018-05-12 00:15:05'),(190,'programming',908.18,'2018-11-23 22:06:51'),(191,'bandwidth',3718.20,'2018-04-09 23:26:07'),(192,'Chips',3231.97,'2018-09-03 13:55:38'),(193,'Administrator',9581.90,'2018-08-01 03:22:12'),(194,'infrastructure',943.52,'2018-01-15 01:48:42'),(195,'Manager',6147.18,'2018-04-01 19:06:11'),(196,'Health',1770.73,'2018-11-05 14:16:51'),(197,'Forward',2745.38,'2018-11-27 01:12:32'),(198,'Function-based',9171.10,'2018-12-15 21:42:27'),(199,'infrastructures',7510.58,'2017-12-24 04:14:44'),(200,'East Caribbean Dollar',4581.78,'2018-05-10 04:30:40'),(201,'Communications',9719.75,'2018-02-09 11:59:57'),(202,'Ergonomic Rubber Bacon',3581.93,'2018-07-02 21:36:45'),(203,'facilitate',7919.72,'2018-03-06 13:00:03'),(204,'program',7076.13,'2018-05-17 17:17:04'),(205,'withdrawal',8369.77,'2018-08-13 21:22:29'),(206,'Applications',8375.17,'2018-03-11 21:43:08'),(207,'Electronics',9528.96,'2018-08-06 22:20:31'),(208,'composite',9405.20,'2018-12-04 16:38:44'),(209,'bluetooth',5877.34,'2018-04-28 07:23:27'),(210,'Personal Loan Account',2449.12,'2018-06-10 05:35:08'),(211,'Cambridgeshire',813.60,'2018-03-04 15:08:55'),(212,'Auto Loan Account',5307.47,'2018-05-14 08:36:45'),(213,'Wooden',1259.42,'2018-04-26 08:27:19'),(214,'sky blue',4146.26,'2018-05-18 00:42:21'),(215,'turn-key',2386.89,'2018-06-08 23:37:54'),(216,'monitor',1660.86,'2018-03-11 19:35:53'),(217,'transmitter',7235.33,'2018-11-22 17:49:02'),(218,'olive',2344.70,'2018-04-04 15:19:48'),(219,'optical',9897.77,'2018-11-12 07:11:51'),(220,'index',9765.78,'2018-01-23 08:49:17'),(221,'Clothing',40.22,'2017-12-20 14:46:58'),(222,'synthesizing',5348.15,'2018-10-02 18:27:30'),(223,'index',9642.98,'2018-03-04 03:00:05'),(224,'Central',150.93,'2018-01-03 23:28:16'),(225,'Tasty Steel Bike',7218.57,'2018-12-13 05:17:55'),(226,'Dalasi',3294.94,'2018-05-24 14:52:08'),(227,'Sleek Wooden Towels',9614.88,'2018-02-13 04:20:30'),(228,'SAS',6536.67,'2018-06-29 16:38:37'),(229,'generating',5863.78,'2018-04-29 00:46:21'),(230,'value-added',3722.22,'2018-03-31 09:10:43'),(231,'wireless',4384.51,'2018-10-29 12:01:49'),(232,'context-sensitive',729.62,'2018-11-23 04:05:15'),(233,'transitional',5584.82,'2018-02-22 22:08:13'),(234,'deposit',7584.31,'2018-06-11 05:55:44'),(235,'Singapore',3314.99,'2018-10-06 18:30:36'),(236,'turn-key',6177.32,'2018-03-04 14:37:00'),(237,'Generic',2282.80,'2018-07-22 16:25:16'),(238,'1080p',5725.83,'2018-04-12 14:20:18'),(239,'Pre-emptive',5051.85,'2017-12-25 14:57:14'),(240,'challenge',3321.71,'2018-06-09 11:17:39'),(241,'Outdoors',8210.41,'2018-02-13 08:01:56'),(242,'Handmade',8146.68,'2018-03-03 18:06:21'),(243,'Auto Loan Account',8372.33,'2018-11-22 03:30:56'),(244,'networks',7358.14,'2018-09-26 23:28:58'),(245,'Music',2021.28,'2018-06-18 01:54:20'),(246,'Borders',6795.34,'2018-03-18 01:27:11'),(247,'Tasty',6640.53,'2018-07-02 08:25:09'),(248,'Investment Account',9255.12,'2018-02-20 00:05:54'),(249,'Crest',93.12,'2018-01-02 23:16:07'),(250,'Fords',254.35,'2018-02-01 11:22:14'),(251,'card',5448.25,'2018-06-20 17:41:04'),(252,'Auto Loan Account',2152.72,'2018-04-08 10:20:48'),(253,'Tasty',6308.76,'2018-01-10 18:38:36'),(254,'Synchronised',5541.15,'2018-02-01 05:43:56'),(255,'focus group',5493.31,'2018-11-16 13:49:31'),(256,'HTTP',9408.28,'2018-03-24 12:12:40'),(257,'quantify',834.78,'2018-04-09 07:25:54'),(258,'Orchestrator',2591.70,'2018-02-05 18:05:40'),(259,'open system',9310.63,'2018-09-08 02:35:35'),(260,'plum',9695.49,'2018-12-05 10:25:36'),(261,'orchid',4665.98,'2017-12-23 18:08:55'),(262,'Bosnia and Herzegovina',9887.94,'2018-09-04 19:10:05'),(263,'Centers',5184.53,'2018-02-21 13:36:03'),(264,'Quality',9704.16,'2018-06-23 06:54:39'),(265,'plum',4687.31,'2018-08-19 08:21:48'),(266,'Algerian Dinar',179.81,'2018-06-03 04:50:26'),(267,'Borders',2681.45,'2018-05-10 15:48:15'),(268,'New Mexico',5997.41,'2018-05-10 21:06:04'),(269,'deposit',7847.54,'2018-09-19 11:02:52'),(270,'generating',6396.82,'2018-12-15 07:16:19'),(271,'Grocery',5824.54,'2018-03-14 06:45:47'),(272,'Music',2673.13,'2018-12-07 03:33:49'),(273,'Configurable',8693.46,'2018-06-02 22:25:13'),(274,'Netherlands Antillian Guilder',114.33,'2018-07-18 06:52:43'),(275,'invoice',5017.57,'2018-08-06 20:26:57'),(276,'Intelligent',6179.64,'2018-06-10 03:25:15'),(277,'Ridges',262.15,'2018-07-31 08:28:34'),(278,'Rustic',13.36,'2018-06-07 12:09:55'),(279,'HTTP',9524.39,'2018-11-23 06:56:33'),(280,'Locks',7819.30,'2018-02-08 11:53:58'),(281,'convergence',7822.22,'2018-01-31 06:56:11'),(282,'Fresh',6424.13,'2018-04-03 05:51:22'),(283,'national',243.43,'2018-01-16 10:43:09'),(284,'analyzer',2903.83,'2018-04-14 08:03:10'),(285,'firewall',1670.40,'2018-11-28 18:31:56'),(286,'Unbranded Metal Salad',2363.83,'2018-04-16 16:26:00'),(287,'maximize',276.57,'2018-05-16 23:21:23'),(288,'quantifying',8375.73,'2018-10-15 21:36:26'),(289,'Pound Sterling',4999.38,'2018-07-18 13:19:08'),(290,'Refined Concrete Pants',7486.65,'2018-10-09 15:14:56'),(291,'Directives',2016.29,'2018-06-30 23:25:33'),(292,'maximize',4332.80,'2018-09-13 19:56:07'),(293,'Research',3022.80,'2018-10-26 12:04:24'),(294,'Saint Barthelemy',1556.81,'2018-08-08 10:03:16'),(295,'Personal Loan Account',4225.11,'2018-11-07 03:16:41'),(296,'Algeria',9731.72,'2018-04-04 06:48:09'),(297,'open-source',8596.61,'2018-11-27 21:27:51'),(298,'Soap',6345.25,'2018-09-23 06:05:58'),(299,'Fresh',2648.43,'2018-10-07 19:55:00'),(300,'Tennessee',3226.66,'2018-08-13 09:40:19');
/*!40000 ALTER TABLE `Przesylka` ENABLE KEYS */;
UNLOCK TABLES;

--
-- Table structure for table `PrzesylkaHasPozycjaWMagazynie`
--

DROP TABLE IF EXISTS `PrzesylkaHasPozycjaWMagazynie`;
/*!40101 SET @saved_cs_client     = @@character_set_client */;
/*!40101 SET character_set_client = utf8 */;
CREATE TABLE `PrzesylkaHasPozycjaWMagazynie` (
  `idPrzesylkaHasPozycjaWMagazynie` int(11) NOT NULL AUTO_INCREMENT,
  `przesylkaIdPrzesylka` int(11) NOT NULL,
  `pozycjaWMagazynieIdPozycja` int(11) NOT NULL,
  `ilosc` decimal(4,1) NOT NULL,
  PRIMARY KEY (`idPrzesylkaHasPozycjaWMagazynie`),
  UNIQUE KEY `idPrzesylkaHasPozycjaWMagazynie_UNIQUE` (`idPrzesylkaHasPozycjaWMagazynie`),
  KEY `fk_przesylka_has_pozycja_w_magazynie_materialow_pozycja_w_m_idx` (`pozycjaWMagazynieIdPozycja`),
  KEY `fk_przesylka_has_pozycja_w_magazynie_materialow_przesylka1_idx` (`przesylkaIdPrzesylka`),
  CONSTRAINT `fk_przesylka_has_pozycja_w_magazynie_materialow_pozycja_w_mag1` FOREIGN KEY (`pozycjaWMagazynieIdPozycja`) REFERENCES `PozycjaWMagazynie` (`idPozycja`) ON DELETE CASCADE ON UPDATE CASCADE,
  CONSTRAINT `fk_przesylka_has_pozycja_w_magazynie_materialow_przesylka1` FOREIGN KEY (`przesylkaIdPrzesylka`) REFERENCES `Przesylka` (`idPrzesylka`) ON DELETE CASCADE ON UPDATE CASCADE
) ENGINE=InnoDB AUTO_INCREMENT=301 DEFAULT CHARSET=utf8;
/*!40101 SET character_set_client = @saved_cs_client */;

--
-- Dumping data for table `PrzesylkaHasPozycjaWMagazynie`
--

LOCK TABLES `PrzesylkaHasPozycjaWMagazynie` WRITE;
/*!40000 ALTER TABLE `PrzesylkaHasPozycjaWMagazynie` DISABLE KEYS */;
INSERT INTO `PrzesylkaHasPozycjaWMagazynie` VALUES (1,1,1,85.4),(2,2,2,66.0),(3,3,3,84.2),(4,4,4,87.3),(5,5,5,52.7),(6,6,6,19.3),(7,7,7,71.2),(8,8,8,38.9),(9,9,9,94.6),(10,10,10,39.2),(11,11,11,42.4),(12,12,12,17.2),(13,13,13,80.9),(14,14,14,99.6),(15,15,15,82.8),(16,16,16,61.6),(17,17,17,73.0),(18,18,18,26.1),(19,19,19,80.2),(20,20,20,73.1),(21,21,21,85.3),(22,22,22,50.8),(23,23,23,83.4),(24,24,24,6.8),(25,25,25,2.3),(26,26,26,83.6),(27,27,27,57.6),(28,28,28,3.0),(29,29,29,35.7),(30,30,30,59.6),(31,31,31,7.3),(32,32,32,46.9),(33,33,33,34.7),(34,34,34,30.0),(35,35,35,17.8),(36,36,36,68.3),(37,37,37,11.7),(38,38,38,57.9),(39,39,39,72.8),(40,40,40,51.1),(41,41,41,43.3),(42,42,42,79.8),(43,43,43,49.4),(44,44,44,45.8),(45,45,45,98.5),(46,46,46,48.4),(47,47,47,29.2),(48,48,48,88.5),(49,49,49,87.1),(50,50,50,72.0),(51,51,51,54.4),(52,52,52,5.5),(53,53,53,4.2),(54,54,54,81.0),(55,55,55,88.6),(56,56,56,90.4),(57,57,57,0.3),(58,58,58,49.2),(59,59,59,18.1),(60,60,60,94.7),(61,61,61,89.5),(62,62,62,66.4),(63,63,63,33.4),(64,64,64,59.1),(65,65,65,89.3),(66,66,66,90.7),(67,67,67,7.2),(68,68,68,91.6),(69,69,69,26.5),(70,70,70,81.6),(71,71,71,22.6),(72,72,72,59.2),(73,73,73,86.8),(74,74,74,68.2),(75,75,75,79.9),(76,76,76,34.1),(77,77,77,45.2),(78,78,78,74.0),(79,79,79,62.2),(80,80,80,90.9),(81,81,81,67.0),(82,82,82,57.8),(83,83,83,48.2),(84,84,84,67.0),(85,85,85,17.7),(86,86,86,52.5),(87,87,87,14.4),(88,88,88,10.4),(89,89,89,14.2),(90,90,90,55.0),(91,91,91,1.7),(92,92,92,26.8),(93,93,93,12.2),(94,94,94,8.2),(95,95,95,51.7),(96,96,96,45.3),(97,97,97,7.7),(98,98,98,78.8),(99,99,99,30.7),(100,100,100,87.2),(101,101,101,33.0),(102,102,102,44.3),(103,103,103,36.5),(104,104,104,66.8),(105,105,105,34.0),(106,106,106,77.1),(107,107,107,96.7),(108,108,108,23.3),(109,109,109,50.0),(110,110,110,44.9),(111,111,111,14.8),(112,112,112,55.9),(113,113,113,45.7),(114,114,114,33.9),(115,115,115,0.2),(116,116,116,38.2),(117,117,117,90.3),(118,118,118,38.2),(119,119,119,52.0),(120,120,120,50.7),(121,121,121,82.0),(122,122,122,0.4),(123,123,123,30.2),(124,124,124,3.9),(125,125,125,18.6),(126,126,126,74.4),(127,127,127,49.5),(128,128,128,87.3),(129,129,129,34.1),(130,130,130,87.6),(131,131,131,34.7),(132,132,132,48.1),(133,133,133,96.9),(134,134,134,9.9),(135,135,135,1.8),(136,136,136,58.9),(137,137,137,24.0),(138,138,138,73.5),(139,139,139,3.4),(140,140,140,53.8),(141,141,141,22.3),(142,142,142,22.8),(143,143,143,18.7),(144,144,144,94.6),(145,145,145,95.3),(146,146,146,73.9),(147,147,147,93.5),(148,148,148,64.6),(149,149,149,37.5),(150,150,150,21.8),(151,151,151,7.9),(152,152,152,8.9),(153,153,153,64.3),(154,154,154,60.7),(155,155,155,54.2),(156,156,156,54.1),(157,157,157,2.9),(158,158,158,18.6),(159,159,159,82.5),(160,160,160,0.5),(161,161,161,51.2),(162,162,162,59.8),(163,163,163,47.3),(164,164,164,64.5),(165,165,165,57.9),(166,166,166,78.5),(167,167,167,99.9),(168,168,168,70.6),(169,169,169,50.5),(170,170,170,15.5),(171,171,171,92.6),(172,172,172,42.4),(173,173,173,29.8),(174,174,174,34.9),(175,175,175,50.5),(176,176,176,71.8),(177,177,177,90.9),(178,178,178,0.8),(179,179,179,54.8),(180,180,180,37.4),(181,181,181,70.6),(182,182,182,41.3),(183,183,183,26.6),(184,184,184,39.2),(185,185,185,79.3),(186,186,186,52.2),(187,187,187,88.2),(188,188,188,47.4),(189,189,189,37.4),(190,190,190,8.3),(191,191,191,80.8),(192,192,192,81.0),(193,193,193,24.9),(194,194,194,68.0),(195,195,195,38.4),(196,196,196,65.7),(197,197,197,83.8),(198,198,198,16.5),(199,199,199,20.9),(200,200,200,28.9),(201,201,201,50.8),(202,202,202,79.6),(203,203,203,68.3),(204,204,204,53.4),(205,205,205,79.1),(206,206,206,6.4),(207,207,207,5.7),(208,208,208,89.5),(209,209,209,27.8),(210,210,210,33.6),(211,211,211,70.5),(212,212,212,14.3),(213,213,213,46.0),(214,214,214,61.1),(215,215,215,65.5),(216,216,216,72.4),(217,217,217,93.7),(218,218,218,19.6),(219,219,219,50.5),(220,220,220,65.4),(221,221,221,28.3),(222,222,222,92.5),(223,223,223,9.5),(224,224,224,55.2),(225,225,225,36.9),(226,226,226,54.7),(227,227,227,92.2),(228,228,228,98.9),(229,229,229,38.0),(230,230,230,1.2),(231,231,231,49.4),(232,232,232,96.2),(233,233,233,36.5),(234,234,234,97.2),(235,235,235,82.1),(236,236,236,73.5),(237,237,237,23.6),(238,238,238,51.8),(239,239,239,6.9),(240,240,240,83.1),(241,241,241,90.6),(242,242,242,22.6),(243,243,243,61.2),(244,244,244,21.6),(245,245,245,53.5),(246,246,246,14.2),(247,247,247,97.6),(248,248,248,34.9),(249,249,249,44.0),(250,250,250,94.8),(251,251,251,70.0),(252,252,252,4.4),(253,253,253,99.8),(254,254,254,88.0),(255,255,255,45.5),(256,256,256,53.9),(257,257,257,54.7),(258,258,258,22.4),(259,259,259,88.7),(260,260,260,26.3),(261,261,261,91.2),(262,262,262,90.6),(263,263,263,21.9),(264,264,264,73.2),(265,265,265,1.5),(266,266,266,1.7),(267,267,267,66.1),(268,268,268,91.3),(269,269,269,69.5),(270,270,270,26.6),(271,271,271,29.1),(272,272,272,21.4),(273,273,273,77.3),(274,274,274,65.9),(275,275,275,44.6),(276,276,276,69.8),(277,277,277,84.4),(278,278,278,61.0),(279,279,279,50.3),(280,280,280,62.4),(281,281,281,69.7),(282,282,282,39.5),(283,283,283,20.8),(284,284,284,7.1),(285,285,285,3.2),(286,286,286,68.6),(287,287,287,7.8),(288,288,288,96.8),(289,289,289,31.2),(290,290,290,60.7),(291,291,291,94.8),(292,292,292,89.9),(293,293,293,1.3),(294,294,294,55.2),(295,295,295,92.7),(296,296,296,11.4),(297,297,297,8.5),(298,298,298,21.5),(299,299,299,6.1),(300,300,300,5.4);
/*!40000 ALTER TABLE `PrzesylkaHasPozycjaWMagazynie` ENABLE KEYS */;
UNLOCK TABLES;

--
-- Table structure for table `Raporty`
--

DROP TABLE IF EXISTS `Raporty`;
/*!40101 SET @saved_cs_client     = @@character_set_client */;
/*!40101 SET character_set_client = utf8 */;
CREATE TABLE `Raporty` (
  `idRaport` int(11) NOT NULL AUTO_INCREMENT,
  `nazwa` varchar(45) NOT NULL,
  `eDokument` mediumtext NOT NULL,
  `dataUtworzenia` datetime NOT NULL,
  PRIMARY KEY (`idRaport`),
  UNIQUE KEY `idRaport_UNIQUE` (`idRaport`)
) ENGINE=InnoDB AUTO_INCREMENT=301 DEFAULT CHARSET=utf8;
/*!40101 SET character_set_client = @saved_cs_client */;

--
-- Dumping data for table `Raporty`
--

LOCK TABLES `Raporty` WRITE;
/*!40000 ALTER TABLE `Raporty` DISABLE KEYS */;
INSERT INTO `Raporty` VALUES (1,'Square',_binary 'web/documents/raports/Bahraini Dinar.pdf','2018-09-04 05:05:38'),(2,'mobile',_binary 'web/documents/raports/Money Market Account.pdf','2018-12-14 16:07:49'),(3,'index',_binary 'web/documents/raports/Division.pdf','2018-02-01 22:51:15'),(4,'Regional',_binary 'web/documents/raports/models.pdf','2018-11-08 16:08:42'),(5,'quantify',_binary 'web/documents/raports/open system.pdf','2018-04-12 08:47:11'),(6,'Regional',_binary 'web/documents/raports/Soft.pdf','2018-08-15 01:37:15'),(7,'Samoa',_binary 'web/documents/raports/Steel.pdf','2018-03-08 08:50:08'),(8,'generate',_binary 'web/documents/raports/Plastic.pdf','2018-06-12 15:37:39'),(9,'Salad',_binary 'web/documents/raports/Handcrafted Rubber Bacon.pdf','2018-01-16 10:03:00'),(10,'Rustic Frozen Chicken',_binary 'web/documents/raports/Springs.pdf','2018-04-03 09:27:12'),(11,'Car',_binary 'web/documents/raports/e-services.pdf','2018-05-11 23:06:14'),(12,'Quality-focused',_binary 'web/documents/raports/Avon.pdf','2018-02-06 14:06:57'),(13,'dynamic',_binary 'web/documents/raports/Home Loan Account.pdf','2018-10-09 18:17:23'),(14,'teal',_binary 'web/documents/raports/communities.pdf','2018-10-17 19:17:56'),(15,'Reverse-engineered',_binary 'web/documents/raports/Personal Loan Account.pdf','2018-04-14 21:16:54'),(16,'extend',_binary 'web/documents/raports/action-items.pdf','2018-08-30 07:21:42'),(17,'Handcrafted',_binary 'web/documents/raports/action-items.pdf','2017-12-29 15:13:19'),(18,'olive',_binary 'web/documents/raports/mission-critical.pdf','2018-10-28 12:44:28'),(19,'Bacon',_binary 'web/documents/raports/Electronics.pdf','2018-04-15 19:53:30'),(20,'Handcrafted',_binary 'web/documents/raports/Unions.pdf','2018-08-29 19:13:49'),(21,'Ergonomic Soft Mouse',_binary 'web/documents/raports/Grass-roots.pdf','2018-01-08 11:38:51'),(22,'Investor',_binary 'web/documents/raports/Enterprise-wide.pdf','2018-05-16 22:04:38'),(23,'card',_binary 'web/documents/raports/Plastic.pdf','2018-12-16 05:21:15'),(24,'Trafficway',_binary 'web/documents/raports/Licensed Frozen Ball.pdf','2018-05-14 13:11:09'),(25,'Egyptian Pound',_binary 'web/documents/raports/Tajikistan.pdf','2018-07-18 15:44:29'),(26,'disintermediate',_binary 'web/documents/raports/copying.pdf','2018-07-19 09:09:10'),(27,'seamless',_binary 'web/documents/raports/Automated.pdf','2018-06-15 07:39:42'),(28,'Intelligent',_binary 'web/documents/raports/Cuban Peso Peso Convertible.pdf','2018-11-19 19:54:54'),(29,'maximize',_binary 'web/documents/raports/innovate.pdf','2018-09-07 10:58:14'),(30,'invoice',_binary 'web/documents/raports/Handcrafted Fresh Towels.pdf','2018-12-05 06:35:41'),(31,'Oregon',_binary 'web/documents/raports/system engine.pdf','2018-06-11 18:47:52'),(32,'Bulgarian Lev',_binary 'web/documents/raports/Realigned.pdf','2018-04-24 11:13:50'),(33,'optical',_binary 'web/documents/raports/Oregon.pdf','2018-07-26 17:57:35'),(34,'systemic',_binary 'web/documents/raports/Applications.pdf','2018-10-13 16:59:49'),(35,'Cuban Peso Peso Convertible',_binary 'web/documents/raports/El Salvador Colon US Dollar.pdf','2018-07-10 04:10:51'),(36,'empower',_binary 'web/documents/raports/robust.pdf','2018-08-28 01:39:51'),(37,'Senior',_binary 'web/documents/raports/Kansas.pdf','2018-04-16 00:54:44'),(38,'deposit',_binary 'web/documents/raports/Delaware.pdf','2018-01-14 09:26:28'),(39,'users',_binary 'web/documents/raports/Games.pdf','2018-01-11 03:49:32'),(40,'budgetary management',_binary 'web/documents/raports/Cordoba Oro.pdf','2018-10-04 18:21:30'),(41,'Developer',_binary 'web/documents/raports/Infrastructure.pdf','2018-11-17 22:02:53'),(42,'Intelligent Fresh Fish',_binary 'web/documents/raports/Kids.pdf','2018-07-22 21:04:50'),(43,'XSS',_binary 'web/documents/raports/circuit.pdf','2018-12-14 20:56:04'),(44,'Personal Loan Account',_binary 'web/documents/raports/transmitting.pdf','2018-09-03 08:15:12'),(45,'Avon',_binary 'web/documents/raports/Tools.pdf','2018-05-30 10:25:40'),(46,'Operative',_binary 'web/documents/raports/Minnesota.pdf','2018-12-15 15:50:42'),(47,'solution',_binary 'web/documents/raports/Fantastic.pdf','2018-11-18 07:46:23'),(48,'solid state',_binary 'web/documents/raports/Vermont.pdf','2018-04-08 00:20:26'),(49,'Incredible Frozen Towels',_binary 'web/documents/raports/Pre-emptive.pdf','2018-07-07 00:32:49'),(50,'Home Loan Account',_binary 'web/documents/raports/Unbranded Soft Keyboard.pdf','2018-08-09 19:54:40'),(51,'coherent',_binary 'web/documents/raports/bluetooth.pdf','2018-02-06 08:53:34'),(52,'Illinois',_binary 'web/documents/raports/synthesize.pdf','2018-10-03 01:52:13'),(53,'CSS',_binary 'web/documents/raports/National.pdf','2018-04-30 08:57:15'),(54,'Data',_binary 'web/documents/raports/Investment Account.pdf','2018-09-19 09:28:12'),(55,'Washington',_binary 'web/documents/raports/24/7.pdf','2018-03-18 09:22:48'),(56,'Handcrafted',_binary 'web/documents/raports/solution-oriented.pdf','2018-09-12 02:05:04'),(57,'Hat',_binary 'web/documents/raports/Michigan.pdf','2018-02-19 15:09:21'),(58,'Open-source',_binary 'web/documents/raports/process improvement.pdf','2018-08-14 17:44:30'),(59,'user-centric',_binary 'web/documents/raports/vortals.pdf','2018-09-22 02:42:58'),(60,'Fantastic Frozen Cheese',_binary 'web/documents/raports/challenge.pdf','2018-09-30 03:21:20'),(61,'Savings Account',_binary 'web/documents/raports/firewall.pdf','2018-03-11 11:14:03'),(62,'Chips',_binary 'web/documents/raports/Specialist.pdf','2018-07-10 19:44:20'),(63,'Mandatory',_binary 'web/documents/raports/innovative.pdf','2018-10-15 09:44:14'),(64,'initiatives',_binary 'web/documents/raports/Lek.pdf','2018-03-16 07:11:49'),(65,'functionalities',_binary 'web/documents/raports/Licensed.pdf','2018-06-26 13:41:01'),(66,'connecting',_binary 'web/documents/raports/Practical.pdf','2018-03-01 16:08:31'),(67,'Intelligent',_binary 'web/documents/raports/virtual.pdf','2018-01-23 16:58:25'),(68,'deploy',_binary 'web/documents/raports/copying.pdf','2018-08-01 06:22:22'),(69,'Philippine Peso',_binary 'web/documents/raports/Future.pdf','2018-03-06 18:34:38'),(70,'Credit Card Account',_binary 'web/documents/raports/program.pdf','2018-04-18 20:59:48'),(71,'Gorgeous',_binary 'web/documents/raports/orchid.pdf','2018-01-12 05:44:50'),(72,'pixel',_binary 'web/documents/raports/Texas.pdf','2018-05-10 07:33:14'),(73,'Keyboard',_binary 'web/documents/raports/dynamic.pdf','2018-03-12 09:42:18'),(74,'Refined Plastic Chair',_binary 'web/documents/raports/Soft.pdf','2018-11-30 09:54:27'),(75,'Antarctica (the territory South of 60 deg S)',_binary 'web/documents/raports/solutions.pdf','2018-01-02 09:27:24'),(76,'channels',_binary 'web/documents/raports/Computer.pdf','2018-04-25 01:13:54'),(77,'Personal Loan Account',_binary 'web/documents/raports/Cotton.pdf','2018-11-29 04:49:39'),(78,'Unbranded Rubber Salad',_binary 'web/documents/raports/Cambridgeshire.pdf','2018-02-05 09:46:29'),(79,'Pennsylvania',_binary 'web/documents/raports/magnetic.pdf','2018-03-22 17:10:23'),(80,'monitoring',_binary 'web/documents/raports/Refined Rubber Tuna.pdf','2018-07-31 10:13:19'),(81,'Zambian Kwacha',_binary 'web/documents/raports/Tenge.pdf','2018-10-06 14:34:06'),(82,'world-class',_binary 'web/documents/raports/Reactive.pdf','2018-02-27 10:43:43'),(83,'Optimization',_binary 'web/documents/raports/Junction.pdf','2018-01-09 23:30:07'),(84,'calculate',_binary 'web/documents/raports/District.pdf','2018-10-22 06:43:18'),(85,'Handmade',_binary 'web/documents/raports/Berkshire.pdf','2017-12-25 13:38:38'),(86,'Tasty',_binary 'web/documents/raports/invoice.pdf','2018-01-28 22:09:33'),(87,'payment',_binary 'web/documents/raports/Keyboard.pdf','2018-07-08 01:55:53'),(88,'Small',_binary 'web/documents/raports/bus.pdf','2018-02-16 17:51:15'),(89,'generate',_binary 'web/documents/raports/COM.pdf','2018-05-14 02:00:44'),(90,'deposit',_binary 'web/documents/raports/Auto Loan Account.pdf','2018-02-11 02:16:51'),(91,'Money Market Account',_binary 'web/documents/raports/card.pdf','2018-08-07 13:40:15'),(92,'Nebraska',_binary 'web/documents/raports/Corporate.pdf','2018-08-26 15:23:07'),(93,'one-to-one',_binary 'web/documents/raports/National.pdf','2017-12-22 10:25:11'),(94,'Music',_binary 'web/documents/raports/National.pdf','2018-07-13 22:57:57'),(95,'Louisiana',_binary 'web/documents/raports/mobile.pdf','2017-12-31 12:24:49'),(96,'Tasty Metal Hat',_binary 'web/documents/raports/wireless.pdf','2018-02-16 08:06:41'),(97,'Steel',_binary 'web/documents/raports/Outdoors.pdf','2018-12-14 02:56:50'),(98,'multi-byte',_binary 'web/documents/raports/Gloves.pdf','2018-12-10 07:06:17'),(99,'lavender',_binary 'web/documents/raports/grey.pdf','2018-11-26 01:56:41'),(100,'Avon',_binary 'web/documents/raports/platforms.pdf','2018-03-10 19:24:18'),(101,'Front-line',_binary 'web/documents/raports/program.pdf','2018-04-08 11:24:46'),(102,'Practical Fresh Hat',_binary 'web/documents/raports/Identity.pdf','2018-11-25 00:11:10'),(103,'parsing',_binary 'web/documents/raports/withdrawal.pdf','2018-03-11 16:08:27'),(104,'Director',_binary 'web/documents/raports/New Mexico.pdf','2018-05-30 16:25:01'),(105,'Via',_binary 'web/documents/raports/synthesizing.pdf','2018-05-03 08:51:02'),(106,'Steel',_binary 'web/documents/raports/forecast.pdf','2018-12-03 02:50:53'),(107,'Re-engineered',_binary 'web/documents/raports/quantifying.pdf','2018-07-02 01:35:50'),(108,'paradigm',_binary 'web/documents/raports/Customer.pdf','2018-12-11 06:00:53'),(109,'back up',_binary 'web/documents/raports/Handcrafted Cotton Hat.pdf','2018-05-25 07:19:25'),(110,'connecting',_binary 'web/documents/raports/withdrawal.pdf','2018-03-23 20:40:13'),(111,'Function-based',_binary 'web/documents/raports/front-end.pdf','2018-10-25 10:03:14'),(112,'Paradigm',_binary 'web/documents/raports/Computers.pdf','2018-09-02 22:57:05'),(113,'bluetooth',_binary 'web/documents/raports/initiatives.pdf','2018-08-31 12:22:07'),(114,'withdrawal',_binary 'web/documents/raports/transmitting.pdf','2018-05-26 11:12:24'),(115,'Agent',_binary 'web/documents/raports/navigating.pdf','2018-10-03 07:15:38'),(116,'modular',_binary 'web/documents/raports/Brunei Darussalam.pdf','2018-03-17 03:04:58'),(117,'Granite',_binary 'web/documents/raports/Vermont.pdf','2018-08-11 18:25:26'),(118,'Cotton',_binary 'web/documents/raports/hub.pdf','2018-05-12 21:00:51'),(119,'invoice',_binary 'web/documents/raports/Internal.pdf','2018-02-17 18:44:47'),(120,'Legacy',_binary 'web/documents/raports/Incredible.pdf','2018-01-11 23:09:23'),(121,'Multi-tiered',_binary 'web/documents/raports/policy.pdf','2018-09-30 14:31:13'),(122,'Bahamas',_binary 'web/documents/raports/Facilitator.pdf','2018-06-12 22:24:41'),(123,'Universal',_binary 'web/documents/raports/California.pdf','2018-08-20 04:47:17'),(124,'Intelligent Frozen Cheese',_binary 'web/documents/raports/solution-oriented.pdf','2018-10-03 06:49:30'),(125,'exploit',_binary 'web/documents/raports/Coordinator.pdf','2018-01-08 17:38:08'),(126,'end-to-end',_binary 'web/documents/raports/feed.pdf','2018-07-31 16:57:52'),(127,'transitional',_binary 'web/documents/raports/Tactics.pdf','2018-01-19 08:07:11'),(128,'Associate',_binary 'web/documents/raports/budgetary management.pdf','2018-11-21 17:19:25'),(129,'Congo',_binary 'web/documents/raports/Aruba.pdf','2018-04-04 20:46:45'),(130,'methodology',_binary 'web/documents/raports/Program.pdf','2018-10-31 20:19:04'),(131,'Ergonomic',_binary 'web/documents/raports/invoice.pdf','2018-04-19 07:53:25'),(132,'Dam',_binary 'web/documents/raports/deposit.pdf','2018-08-21 01:47:35'),(133,'navigate',_binary 'web/documents/raports/Maryland.pdf','2018-10-28 19:33:36'),(134,'Response',_binary 'web/documents/raports/Guatemala.pdf','2018-02-07 20:04:46'),(135,'synthesizing',_binary 'web/documents/raports/Savings Account.pdf','2018-04-25 09:29:33'),(136,'tertiary',_binary 'web/documents/raports/invoice.pdf','2018-09-16 18:59:01'),(137,'recontextualize',_binary 'web/documents/raports/deposit.pdf','2018-04-16 15:40:59'),(138,'Money Market Account',_binary 'web/documents/raports/synthesizing.pdf','2018-06-03 00:50:58'),(139,'Greenland',_binary 'web/documents/raports/Global.pdf','2018-05-16 14:45:09'),(140,'bleeding-edge',_binary 'web/documents/raports/Salad.pdf','2018-02-09 15:41:38'),(141,'invoice',_binary 'web/documents/raports/New Caledonia.pdf','2018-10-16 12:19:39'),(142,'systemic',_binary 'web/documents/raports/Tuvalu.pdf','2018-10-29 13:50:24'),(143,'open-source',_binary 'web/documents/raports/interface.pdf','2018-03-30 01:53:32'),(144,'deposit',_binary 'web/documents/raports/indigo.pdf','2018-10-02 12:16:01'),(145,'mobile',_binary 'web/documents/raports/payment.pdf','2018-07-18 06:42:51'),(146,'deposit',_binary 'web/documents/raports/Liberian Dollar.pdf','2018-06-24 17:26:34'),(147,'panel',_binary 'web/documents/raports/back up.pdf','2018-04-28 03:47:23'),(148,'XML',_binary 'web/documents/raports/solution-oriented.pdf','2017-12-23 19:09:21'),(149,'quantifying',_binary 'web/documents/raports/exuding.pdf','2018-10-30 09:55:00'),(150,'generating',_binary 'web/documents/raports/Refined.pdf','2018-09-12 04:12:25'),(151,'Auto Loan Account',_binary 'web/documents/raports/Designer.pdf','2018-11-17 11:25:52'),(152,'applications',_binary 'web/documents/raports/Forges.pdf','2018-10-22 12:22:53'),(153,'input',_binary 'web/documents/raports/24/7.pdf','2017-12-22 10:56:44'),(154,'synthesizing',_binary 'web/documents/raports/Borders.pdf','2018-02-03 08:51:14'),(155,'alarm',_binary 'web/documents/raports/De-engineered.pdf','2018-07-04 22:03:35'),(156,'Liaison',_binary 'web/documents/raports/Home Loan Account.pdf','2018-10-07 07:44:19'),(157,'payment',_binary 'web/documents/raports/Accountability.pdf','2018-04-26 16:00:11'),(158,'maroon',_binary 'web/documents/raports/Inlet.pdf','2018-03-01 00:14:29'),(159,'Orchestrator',_binary 'web/documents/raports/transitional.pdf','2018-08-02 20:17:06'),(160,'Baht',_binary 'web/documents/raports/Beauty.pdf','2018-10-18 10:49:23'),(161,'back-end',_binary 'web/documents/raports/Concrete.pdf','2018-01-12 13:04:01'),(162,'JSON',_binary 'web/documents/raports/Dynamic.pdf','2018-06-14 04:41:36'),(163,'Riel',_binary 'web/documents/raports/blue.pdf','2018-11-29 06:21:41'),(164,'Mouse',_binary 'web/documents/raports/wireless.pdf','2018-07-12 21:06:45'),(165,'fault-tolerant',_binary 'web/documents/raports/salmon.pdf','2018-06-24 22:20:32'),(166,'Expanded',_binary 'web/documents/raports/indexing.pdf','2018-12-11 09:11:36'),(167,'Applications',_binary 'web/documents/raports/infomediaries.pdf','2018-08-24 03:57:42'),(168,'primary',_binary 'web/documents/raports/Samoa.pdf','2018-02-15 17:59:35'),(169,'Kansas',_binary 'web/documents/raports/Assistant.pdf','2017-12-30 06:56:37'),(170,'Innovative',_binary 'web/documents/raports/Sleek.pdf','2018-01-11 00:26:21'),(171,'invoice',_binary 'web/documents/raports/synthesize.pdf','2018-10-06 13:41:41'),(172,'International',_binary 'web/documents/raports/deposit.pdf','2018-11-08 10:21:55'),(173,'Nebraska',_binary 'web/documents/raports/Cheese.pdf','2018-03-21 04:56:45'),(174,'mobile',_binary 'web/documents/raports/Car.pdf','2018-07-23 12:50:46'),(175,'Infrastructure',_binary 'web/documents/raports/Avon.pdf','2018-03-10 21:17:14'),(176,'Pizza',_binary 'web/documents/raports/Borders.pdf','2018-01-04 19:25:12'),(177,'revolutionize',_binary 'web/documents/raports/strategize.pdf','2018-11-01 04:56:30'),(178,'robust',_binary 'web/documents/raports/Executive.pdf','2018-03-30 02:18:50'),(179,'application',_binary 'web/documents/raports/Investment Account.pdf','2018-11-27 12:23:23'),(180,'mobile',_binary 'web/documents/raports/Metical.pdf','2018-12-17 02:41:00'),(181,'Iceland',_binary 'web/documents/raports/Refined Concrete Hat.pdf','2018-09-03 05:21:47'),(182,'Engineer',_binary 'web/documents/raports/Silver.pdf','2018-08-12 09:12:27'),(183,'auxiliary',_binary 'web/documents/raports/Iran.pdf','2018-11-09 05:29:24'),(184,'Fundamental',_binary 'web/documents/raports/Guyana Dollar.pdf','2018-05-30 04:25:23'),(185,'Auto Loan Account',_binary 'web/documents/raports/Frozen.pdf','2018-09-11 14:53:24'),(186,'Neck',_binary 'web/documents/raports/Directives.pdf','2018-05-14 02:53:02'),(187,'payment',_binary 'web/documents/raports/quantifying.pdf','2018-02-17 02:12:29'),(188,'COM',_binary 'web/documents/raports/grey.pdf','2018-10-10 18:10:29'),(189,'Self-enabling',_binary 'web/documents/raports/Tasty Cotton Shirt.pdf','2018-11-19 07:06:07'),(190,'deposit',_binary 'web/documents/raports/transmitting.pdf','2018-07-27 02:48:53'),(191,'Rubber',_binary 'web/documents/raports/Mayotte.pdf','2018-12-18 17:58:12'),(192,'AGP',_binary 'web/documents/raports/matrix.pdf','2018-06-02 20:52:51'),(193,'Brazilian Real',_binary 'web/documents/raports/local area network.pdf','2018-11-09 00:39:11'),(194,'matrix',_binary 'web/documents/raports/database.pdf','2018-11-14 20:51:17'),(195,'zero tolerance',_binary 'web/documents/raports/Credit Card Account.pdf','2018-11-17 22:24:34'),(196,'Expressway',_binary 'web/documents/raports/Metrics.pdf','2018-11-18 18:12:33'),(197,'collaboration',_binary 'web/documents/raports/Dynamic.pdf','2018-04-25 12:51:47'),(198,'Zambia',_binary 'web/documents/raports/Avon.pdf','2017-12-25 00:56:02'),(199,'Checking Account',_binary 'web/documents/raports/Wooden.pdf','2018-03-24 01:58:47'),(200,'EXE',_binary 'web/documents/raports/Cross-platform.pdf','2018-05-19 02:16:49'),(201,'calculate',_binary 'web/documents/raports/plum.pdf','2018-01-15 13:23:50'),(202,'Hollow',_binary 'web/documents/raports/Soft.pdf','2018-09-05 03:13:39'),(203,'New Jersey',_binary 'web/documents/raports/Shoes.pdf','2018-06-26 04:10:13'),(204,'XSS',_binary 'web/documents/raports/Investment Account.pdf','2018-05-22 00:06:54'),(205,'Tanzania',_binary 'web/documents/raports/primary.pdf','2018-06-10 17:23:10'),(206,'Utah',_binary 'web/documents/raports/Cambridgeshire.pdf','2017-12-29 18:49:32'),(207,'Home Loan Account',_binary 'web/documents/raports/1080p.pdf','2018-10-23 22:07:55'),(208,'Factors',_binary 'web/documents/raports/Games.pdf','2018-11-06 22:44:20'),(209,'applications',_binary 'web/documents/raports/Bolivar Fuerte.pdf','2018-02-11 14:39:46'),(210,'Personal Loan Account',_binary 'web/documents/raports/Savings Account.pdf','2018-02-14 11:48:38'),(211,'Principal',_binary 'web/documents/raports/hard drive.pdf','2018-01-30 12:58:12'),(212,'Wooden',_binary 'web/documents/raports/virtual.pdf','2018-09-29 13:01:29'),(213,'turquoise',_binary 'web/documents/raports/Jewelery.pdf','2018-08-23 09:46:48'),(214,'redundant',_binary 'web/documents/raports/Afghanistan.pdf','2018-07-01 04:32:16'),(215,'Borders',_binary 'web/documents/raports/override.pdf','2018-11-02 09:22:09'),(216,'transparent',_binary 'web/documents/raports/Washington.pdf','2018-01-20 02:28:59'),(217,'Kentucky',_binary 'web/documents/raports/Fantastic Concrete Shoes.pdf','2017-12-27 00:07:19'),(218,'indexing',_binary 'web/documents/raports/3rd generation.pdf','2018-10-02 05:41:23'),(219,'indexing',_binary 'web/documents/raports/implement.pdf','2017-12-24 04:25:02'),(220,'redundant',_binary 'web/documents/raports/South Carolina.pdf','2018-09-15 22:07:31'),(221,'Seamless',_binary 'web/documents/raports/Investment Account.pdf','2018-01-09 01:05:13'),(222,'quantifying',_binary 'web/documents/raports/teal.pdf','2018-04-21 02:05:17'),(223,'Organized',_binary 'web/documents/raports/Keyboard.pdf','2018-06-24 07:56:47'),(224,'Gloves',_binary 'web/documents/raports/International.pdf','2018-05-20 08:08:35'),(225,'navigate',_binary 'web/documents/raports/Kids.pdf','2018-05-22 22:09:58'),(226,'Georgia',_binary 'web/documents/raports/Berkshire.pdf','2018-05-13 19:41:05'),(227,'ivory',_binary 'web/documents/raports/Outdoors.pdf','2018-05-07 05:25:00'),(228,'open architecture',_binary 'web/documents/raports/Industrial.pdf','2018-09-15 13:43:51'),(229,'payment',_binary 'web/documents/raports/SMTP.pdf','2018-02-15 14:26:53'),(230,'Refined',_binary 'web/documents/raports/capacitor.pdf','2018-02-10 17:44:40'),(231,'Engineer',_binary 'web/documents/raports/feed.pdf','2018-07-29 16:51:50'),(232,'Gorgeous Cotton Car',_binary 'web/documents/raports/Baby.pdf','2018-01-04 22:08:55'),(233,'viral',_binary 'web/documents/raports/seize.pdf','2018-08-28 16:39:23'),(234,'Egyptian Pound',_binary 'web/documents/raports/Manager.pdf','2018-02-09 07:31:06'),(235,'Handmade',_binary 'web/documents/raports/Garden.pdf','2018-01-06 21:01:06'),(236,'HDD',_binary 'web/documents/raports/mobile.pdf','2018-08-05 16:04:33'),(237,'parsing',_binary 'web/documents/raports/algorithm.pdf','2018-07-16 17:30:59'),(238,'Team-oriented',_binary 'web/documents/raports/analyzer.pdf','2018-03-11 13:26:16'),(239,'payment',_binary 'web/documents/raports/synthesizing.pdf','2018-11-03 06:17:05'),(240,'Kentucky',_binary 'web/documents/raports/Bacon.pdf','2018-05-15 06:43:12'),(241,'Connecticut',_binary 'web/documents/raports/Representative.pdf','2018-05-14 10:24:36'),(242,'encompassing',_binary 'web/documents/raports/New Zealand.pdf','2018-11-21 17:54:28'),(243,'Belize',_binary 'web/documents/raports/collaborative.pdf','2018-01-21 14:54:06'),(244,'IB',_binary 'web/documents/raports/Crossing.pdf','2018-05-24 03:21:46'),(245,'Configuration',_binary 'web/documents/raports/24/7.pdf','2018-09-19 16:34:31'),(246,'Fantastic Steel Hat',_binary 'web/documents/raports/Mobility.pdf','2018-01-30 14:23:00'),(247,'indexing',_binary 'web/documents/raports/Regional.pdf','2018-05-01 00:49:22'),(248,'Investment Account',_binary 'web/documents/raports/pixel.pdf','2018-04-08 20:29:39'),(249,'Flats',_binary 'web/documents/raports/architectures.pdf','2018-01-15 23:27:41'),(250,'Quality',_binary 'web/documents/raports/Turkmenistan.pdf','2018-06-14 12:20:51'),(251,'Future',_binary 'web/documents/raports/Investment Account.pdf','2017-12-26 12:05:39'),(252,'withdrawal',_binary 'web/documents/raports/International.pdf','2018-11-29 00:38:37'),(253,'copying',_binary 'web/documents/raports/Wooden.pdf','2018-06-18 21:25:40'),(254,'Switchable',_binary 'web/documents/raports/Executive.pdf','2018-05-29 02:11:14'),(255,'Identity',_binary 'web/documents/raports/Table.pdf','2017-12-31 17:51:04'),(256,'paradigms',_binary 'web/documents/raports/HTTP.pdf','2018-09-24 12:41:39'),(257,'Tonga',_binary 'web/documents/raports/local.pdf','2018-11-09 14:49:36'),(258,'Tunisian Dinar',_binary 'web/documents/raports/24/365.pdf','2018-11-14 02:37:00'),(259,'Internal',_binary 'web/documents/raports/Handmade Granite Chips.pdf','2018-05-01 19:14:40'),(260,'lavender',_binary 'web/documents/raports/navigating.pdf','2018-07-20 18:20:16'),(261,'Borders',_binary 'web/documents/raports/Chips.pdf','2018-05-14 20:13:13'),(262,'Future',_binary 'web/documents/raports/Auto Loan Account.pdf','2018-01-13 07:31:03'),(263,'Run',_binary 'web/documents/raports/Granite.pdf','2018-12-12 06:41:19'),(264,'invoice',_binary 'web/documents/raports/Forward.pdf','2018-08-10 17:53:29'),(265,'B2C',_binary 'web/documents/raports/standardization.pdf','2018-08-20 17:25:59'),(266,'payment',_binary 'web/documents/raports/convergence.pdf','2018-03-23 12:48:24'),(267,'Lempira',_binary 'web/documents/raports/wireless.pdf','2018-05-31 14:40:56'),(268,'Awesome Wooden Ball',_binary 'web/documents/raports/HTTP.pdf','2018-01-07 00:21:34'),(269,'Keyboard',_binary 'web/documents/raports/Saint Helena Pound.pdf','2018-06-30 21:22:17'),(270,'Rustic',_binary 'web/documents/raports/Peso Uruguayo Uruguay Peso en Unidades Indexadas.pdf','2018-06-06 11:42:55'),(271,'Berkshire',_binary 'web/documents/raports/Codes specifically reserved for testing purposes.pdf','2017-12-23 21:28:56'),(272,'Jewelery',_binary 'web/documents/raports/Manor.pdf','2018-07-16 13:09:38'),(273,'Shoes',_binary 'web/documents/raports/dynamic.pdf','2018-02-20 21:22:49'),(274,'Plastic',_binary 'web/documents/raports/Paraguay.pdf','2018-08-04 14:12:31'),(275,'integrate',_binary 'web/documents/raports/Toys.pdf','2018-09-03 22:23:14'),(276,'Sleek Steel Hat',_binary 'web/documents/raports/programming.pdf','2018-05-01 10:47:51'),(277,'strategic',_binary 'web/documents/raports/override.pdf','2018-11-03 10:35:38'),(278,'Infrastructure',_binary 'web/documents/raports/override.pdf','2018-02-25 16:40:35'),(279,'HTTP',_binary 'web/documents/raports/Incredible Frozen Fish.pdf','2018-11-23 07:57:03'),(280,'sticky',_binary 'web/documents/raports/initiatives.pdf','2018-04-19 18:08:03'),(281,'Plastic',_binary 'web/documents/raports/invoice.pdf','2018-08-20 03:22:06'),(282,'Tools',_binary 'web/documents/raports/National.pdf','2018-11-29 23:34:43'),(283,'Cambridgeshire',_binary 'web/documents/raports/deposit.pdf','2018-04-28 15:34:29'),(284,'firmware',_binary 'web/documents/raports/hacking.pdf','2018-03-02 17:14:56'),(285,'Money Market Account',_binary 'web/documents/raports/Gloves.pdf','2018-05-18 19:31:14'),(286,'Personal Loan Account',_binary 'web/documents/raports/plug-and-play.pdf','2018-10-30 11:06:46'),(287,'Incredible Plastic Tuna',_binary 'web/documents/raports/Isle.pdf','2018-01-28 05:43:21'),(288,'Idaho',_binary 'web/documents/raports/Technician.pdf','2018-05-29 01:59:49'),(289,'Program',_binary 'web/documents/raports/Mouse.pdf','2018-04-12 03:28:10'),(290,'JSON',_binary 'web/documents/raports/ADP.pdf','2018-07-19 10:11:44'),(291,'compelling',_binary 'web/documents/raports/innovate.pdf','2018-05-13 22:35:52'),(292,'deposit',_binary 'web/documents/raports/gold.pdf','2018-03-04 05:18:03'),(293,'withdrawal',_binary 'web/documents/raports/Albania.pdf','2018-03-04 08:05:43'),(294,'Generic Soft Fish',_binary 'web/documents/raports/Jewelery.pdf','2018-09-10 05:44:42'),(295,'Arkansas',_binary 'web/documents/raports/Chief.pdf','2018-04-11 06:32:16'),(296,'Sports',_binary 'web/documents/raports/Total.pdf','2018-08-02 11:17:40'),(297,'mindshare',_binary 'web/documents/raports/calculate.pdf','2018-03-26 11:02:32'),(298,'Plaza',_binary 'web/documents/raports/Extension.pdf','2018-07-14 20:04:10'),(299,'envisioneer',_binary 'web/documents/raports/Avon.pdf','2018-09-08 13:22:05'),(300,'Trail',_binary 'web/documents/raports/tan.pdf','2018-03-26 13:55:21');
/*!40000 ALTER TABLE `Raporty` ENABLE KEYS */;
UNLOCK TABLES;

--
-- Table structure for table `RaportyHasUzytkownicy`
--

DROP TABLE IF EXISTS `RaportyHasUzytkownicy`;
/*!40101 SET @saved_cs_client     = @@character_set_client */;
/*!40101 SET character_set_client = utf8 */;
CREATE TABLE `RaportyHasUzytkownicy` (
  `idRaportyHasUzytkownicy` int(11) NOT NULL AUTO_INCREMENT,
  `raportyIdRaport` int(11) NOT NULL,
  `uzytkownicyIdUzytkownika` int(11) NOT NULL,
  PRIMARY KEY (`idRaportyHasUzytkownicy`),
  UNIQUE KEY `idRaportyHasUzytkownicy_UNIQUE` (`idRaportyHasUzytkownicy`),
  KEY `fk_raporty_has_uzytkownicy_uzytkownicy1_idx` (`uzytkownicyIdUzytkownika`),
  KEY `fk_raporty_has_uzytkownicy_raporty1_idx` (`raportyIdRaport`),
  CONSTRAINT `fk_raporty_has_uzytkownicy_raporty1` FOREIGN KEY (`raportyIdRaport`) REFERENCES `Raporty` (`idRaport`) ON DELETE CASCADE ON UPDATE CASCADE,
  CONSTRAINT `fk_raporty_has_uzytkownicy_uzytkownicy1` FOREIGN KEY (`uzytkownicyIdUzytkownika`) REFERENCES `Uzytkownicy` (`idUzytkownika`) ON DELETE CASCADE ON UPDATE CASCADE
) ENGINE=InnoDB AUTO_INCREMENT=301 DEFAULT CHARSET=utf8;
/*!40101 SET character_set_client = @saved_cs_client */;

--
-- Dumping data for table `RaportyHasUzytkownicy`
--

LOCK TABLES `RaportyHasUzytkownicy` WRITE;
/*!40000 ALTER TABLE `RaportyHasUzytkownicy` DISABLE KEYS */;
INSERT INTO `RaportyHasUzytkownicy` VALUES (1,1,1),(2,2,2),(3,3,3),(4,4,4),(5,5,5),(6,6,6),(7,7,7),(8,8,8),(9,9,9),(10,10,10),(11,11,11),(12,12,12),(13,13,13),(14,14,14),(15,15,15),(16,16,16),(17,17,17),(18,18,18),(19,19,19),(20,20,20),(21,21,21),(22,22,22),(23,23,23),(24,24,24),(25,25,25),(26,26,26),(27,27,27),(28,28,28),(29,29,29),(30,30,30),(31,31,31),(32,32,32),(33,33,33),(34,34,34),(35,35,35),(36,36,36),(37,37,37),(38,38,38),(39,39,39),(40,40,40),(41,41,41),(42,42,42),(43,43,43),(44,44,44),(45,45,45),(46,46,46),(47,47,47),(48,48,48),(49,49,49),(50,50,50),(51,51,51),(52,52,52),(53,53,53),(54,54,54),(55,55,55),(56,56,56),(57,57,57),(58,58,58),(59,59,59),(60,60,60),(61,61,61),(62,62,62),(63,63,63),(64,64,64),(65,65,65),(66,66,66),(67,67,67),(68,68,68),(69,69,69),(70,70,70),(71,71,71),(72,72,72),(73,73,73),(74,74,74),(75,75,75),(76,76,76),(77,77,77),(78,78,78),(79,79,79),(80,80,80),(81,81,81),(82,82,82),(83,83,83),(84,84,84),(85,85,85),(86,86,86),(87,87,87),(88,88,88),(89,89,89),(90,90,90),(91,91,91),(92,92,92),(93,93,93),(94,94,94),(95,95,95),(96,96,96),(97,97,97),(98,98,98),(99,99,99),(100,100,100),(101,101,101),(102,102,102),(103,103,103),(104,104,104),(105,105,105),(106,106,106),(107,107,107),(108,108,108),(109,109,109),(110,110,110),(111,111,111),(112,112,112),(113,113,113),(114,114,114),(115,115,115),(116,116,116),(117,117,117),(118,118,118),(119,119,119),(120,120,120),(121,121,121),(122,122,122),(123,123,123),(124,124,124),(125,125,125),(126,126,126),(127,127,127),(128,128,128),(129,129,129),(130,130,130),(131,131,131),(132,132,132),(133,133,133),(134,134,134),(135,135,135),(136,136,136),(137,137,137),(138,138,138),(139,139,139),(140,140,140),(141,141,141),(142,142,142),(143,143,143),(144,144,144),(145,145,145),(146,146,146),(147,147,147),(148,148,148),(149,149,149),(150,150,150),(151,151,151),(152,152,152),(153,153,153),(154,154,154),(155,155,155),(156,156,156),(157,157,157),(158,158,158),(159,159,159),(160,160,160),(161,161,161),(162,162,162),(163,163,163),(164,164,164),(165,165,165),(166,166,166),(167,167,167),(168,168,168),(169,169,169),(170,170,170),(171,171,171),(172,172,172),(173,173,173),(174,174,174),(175,175,175),(176,176,176),(177,177,177),(178,178,178),(179,179,179),(180,180,180),(181,181,181),(182,182,182),(183,183,183),(184,184,184),(185,185,185),(186,186,186),(187,187,187),(188,188,188),(189,189,189),(190,190,190),(191,191,191),(192,192,192),(193,193,193),(194,194,194),(195,195,195),(196,196,196),(197,197,197),(198,198,198),(199,199,199),(200,200,200),(201,201,201),(202,202,202),(203,203,203),(204,204,204),(205,205,205),(206,206,206),(207,207,207),(208,208,208),(209,209,209),(210,210,210),(211,211,211),(212,212,212),(213,213,213),(214,214,214),(215,215,215),(216,216,216),(217,217,217),(218,218,218),(219,219,219),(220,220,220),(221,221,221),(222,222,222),(223,223,223),(224,224,224),(225,225,225),(226,226,226),(227,227,227),(228,228,228),(229,229,229),(230,230,230),(231,231,231),(232,232,232),(233,233,233),(234,234,234),(235,235,235),(236,236,236),(237,237,237),(238,238,238),(239,239,239),(240,240,240),(241,241,241),(242,242,242),(243,243,243),(244,244,244),(245,245,245),(246,246,246),(247,247,247),(248,248,248),(249,249,249),(250,250,250),(251,251,251),(252,252,252),(253,253,253),(254,254,254),(255,255,255),(256,256,256),(257,257,257),(258,258,258),(259,259,259),(260,260,260),(261,261,261),(262,262,262),(263,263,263),(264,264,264),(265,265,265),(266,266,266),(267,267,267),(268,268,268),(269,269,269),(270,270,270),(271,271,271),(272,272,272),(273,273,273),(274,274,274),(275,275,275),(276,276,276),(277,277,277),(278,278,278),(279,279,279),(280,280,280),(281,281,281),(282,282,282),(283,283,283),(284,284,284),(285,285,285),(286,286,286),(287,287,287),(288,288,288),(289,289,289),(290,290,290),(291,291,291),(292,292,292),(293,293,293),(294,294,294),(295,295,295),(296,296,296),(297,297,297),(298,298,298),(299,299,299),(300,300,300);
/*!40000 ALTER TABLE `RaportyHasUzytkownicy` ENABLE KEYS */;
UNLOCK TABLES;

--
-- Table structure for table `Uzytkownicy`
--

DROP TABLE IF EXISTS `Uzytkownicy`;
/*!40101 SET @saved_cs_client     = @@character_set_client */;
/*!40101 SET character_set_client = utf8 */;
CREATE TABLE `Uzytkownicy` (
  `idUzytkownika` int(11) NOT NULL AUTO_INCREMENT,
  `imie` varchar(30) NOT NULL,
  `nazwisko` varchar(30) NOT NULL,
  `login` varchar(20) NOT NULL,
  `haslo` binary(60) NOT NULL COMMENT 'niejawne',
  `PESEL` varchar(11) NOT NULL,
  `eMail` varchar(60) NOT NULL,
  `nrTelefonu` varchar(14) NOT NULL,
  `dataOstatniegoLogowania` datetime NOT NULL,
  `adresIdAdres` int(11) NOT NULL,
  `dictRolaUzytkownikowIdRolaUzytkownikow` int(11) NOT NULL,
  `zdjecie` mediumtext,
  `czyAktywne` tinyint(1) NOT NULL,
  PRIMARY KEY (`idUzytkownika`),
  UNIQUE KEY `nrTelefonu_UNIQUE` (`nrTelefonu`),
  UNIQUE KEY `eMail_UNIQUE` (`eMail`),
  UNIQUE KEY `PESEL_UNIQUE` (`PESEL`),
  UNIQUE KEY `login_UNIQUE` (`login`),
  UNIQUE KEY `idUzytkownika_UNIQUE` (`idUzytkownika`),
  KEY `fk_uzytkownicy_adres1_idx` (`adresIdAdres`),
  KEY `fk_uzytkownicy_dict_rola_uzytkownikow1_idx` (`dictRolaUzytkownikowIdRolaUzytkownikow`),
  CONSTRAINT `fk_uzytkownicy_adres1` FOREIGN KEY (`adresIdAdres`) REFERENCES `Adres` (`idAdres`) ON DELETE CASCADE ON UPDATE CASCADE,
  CONSTRAINT `fk_uzytkownicy_dict_rola_uzytkownikow1` FOREIGN KEY (`dictRolaUzytkownikowIdRolaUzytkownikow`) REFERENCES `DictRolaUzytkownikow` (`idRolaUzytkownikow`) ON DELETE CASCADE ON UPDATE CASCADE
) ENGINE=InnoDB AUTO_INCREMENT=301 DEFAULT CHARSET=utf8;
/*!40101 SET character_set_client = @saved_cs_client */;

--
-- Dumping data for table `Uzytkownicy`
--

LOCK TABLES `Uzytkownicy` WRITE;
/*!40000 ALTER TABLE `Uzytkownicy` DISABLE KEYS */;
INSERT INTO `Uzytkownicy` VALUES (1,'Lorine','Emmerich','Richard53',_binary '578cfe1c-2cd6-499c-8947-70c9e3dcc2b9\0\0\0\0\0\0\0\0\0\0\0\0\0\0\0\0\0\0\0\0\0\0\0\0','15818','Alfreda.Huel@gmail.com','871-577-13','2018-12-19 10:59:00',1,3,_binary 'https://s3.amazonaws.com/uifaces/faces/twitter/constantx/128.jpg',0),(2,'Esmeralda','Jakubowski','Asia.Dickinson37',_binary 'e409a059-b364-489d-b814-fdd352c5c236\0\0\0\0\0\0\0\0\0\0\0\0\0\0\0\0\0\0\0\0\0\0\0\0','90353','Neil.Carter35@hotmail.com','296-186-331','2018-12-18 21:30:55',2,1,_binary 'https://s3.amazonaws.com/uifaces/faces/twitter/vladarbatov/128.jpg',1),(3,'Lilla','Yost','Devonte_Stamm13',_binary 'b3b5b12d-0782-497f-8677-5818c5b5cff4\0\0\0\0\0\0\0\0\0\0\0\0\0\0\0\0\0\0\0\0\0\0\0\0','20690','Randy.Daugherty23@hotmail.com','225-616-916','2018-12-19 02:11:50',3,1,_binary 'https://s3.amazonaws.com/uifaces/faces/twitter/millinet/128.jpg',0),(4,'Conner','Jaskolski','Aurelia_Reichert41',_binary '50c86102-5ee4-4050-8c8c-79d379232dc6\0\0\0\0\0\0\0\0\0\0\0\0\0\0\0\0\0\0\0\0\0\0\0\0','48253','Holly8@hotmail.com','585-977-534','2018-12-18 22:42:33',4,3,_binary 'https://s3.amazonaws.com/uifaces/faces/twitter/_vojto/128.jpg',1),(5,'Casimir','Upton','Eudora31',_binary '1ecce290-91eb-477a-9f2f-ef9f0ae1395a\0\0\0\0\0\0\0\0\0\0\0\0\0\0\0\0\0\0\0\0\0\0\0\0','22643','Ophelia91@gmail.com','146-391-314','2018-12-18 23:05:23',5,4,_binary 'https://s3.amazonaws.com/uifaces/faces/twitter/swooshycueb/128.jpg',1),(6,'Peter','Lowe','Pearlie_Ernser52',_binary 'e816d11a-f8b7-4bd2-a407-e028050a2977\0\0\0\0\0\0\0\0\0\0\0\0\0\0\0\0\0\0\0\0\0\0\0\0','49277','Ulices_Lockman90@yahoo.com','426-135-208','2018-12-19 01:16:07',6,3,_binary 'https://s3.amazonaws.com/uifaces/faces/twitter/salleedesign/128.jpg',1),(7,'Alessandro','Jacobs','Quentin.Altenwerth',_binary 'da5be333-72ff-4aec-a632-16e640b84113\0\0\0\0\0\0\0\0\0\0\0\0\0\0\0\0\0\0\0\0\0\0\0\0','49016','Joseph.Yundt@yahoo.com','505-573-551','2018-12-18 16:45:38',7,3,_binary 'https://s3.amazonaws.com/uifaces/faces/twitter/ganserene/128.jpg',0),(8,'Everett','Roob','Curtis.Zieme',_binary 'e3fbf35b-2b0a-4840-86ed-ed1ea9cbdcb7\0\0\0\0\0\0\0\0\0\0\0\0\0\0\0\0\0\0\0\0\0\0\0\0','89567','Chaya.Reynolds55@gmail.com','701-337-107','2018-12-19 02:16:41',8,2,_binary 'https://s3.amazonaws.com/uifaces/faces/twitter/reetajayendra/128.jpg',1),(9,'Daija','Schiller','Reggie_Flatley35',_binary '699aaa9e-f71b-4c5a-924a-1bd22011f8df\0\0\0\0\0\0\0\0\0\0\0\0\0\0\0\0\0\0\0\0\0\0\0\0','33341','Benedict80@gmail.com','266-550-239','2018-12-19 04:57:56',9,2,_binary 'https://s3.amazonaws.com/uifaces/faces/twitter/panghal0/128.jpg',1),(10,'Shanon','Witting','Paul50',_binary 'a352ec23-2d08-404b-949a-a5d532bf6d07\0\0\0\0\0\0\0\0\0\0\0\0\0\0\0\0\0\0\0\0\0\0\0\0','51914','Hilario.Monahan@yahoo.com','89-773-342','2018-12-18 23:26:12',10,1,_binary 'https://s3.amazonaws.com/uifaces/faces/twitter/elbuscainfo/128.jpg',0),(11,'Hassie','Wolf','Dolly51',_binary 'ea825044-93ff-4984-b61f-82ed6ff135d2\0\0\0\0\0\0\0\0\0\0\0\0\0\0\0\0\0\0\0\0\0\0\0\0','99187','Saige8@gmail.com','56-673-789','2018-12-19 13:48:42',11,3,_binary 'https://s3.amazonaws.com/uifaces/faces/twitter/isnifer/128.jpg',0),(12,'Terrill','McClure','Erling_Bashirian',_binary 'c6b9f4fd-847f-40a2-a8e8-58013afc5c1e\0\0\0\0\0\0\0\0\0\0\0\0\0\0\0\0\0\0\0\0\0\0\0\0','97842','Ignacio6@hotmail.com','886-130-746','2018-12-19 00:35:05',12,4,_binary 'https://s3.amazonaws.com/uifaces/faces/twitter/abotap/128.jpg',1),(13,'Alfonzo','Rowe','Sherwood_Terry94',_binary '211158e7-4177-4cdb-8d69-f2cbf4a08cb3\0\0\0\0\0\0\0\0\0\0\0\0\0\0\0\0\0\0\0\0\0\0\0\0','24663','Jordyn42@yahoo.com','782-604-705','2018-12-18 23:03:37',13,1,_binary 'https://s3.amazonaws.com/uifaces/faces/twitter/jmfsocial/128.jpg',1),(14,'Brandy','Wisozk','Henriette97',_binary '74017709-3a14-49e5-9621-f1b864e77799\0\0\0\0\0\0\0\0\0\0\0\0\0\0\0\0\0\0\0\0\0\0\0\0','66519','Axel.VonRueden@hotmail.com','219-850-610','2018-12-19 07:57:55',14,3,_binary 'https://s3.amazonaws.com/uifaces/faces/twitter/fiterik/128.jpg',1),(15,'Devan','Emard','Camille.Beatty5',_binary 'd3327356-9c43-4264-8d5d-b4f6ad2110f1\0\0\0\0\0\0\0\0\0\0\0\0\0\0\0\0\0\0\0\0\0\0\0\0','12951','Theresa.Hayes@hotmail.com','379-857-959','2018-12-18 18:13:21',15,4,_binary 'https://s3.amazonaws.com/uifaces/faces/twitter/ionuss/128.jpg',0),(16,'Loyce','Kuhlman','Rahsaan_Becker',_binary 'bbb5b71f-5a50-49c6-b9e8-5467ef57bc5b\0\0\0\0\0\0\0\0\0\0\0\0\0\0\0\0\0\0\0\0\0\0\0\0','58649','Addison.Jast26@hotmail.com','13-805-107','2018-12-19 07:35:21',16,1,_binary 'https://s3.amazonaws.com/uifaces/faces/twitter/guiiipontes/128.jpg',0),(17,'Moriah','Eichmann','Assunta.Abernathy85',_binary 'e6d2826f-af3d-4acf-9d99-f0f2de4628b3\0\0\0\0\0\0\0\0\0\0\0\0\0\0\0\0\0\0\0\0\0\0\0\0','75248','Guiseppe_Kuhn@hotmail.com','118-811-51','2018-12-18 17:00:57',17,2,_binary 'https://s3.amazonaws.com/uifaces/faces/twitter/dvdwinden/128.jpg',1),(18,'Elliot','Nitzsche','Lilla_Schmeler',_binary 'a24d7f9f-50d2-4e74-9c67-d45dd3feb282\0\0\0\0\0\0\0\0\0\0\0\0\0\0\0\0\0\0\0\0\0\0\0\0','60016','Anais87@yahoo.com','909-195-659','2018-12-18 21:15:12',18,1,_binary 'https://s3.amazonaws.com/uifaces/faces/twitter/larrybolt/128.jpg',0),(19,'Shad','Rath','Arnold_Ernser',_binary '8944c7db-d52f-458f-92d9-9c1d5bf67999\0\0\0\0\0\0\0\0\0\0\0\0\0\0\0\0\0\0\0\0\0\0\0\0','38041','Dock46@hotmail.com','409-654-267','2018-12-18 21:51:58',19,4,_binary 'https://s3.amazonaws.com/uifaces/faces/twitter/herkulano/128.jpg',0),(20,'Nikolas','Strosin','Junior30',_binary 'f25d6023-a2f3-4e8f-8b77-0e1b5cf9d040\0\0\0\0\0\0\0\0\0\0\0\0\0\0\0\0\0\0\0\0\0\0\0\0','94124','Gillian.Pagac@gmail.com','618-529-266','2018-12-19 12:42:37',20,1,_binary 'https://s3.amazonaws.com/uifaces/faces/twitter/looneydoodle/128.jpg',0),(21,'Ansel','Gutmann','Reese.Wiegand',_binary 'e8cc51a6-397b-441e-b75e-b10576c94d6c\0\0\0\0\0\0\0\0\0\0\0\0\0\0\0\0\0\0\0\0\0\0\0\0','75862','Erich_OKeefe33@hotmail.com','673-400-920','2018-12-18 21:26:35',21,3,_binary 'https://s3.amazonaws.com/uifaces/faces/twitter/emileboudeling/128.jpg',1),(22,'Letha','Bartoletti','Gennaro63',_binary 'eb631701-f4ba-4c39-949e-53e359b87ace\0\0\0\0\0\0\0\0\0\0\0\0\0\0\0\0\0\0\0\0\0\0\0\0','32666','Anabel.Schowalter83@hotmail.com','876-980-860','2018-12-19 08:13:48',22,3,_binary 'https://s3.amazonaws.com/uifaces/faces/twitter/davidhemphill/128.jpg',0),(23,'Aubrey','Schoen','Brandt.Heller46',_binary 'cc448dec-e22a-4fc5-b2d4-355431c834f5\0\0\0\0\0\0\0\0\0\0\0\0\0\0\0\0\0\0\0\0\0\0\0\0','29152','Madisyn_Gleichner79@hotmail.com','653-634-221','2018-12-19 03:21:03',23,4,_binary 'https://s3.amazonaws.com/uifaces/faces/twitter/johannesneu/128.jpg',0),(24,'Lee','Harris','Rudolph97',_binary '6717d3e5-caab-454e-96b2-692dbaf0e708\0\0\0\0\0\0\0\0\0\0\0\0\0\0\0\0\0\0\0\0\0\0\0\0','60698','Janessa49@hotmail.com','585-173-763','2018-12-18 18:20:14',24,3,_binary 'https://s3.amazonaws.com/uifaces/faces/twitter/ionuss/128.jpg',1),(25,'Caleigh','Abernathy','Peggie44',_binary '9d82ca41-4e58-41fc-9430-b59a14b25d15\0\0\0\0\0\0\0\0\0\0\0\0\0\0\0\0\0\0\0\0\0\0\0\0','29593','Emmanuelle.Lindgren@gmail.com','901-924-923','2018-12-19 04:42:30',25,1,_binary 'https://s3.amazonaws.com/uifaces/faces/twitter/zauerkraut/128.jpg',1),(26,'Lorenz','Yost','Jovani_Brakus62',_binary '088695b8-8d6c-4d39-a1ab-8589f89493c8\0\0\0\0\0\0\0\0\0\0\0\0\0\0\0\0\0\0\0\0\0\0\0\0','39729','Amelie_Wolf@yahoo.com','504-3-823','2018-12-19 09:33:36',26,2,_binary 'https://s3.amazonaws.com/uifaces/faces/twitter/mugukamil/128.jpg',0),(27,'Hazel','Volkman','Camila_Jacobs46',_binary '72874109-2dec-488e-8591-da5c83b6b366\0\0\0\0\0\0\0\0\0\0\0\0\0\0\0\0\0\0\0\0\0\0\0\0','15703','Jalen4@hotmail.com','465-505-366','2018-12-19 00:00:01',27,1,_binary 'https://s3.amazonaws.com/uifaces/faces/twitter/isaacfifth/128.jpg',1),(28,'Hattie','Kutch','Karli14',_binary 'e1164b66-c0af-4392-92e3-3c57ca92bc7a\0\0\0\0\0\0\0\0\0\0\0\0\0\0\0\0\0\0\0\0\0\0\0\0','54307','Kane_Little77@hotmail.com','472-689-933','2018-12-18 23:13:06',28,4,_binary 'https://s3.amazonaws.com/uifaces/faces/twitter/joshaustin/128.jpg',1),(29,'Lavern','Rippin','Mose.Bahringer29',_binary 'e0ff761f-a79b-4d12-a52b-b8336bce034e\0\0\0\0\0\0\0\0\0\0\0\0\0\0\0\0\0\0\0\0\0\0\0\0','36514','Rhianna_Murray@gmail.com','298-292-640','2018-12-19 09:08:46',29,2,_binary 'https://s3.amazonaws.com/uifaces/faces/twitter/leandrovaranda/128.jpg',1),(30,'Kailey','Hoeger','Saul_Torp',_binary '0c853b08-9bb6-4831-9a35-15d2a033a621\0\0\0\0\0\0\0\0\0\0\0\0\0\0\0\0\0\0\0\0\0\0\0\0','37834','Kariane75@gmail.com','226-151-157','2018-12-19 13:14:30',30,4,_binary 'https://s3.amazonaws.com/uifaces/faces/twitter/mylesb/128.jpg',1),(31,'Mittie','Von','Samir_Schiller60',_binary '2b5b6706-8d59-4e76-bf62-2cb041a203e6\0\0\0\0\0\0\0\0\0\0\0\0\0\0\0\0\0\0\0\0\0\0\0\0','46246','Marquis_Halvorson68@hotmail.com','621-582-122','2018-12-19 10:04:18',31,4,_binary 'https://s3.amazonaws.com/uifaces/faces/twitter/gmourier/128.jpg',0),(32,'Athena','Bradtke','Elyssa42',_binary '6c3d5c3e-232d-428b-afca-18b859f642d2\0\0\0\0\0\0\0\0\0\0\0\0\0\0\0\0\0\0\0\0\0\0\0\0','5484','Leatha24@hotmail.com','71-625-471','2018-12-19 00:10:14',32,3,_binary 'https://s3.amazonaws.com/uifaces/faces/twitter/ryandownie/128.jpg',1),(33,'Lelia','Eichmann','Gonzalo14',_binary '31e984b2-3cc0-4513-bac0-0c61ae742d0c\0\0\0\0\0\0\0\0\0\0\0\0\0\0\0\0\0\0\0\0\0\0\0\0','25108','Claudine_Runolfsson37@gmail.com','291-618-167','2018-12-19 00:36:56',33,2,_binary 'https://s3.amazonaws.com/uifaces/faces/twitter/jmillspaysbills/128.jpg',0),(34,'Lon','Heidenreich','Eduardo_King56',_binary '4d45c33c-c376-46c0-9ca1-b5a28e5489d9\0\0\0\0\0\0\0\0\0\0\0\0\0\0\0\0\0\0\0\0\0\0\0\0','90867','Leo_Rutherford@yahoo.com','368-493-452','2018-12-19 09:27:59',34,3,_binary 'https://s3.amazonaws.com/uifaces/faces/twitter/xadhix/128.jpg',1),(35,'Celestino','Schimmel','Jaleel70',_binary 'e85d66a6-c8a7-42a6-8c4e-4861285c8cb3\0\0\0\0\0\0\0\0\0\0\0\0\0\0\0\0\0\0\0\0\0\0\0\0','25278','Aleen22@yahoo.com','848-999-600','2018-12-19 00:52:37',35,2,_binary 'https://s3.amazonaws.com/uifaces/faces/twitter/eyronn/128.jpg',0),(36,'Jett','Thiel','Terence.Torphy99',_binary '798d3226-4d93-4bf5-9a90-a18f254df8d0\0\0\0\0\0\0\0\0\0\0\0\0\0\0\0\0\0\0\0\0\0\0\0\0','86458','Thad37@yahoo.com','47-239-325','2018-12-19 07:36:24',36,2,_binary 'https://s3.amazonaws.com/uifaces/faces/twitter/incubo82/128.jpg',0),(37,'Cristian','Considine','Lizzie_Auer67',_binary '5eda3cc2-7af9-437c-b7db-0bdb5671e98c\0\0\0\0\0\0\0\0\0\0\0\0\0\0\0\0\0\0\0\0\0\0\0\0','57295','Eldridge_Stiedemann@yahoo.com','97-958-271','2018-12-19 12:44:14',37,2,_binary 'https://s3.amazonaws.com/uifaces/faces/twitter/rangafangs/128.jpg',1),(38,'Alta','Hansen','Estelle.Rice',_binary 'fc9331d9-2500-4bb1-84b2-86432f88dd43\0\0\0\0\0\0\0\0\0\0\0\0\0\0\0\0\0\0\0\0\0\0\0\0','84388','Carole52@yahoo.com','827-221-64','2018-12-18 18:21:32',38,3,_binary 'https://s3.amazonaws.com/uifaces/faces/twitter/ManikRathee/128.jpg',1),(39,'Columbus','Wuckert','Danyka.Hoeger',_binary 'd6ae9599-53b1-425a-9a30-e9c837dd6e6c\0\0\0\0\0\0\0\0\0\0\0\0\0\0\0\0\0\0\0\0\0\0\0\0','23859','Mathilde19@hotmail.com','175-393-757','2018-12-18 20:12:18',39,2,_binary 'https://s3.amazonaws.com/uifaces/faces/twitter/ryhanhassan/128.jpg',0),(40,'Louie','Ferry','Doug_Bruen27',_binary '945baabc-e4a1-4c6f-8466-6b5d941abd14\0\0\0\0\0\0\0\0\0\0\0\0\0\0\0\0\0\0\0\0\0\0\0\0','11492','Rogers.Pfannerstill@yahoo.com','914-570-338','2018-12-19 06:54:25',40,3,_binary 'https://s3.amazonaws.com/uifaces/faces/twitter/joshmedeski/128.jpg',0),(41,'Fae','Gutmann','Lenore_Gorczany',_binary 'e29b0caa-b9f7-47e8-9f85-0277ecc04465\0\0\0\0\0\0\0\0\0\0\0\0\0\0\0\0\0\0\0\0\0\0\0\0','66907','Cecile37@hotmail.com','521-322-593','2018-12-19 10:54:36',41,1,_binary 'https://s3.amazonaws.com/uifaces/faces/twitter/mauriolg/128.jpg',1),(42,'Cecilia','Rempel','Winifred_Stokes',_binary '2a9dd780-b5f0-4559-a069-4b461d5fe9ec\0\0\0\0\0\0\0\0\0\0\0\0\0\0\0\0\0\0\0\0\0\0\0\0','48073','Lia24@yahoo.com','652-601-24','2018-12-18 21:30:24',42,2,_binary 'https://s3.amazonaws.com/uifaces/faces/twitter/isnifer/128.jpg',1),(43,'Laury','Kirlin','Celia7',_binary '1bdd9a03-da10-43fa-9817-780f8e8b49b9\0\0\0\0\0\0\0\0\0\0\0\0\0\0\0\0\0\0\0\0\0\0\0\0','85580','Clarabelle_Von82@gmail.com','476-452-695','2018-12-18 14:36:10',43,4,_binary 'https://s3.amazonaws.com/uifaces/faces/twitter/curiousonaut/128.jpg',0),(44,'Rashad','Cassin','Durward.Willms97',_binary 'bb3f1529-c21e-4f48-87a1-98cf877d19c9\0\0\0\0\0\0\0\0\0\0\0\0\0\0\0\0\0\0\0\0\0\0\0\0','85196','Peggie_Jakubowski44@gmail.com','357-553-644','2018-12-19 03:36:11',44,3,_binary 'https://s3.amazonaws.com/uifaces/faces/twitter/bu7921/128.jpg',0),(45,'Riley','Hilpert','Fabian_Bashirian48',_binary 'ad38190f-3d30-4a26-8884-fab7f6ea412e\0\0\0\0\0\0\0\0\0\0\0\0\0\0\0\0\0\0\0\0\0\0\0\0','61235','Freida.Kemmer95@hotmail.com','803-743-104','2018-12-18 17:56:40',45,3,_binary 'https://s3.amazonaws.com/uifaces/faces/twitter/moynihan/128.jpg',1),(46,'Lisa','Stiedemann','Guido_Hayes',_binary 'b20b57c6-2042-4108-b006-fc15d5af8b87\0\0\0\0\0\0\0\0\0\0\0\0\0\0\0\0\0\0\0\0\0\0\0\0','64054','Haley6@yahoo.com','37-444-283','2018-12-18 19:26:37',46,2,_binary 'https://s3.amazonaws.com/uifaces/faces/twitter/theonlyzeke/128.jpg',1),(47,'Pablo','Kemmer','Ada.Hessel10',_binary '37764e9d-a43e-4ba1-a3ce-c14b6037721c\0\0\0\0\0\0\0\0\0\0\0\0\0\0\0\0\0\0\0\0\0\0\0\0','58556','Ova16@hotmail.com','39-912-731','2018-12-19 08:06:18',47,1,_binary 'https://s3.amazonaws.com/uifaces/faces/twitter/finchjke/128.jpg',1),(48,'Damaris','Bailey','Keenan_Boyer18',_binary '7e2b5f72-b5e9-44c4-9378-96868a63b20b\0\0\0\0\0\0\0\0\0\0\0\0\0\0\0\0\0\0\0\0\0\0\0\0','34058','Dariana78@gmail.com','943-632-255','2018-12-19 12:47:08',48,4,_binary 'https://s3.amazonaws.com/uifaces/faces/twitter/joe_black/128.jpg',0),(49,'Wellington','Bradtke','Donna_Schroeder',_binary 'f2299846-56c1-4907-afd7-b0fd6c78cf10\0\0\0\0\0\0\0\0\0\0\0\0\0\0\0\0\0\0\0\0\0\0\0\0','57042','Aubrey.Beatty46@gmail.com','999-324-907','2018-12-19 10:53:21',49,2,_binary 'https://s3.amazonaws.com/uifaces/faces/twitter/chrisslowik/128.jpg',1),(50,'Raul','Heidenreich','Kendrick32',_binary '15f268c6-7c5f-4ef4-aa21-19562cd43afb\0\0\0\0\0\0\0\0\0\0\0\0\0\0\0\0\0\0\0\0\0\0\0\0','97657','Deborah67@hotmail.com','697-39-632','2018-12-18 18:02:43',50,1,_binary 'https://s3.amazonaws.com/uifaces/faces/twitter/johnsmithagency/128.jpg',0),(51,'Marjolaine','Cummings','Kaylee9',_binary 'bcfb78c3-44d1-498f-ba81-4da5fbc70454\0\0\0\0\0\0\0\0\0\0\0\0\0\0\0\0\0\0\0\0\0\0\0\0','60521','Bridget_Schowalter93@gmail.com','591-846-320','2018-12-19 13:26:41',51,3,_binary 'https://s3.amazonaws.com/uifaces/faces/twitter/salleedesign/128.jpg',0),(52,'Brady','Rau','Alejandrin_Moen4',_binary '76f7f7fd-0476-4ab7-90eb-b106eed2b1b3\0\0\0\0\0\0\0\0\0\0\0\0\0\0\0\0\0\0\0\0\0\0\0\0','64405','Dino_Sporer@yahoo.com','713-820-314','2018-12-18 17:38:17',52,2,_binary 'https://s3.amazonaws.com/uifaces/faces/twitter/VinThomas/128.jpg',0),(53,'Gaetano','Howell','Edmond3',_binary '7328d1e6-aa21-4a1a-a46b-88c5352b5b5a\0\0\0\0\0\0\0\0\0\0\0\0\0\0\0\0\0\0\0\0\0\0\0\0','53255','Daniella.Lesch@gmail.com','396-839-857','2018-12-18 21:56:50',53,3,_binary 'https://s3.amazonaws.com/uifaces/faces/twitter/kikillo/128.jpg',0),(54,'Jesus','Armstrong','Courtney_Douglas',_binary '744bc5ef-3d92-484b-8135-e791473394eb\0\0\0\0\0\0\0\0\0\0\0\0\0\0\0\0\0\0\0\0\0\0\0\0','12455','Brennan.Jacobson50@gmail.com','715-692-49','2018-12-19 07:38:04',54,3,_binary 'https://s3.amazonaws.com/uifaces/faces/twitter/dcalonaci/128.jpg',1),(55,'Dedric','Toy','Jeramie75',_binary 'fcf42902-008b-4b58-bbdf-44f0b1bf9e2b\0\0\0\0\0\0\0\0\0\0\0\0\0\0\0\0\0\0\0\0\0\0\0\0','4058','Rigoberto_Reinger48@yahoo.com','999-6-242','2018-12-19 06:00:59',55,3,_binary 'https://s3.amazonaws.com/uifaces/faces/twitter/thekevinjones/128.jpg',1),(56,'Leopoldo','Gulgowski','Isidro63',_binary '546ad4e1-50ea-4a87-9b4d-f97febd0ae1e\0\0\0\0\0\0\0\0\0\0\0\0\0\0\0\0\0\0\0\0\0\0\0\0','55902','Katlyn.McGlynn@gmail.com','843-783-294','2018-12-18 18:42:12',56,1,_binary 'https://s3.amazonaws.com/uifaces/faces/twitter/elliotlewis/128.jpg',1),(57,'Serena','Harber','Clare_Morar24',_binary '6aebf6cf-0b49-4da1-93da-0668fdb8f432\0\0\0\0\0\0\0\0\0\0\0\0\0\0\0\0\0\0\0\0\0\0\0\0','94182','Ernestina_Romaguera@hotmail.com','635-40-874','2018-12-18 23:42:57',57,4,_binary 'https://s3.amazonaws.com/uifaces/faces/twitter/taylorling/128.jpg',0),(58,'Javonte','Schneider','Freda_Boyer21',_binary 'd40a659f-f742-4839-add7-3969bbb58eaa\0\0\0\0\0\0\0\0\0\0\0\0\0\0\0\0\0\0\0\0\0\0\0\0','71873','Barry95@gmail.com','20-519-537','2018-12-19 06:12:50',58,1,_binary 'https://s3.amazonaws.com/uifaces/faces/twitter/dzantievm/128.jpg',0),(59,'Maxie','Harber','Eugene95',_binary '38f54263-3ecb-4767-ac21-e4ab064eb56c\0\0\0\0\0\0\0\0\0\0\0\0\0\0\0\0\0\0\0\0\0\0\0\0','30304','Berneice_Stamm@hotmail.com','527-688-420','2018-12-18 22:15:27',59,2,_binary 'https://s3.amazonaws.com/uifaces/faces/twitter/vc27/128.jpg',0),(60,'Grace','Rempel','Carroll.Renner',_binary '19d2956e-a701-4111-926b-1b569d385aca\0\0\0\0\0\0\0\0\0\0\0\0\0\0\0\0\0\0\0\0\0\0\0\0','90495','Amir_Brekke@yahoo.com','257-853-763','2018-12-19 11:44:34',60,4,_binary 'https://s3.amazonaws.com/uifaces/faces/twitter/fuck_you_two/128.jpg',0),(61,'Jordi','Rath','Zackary96',_binary '1ce60242-20c5-470a-8427-291ac945ffb6\0\0\0\0\0\0\0\0\0\0\0\0\0\0\0\0\0\0\0\0\0\0\0\0','69319','Laney16@hotmail.com','998-583-257','2018-12-19 08:21:48',61,1,_binary 'https://s3.amazonaws.com/uifaces/faces/twitter/kevinoh/128.jpg',1),(62,'Courtney','Labadie','Jocelyn13',_binary '91fa8b49-c5c2-4380-8227-a6f4a56f326f\0\0\0\0\0\0\0\0\0\0\0\0\0\0\0\0\0\0\0\0\0\0\0\0','66415','Gail.Leannon@gmail.com','98-643-692','2018-12-18 15:24:18',62,1,_binary 'https://s3.amazonaws.com/uifaces/faces/twitter/dotgridline/128.jpg',1),(63,'Kelvin','Rippin','Eliane_Zemlak85',_binary '7d879c15-491f-4ae0-a7e1-22fddcbb6c6b\0\0\0\0\0\0\0\0\0\0\0\0\0\0\0\0\0\0\0\0\0\0\0\0','12206','Freeda.Kunde56@hotmail.com','330-152-763','2018-12-19 11:53:50',63,2,_binary 'https://s3.amazonaws.com/uifaces/faces/twitter/opnsrce/128.jpg',0),(64,'Quincy','Streich','Clotilde59',_binary '547e2d02-c0b1-4272-a7bd-4cc9b4c4658a\0\0\0\0\0\0\0\0\0\0\0\0\0\0\0\0\0\0\0\0\0\0\0\0','47368','Minerva96@gmail.com','927-355-64','2018-12-19 02:58:54',64,2,_binary 'https://s3.amazonaws.com/uifaces/faces/twitter/9lessons/128.jpg',1),(65,'Kale','Schowalter','Brown.Lang60',_binary '5c1b06f1-8593-47e1-8eed-01c7c43b75e2\0\0\0\0\0\0\0\0\0\0\0\0\0\0\0\0\0\0\0\0\0\0\0\0','98355','Macey.Olson72@yahoo.com','71-996-90','2018-12-18 23:17:35',65,4,_binary 'https://s3.amazonaws.com/uifaces/faces/twitter/eitarafa/128.jpg',1),(66,'Dariana','Gorczany','Emmy17',_binary '3c02dfc1-686d-4c88-a69a-d0e51b7a5dd3\0\0\0\0\0\0\0\0\0\0\0\0\0\0\0\0\0\0\0\0\0\0\0\0','55473','Heaven11@yahoo.com','420-103-746','2018-12-18 15:25:50',66,2,_binary 'https://s3.amazonaws.com/uifaces/faces/twitter/byrnecore/128.jpg',0),(67,'Yazmin','Wolff','Richie54',_binary 'f5ddd72a-d634-4892-8ab6-a7c0a3b5e4aa\0\0\0\0\0\0\0\0\0\0\0\0\0\0\0\0\0\0\0\0\0\0\0\0','38030','Don38@yahoo.com','649-659-880','2018-12-19 02:35:15',67,2,_binary 'https://s3.amazonaws.com/uifaces/faces/twitter/ffbel/128.jpg',0),(68,'Roberto','Cummerata','Clinton_Kuhic',_binary '8d9e4c2d-8084-424c-b3fb-f99a8422d67b\0\0\0\0\0\0\0\0\0\0\0\0\0\0\0\0\0\0\0\0\0\0\0\0','34987','Chanel_Kutch@yahoo.com','857-759-261','2018-12-19 00:08:35',68,1,_binary 'https://s3.amazonaws.com/uifaces/faces/twitter/sachingawas/128.jpg',0),(69,'Raoul','Strosin','Martine83',_binary '7f7d0c78-2004-41aa-8bb7-f5e897ef6562\0\0\0\0\0\0\0\0\0\0\0\0\0\0\0\0\0\0\0\0\0\0\0\0','81556','Kade.Wehner@yahoo.com','745-433-524','2018-12-19 12:42:39',69,3,_binary 'https://s3.amazonaws.com/uifaces/faces/twitter/ariil/128.jpg',0),(70,'Maye','Luettgen','Eugene50',_binary '1bb59243-a08d-4213-9757-c8ea750585fc\0\0\0\0\0\0\0\0\0\0\0\0\0\0\0\0\0\0\0\0\0\0\0\0','5865','Lila26@yahoo.com','239-753-925','2018-12-18 19:11:14',70,4,_binary 'https://s3.amazonaws.com/uifaces/faces/twitter/bcrad/128.jpg',0),(71,'Fermin','Harvey','Gisselle.Greenholt',_binary '6476c932-db2c-4600-a836-eb0e605a7836\0\0\0\0\0\0\0\0\0\0\0\0\0\0\0\0\0\0\0\0\0\0\0\0','77402','Belle10@hotmail.com','524-58-364','2018-12-19 13:49:53',71,2,_binary 'https://s3.amazonaws.com/uifaces/faces/twitter/grrr_nl/128.jpg',1),(72,'Kaitlyn','Hane','Danny84',_binary '9f7ec882-a1da-4a09-8565-c7498e6c71a3\0\0\0\0\0\0\0\0\0\0\0\0\0\0\0\0\0\0\0\0\0\0\0\0','66233','Madilyn_Morissette@yahoo.com','850-987-951','2018-12-18 23:01:18',72,4,_binary 'https://s3.amazonaws.com/uifaces/faces/twitter/joelcipriano/128.jpg',0),(73,'Wilton','Mertz','Marc_Harber50',_binary '7f05c5a5-699d-4b02-b2e3-52abcf1dfacf\0\0\0\0\0\0\0\0\0\0\0\0\0\0\0\0\0\0\0\0\0\0\0\0','6538','Jaylan.Kunde@gmail.com','698-714-979','2018-12-19 04:35:12',73,2,_binary 'https://s3.amazonaws.com/uifaces/faces/twitter/fotomagin/128.jpg',0),(74,'Maryam','Zboncak','Mitchel_Schultz',_binary 'd5af782c-979b-4fe3-82e1-b1d410fa1e67\0\0\0\0\0\0\0\0\0\0\0\0\0\0\0\0\0\0\0\0\0\0\0\0','24387','Madonna.Rolfson@yahoo.com','366-97-841','2018-12-19 06:48:39',74,1,_binary 'https://s3.amazonaws.com/uifaces/faces/twitter/sweetdelisa/128.jpg',1),(75,'Kaci','Corwin','Yessenia0',_binary '99d8721e-4ef1-46ac-a7d1-177b07996a7b\0\0\0\0\0\0\0\0\0\0\0\0\0\0\0\0\0\0\0\0\0\0\0\0','76210','Iliana_Wisozk31@hotmail.com','154-903-268','2018-12-18 21:19:31',75,3,_binary 'https://s3.amazonaws.com/uifaces/faces/twitter/elisabethkjaer/128.jpg',0),(76,'Humberto','Smitham','Gerry_Rippin',_binary '50b08355-1e8a-455c-84b4-6db254515d36\0\0\0\0\0\0\0\0\0\0\0\0\0\0\0\0\0\0\0\0\0\0\0\0','34657','Laisha70@hotmail.com','999-350-66','2018-12-18 16:14:45',76,4,_binary 'https://s3.amazonaws.com/uifaces/faces/twitter/motionthinks/128.jpg',1),(77,'Cordia','Hartmann','Meaghan_Kutch',_binary 'b61fbd3a-a06f-420e-aeda-d015a78922ac\0\0\0\0\0\0\0\0\0\0\0\0\0\0\0\0\0\0\0\0\0\0\0\0','18537','Allen.Brown36@yahoo.com','705-861-973','2018-12-18 23:14:30',77,2,_binary 'https://s3.amazonaws.com/uifaces/faces/twitter/abotap/128.jpg',1),(78,'Westley','Barton','Brook_Beatty1',_binary '850482c6-1bd8-4d34-a02a-96e4eea82fd4\0\0\0\0\0\0\0\0\0\0\0\0\0\0\0\0\0\0\0\0\0\0\0\0','72716','Tomas.Willms37@gmail.com','480-125-641','2018-12-19 11:52:42',78,3,_binary 'https://s3.amazonaws.com/uifaces/faces/twitter/scottiedude/128.jpg',0),(79,'Gerda','Mann','Fausto98',_binary '7c24a1d9-6117-41ca-ab51-db2dd007fe06\0\0\0\0\0\0\0\0\0\0\0\0\0\0\0\0\0\0\0\0\0\0\0\0','75440','Devonte12@hotmail.com','146-209-156','2018-12-19 01:36:31',79,1,_binary 'https://s3.amazonaws.com/uifaces/faces/twitter/lmjabreu/128.jpg',1),(80,'Maude','Macejkovic','Rita_Goodwin',_binary '65f556e3-762a-4ac7-afc8-a759c1f0a4b3\0\0\0\0\0\0\0\0\0\0\0\0\0\0\0\0\0\0\0\0\0\0\0\0','67559','Kareem49@hotmail.com','966-907-615','2018-12-19 05:24:49',80,3,_binary 'https://s3.amazonaws.com/uifaces/faces/twitter/ganserene/128.jpg',1),(81,'Lindsay','Considine','Janiya.Crist',_binary '8c690869-6802-470a-ab30-5ff5de6c211d\0\0\0\0\0\0\0\0\0\0\0\0\0\0\0\0\0\0\0\0\0\0\0\0','68468','Rupert.Fritsch@yahoo.com','859-458-87','2018-12-19 06:10:49',81,4,_binary 'https://s3.amazonaws.com/uifaces/faces/twitter/traneblow/128.jpg',1),(82,'Tierra','Murray','Heidi_Lind',_binary 'f0900d89-5651-4f98-82bf-952c9b90a6cb\0\0\0\0\0\0\0\0\0\0\0\0\0\0\0\0\0\0\0\0\0\0\0\0','5979','Myriam_Considine@yahoo.com','240-277-658','2018-12-19 13:37:35',82,2,_binary 'https://s3.amazonaws.com/uifaces/faces/twitter/bigmancho/128.jpg',1),(83,'Olga','Anderson','Gideon_Kohler',_binary '7dfb9306-5943-4822-aac6-63828876ae8b\0\0\0\0\0\0\0\0\0\0\0\0\0\0\0\0\0\0\0\0\0\0\0\0','26835','Louie_Keebler67@hotmail.com','244-80-959','2018-12-18 14:14:33',83,2,_binary 'https://s3.amazonaws.com/uifaces/faces/twitter/mizhgan/128.jpg',1),(84,'Wellington','Ziemann','Florian69',_binary '4d55f42b-c16e-4e09-86a4-cc6a5b1de087\0\0\0\0\0\0\0\0\0\0\0\0\0\0\0\0\0\0\0\0\0\0\0\0','89954','Hilma.Cartwright@hotmail.com','628-24-142','2018-12-19 04:51:34',84,2,_binary 'https://s3.amazonaws.com/uifaces/faces/twitter/jackiesaik/128.jpg',0),(85,'Dina','Wisoky','Rachel59',_binary 'eb24154c-7967-48ce-bd75-8985d7300ab0\0\0\0\0\0\0\0\0\0\0\0\0\0\0\0\0\0\0\0\0\0\0\0\0','17046','Adeline.Zboncak26@gmail.com','713-475-120','2018-12-18 19:17:42',85,1,_binary 'https://s3.amazonaws.com/uifaces/faces/twitter/shaneIxD/128.jpg',1),(86,'Lilian','Schamberger','Jayme_Reinger15',_binary '883c8b8c-7d13-4440-988a-961cb4c1cc4e\0\0\0\0\0\0\0\0\0\0\0\0\0\0\0\0\0\0\0\0\0\0\0\0','97843','Sadie26@hotmail.com','368-648-651','2018-12-19 09:56:09',86,2,_binary 'https://s3.amazonaws.com/uifaces/faces/twitter/sawalazar/128.jpg',1),(87,'Daron','Collins','Clementine_Parisian4',_binary 'e89f68ed-b6e4-427e-9263-c86800e06e21\0\0\0\0\0\0\0\0\0\0\0\0\0\0\0\0\0\0\0\0\0\0\0\0','63013','Leonor_Stokes@yahoo.com','187-358-372','2018-12-18 18:28:29',87,4,_binary 'https://s3.amazonaws.com/uifaces/faces/twitter/juaumlol/128.jpg',1),(88,'Rollin','Simonis','Destany_Toy',_binary '0d4bbde5-ffa2-48ac-9bb4-2fff5fe154b0\0\0\0\0\0\0\0\0\0\0\0\0\0\0\0\0\0\0\0\0\0\0\0\0','37471','Blaze.Douglas44@hotmail.com','17-327-62','2018-12-19 06:29:57',88,4,_binary 'https://s3.amazonaws.com/uifaces/faces/twitter/axel/128.jpg',0),(89,'Brain','Schultz','Rubie52',_binary '14d4ae5a-eb78-4fb6-9970-a4742fc14d2e\0\0\0\0\0\0\0\0\0\0\0\0\0\0\0\0\0\0\0\0\0\0\0\0','90431','Lexi53@hotmail.com','172-979-65','2018-12-18 21:56:24',89,1,_binary 'https://s3.amazonaws.com/uifaces/faces/twitter/magoo04/128.jpg',1),(90,'Isidro','Hammes','Markus_Mohr',_binary '42125609-aa95-431a-8b66-4cdc8619245a\0\0\0\0\0\0\0\0\0\0\0\0\0\0\0\0\0\0\0\0\0\0\0\0','89246','Sabryna_Metz8@yahoo.com','952-254-109','2018-12-19 05:17:58',90,2,_binary 'https://s3.amazonaws.com/uifaces/faces/twitter/marcusgorillius/128.jpg',0),(91,'Winona','Mante','Christian.Goodwin',_binary 'f32c89a9-a56f-41f0-8f16-ba46a68058fa\0\0\0\0\0\0\0\0\0\0\0\0\0\0\0\0\0\0\0\0\0\0\0\0','86832','Gideon.Gerlach@gmail.com','321-317-724','2018-12-18 14:52:57',91,4,_binary 'https://s3.amazonaws.com/uifaces/faces/twitter/hsinyo23/128.jpg',1),(92,'Earnest','Padberg','Henry.Towne',_binary 'b1d52312-9543-4177-bfd3-baf51af6b9a7\0\0\0\0\0\0\0\0\0\0\0\0\0\0\0\0\0\0\0\0\0\0\0\0','7230','Giovanny59@yahoo.com','484-283-993','2018-12-19 09:45:16',92,4,_binary 'https://s3.amazonaws.com/uifaces/faces/twitter/madysondesigns/128.jpg',1),(93,'Kyler','Reilly','Cade.Hodkiewicz',_binary 'eb3e88a7-d26c-4d54-a71d-cfb579ac8604\0\0\0\0\0\0\0\0\0\0\0\0\0\0\0\0\0\0\0\0\0\0\0\0','73726','London_Blick@hotmail.com','845-791-497','2018-12-19 06:30:28',93,4,_binary 'https://s3.amazonaws.com/uifaces/faces/twitter/mfacchinello/128.jpg',0),(94,'Kennedy','Orn','Webster.Heller61',_binary '149edd84-69af-46bc-9f72-c0be90cfa0b3\0\0\0\0\0\0\0\0\0\0\0\0\0\0\0\0\0\0\0\0\0\0\0\0','66640','Kirk.Brakus48@yahoo.com','402-146-288','2018-12-19 03:52:55',94,1,_binary 'https://s3.amazonaws.com/uifaces/faces/twitter/uxalex/128.jpg',1),(95,'Brenden','Casper','Eldora.Nitzsche',_binary 'e3a09b7d-bc2a-465e-9270-a5b63bdb7bff\0\0\0\0\0\0\0\0\0\0\0\0\0\0\0\0\0\0\0\0\0\0\0\0','50637','Kristin.Metz33@yahoo.com','288-448-430','2018-12-19 13:35:29',95,4,_binary 'https://s3.amazonaws.com/uifaces/faces/twitter/akashsharma39/128.jpg',0),(96,'Shanna','Becker','Martin_Graham',_binary '1c81a176-3432-4abc-a5b6-174dc88f9008\0\0\0\0\0\0\0\0\0\0\0\0\0\0\0\0\0\0\0\0\0\0\0\0','59255','Mathew_Trantow@gmail.com','749-162-814','2018-12-18 15:03:16',96,4,_binary 'https://s3.amazonaws.com/uifaces/faces/twitter/sharvin/128.jpg',0),(97,'Jerel','Collins','Jena79',_binary '7ac6c954-c96f-4e48-a337-b33b56d4895e\0\0\0\0\0\0\0\0\0\0\0\0\0\0\0\0\0\0\0\0\0\0\0\0','57443','Tierra66@yahoo.com','602-207-473','2018-12-19 00:31:17',97,2,_binary 'https://s3.amazonaws.com/uifaces/faces/twitter/n3dmax/128.jpg',1),(98,'Bradly','Gleason','Carlos_Windler38',_binary '8e0cd728-5bf6-4b94-bf88-c433ac373a1d\0\0\0\0\0\0\0\0\0\0\0\0\0\0\0\0\0\0\0\0\0\0\0\0','59880','Terry.Strosin86@hotmail.com','703-570-903','2018-12-19 04:28:32',98,1,_binary 'https://s3.amazonaws.com/uifaces/faces/twitter/heycamtaylor/128.jpg',1),(99,'Magdalen','West','Neha_Gleichner',_binary '951ebc38-0275-4161-811d-87bd05e7edcb\0\0\0\0\0\0\0\0\0\0\0\0\0\0\0\0\0\0\0\0\0\0\0\0','51481','Sincere68@hotmail.com','70-792-736','2018-12-18 21:13:20',99,3,_binary 'https://s3.amazonaws.com/uifaces/faces/twitter/jeremiaha/128.jpg',0),(100,'Kaycee','Bayer','Newton.Herzog85',_binary '6d0aa216-585e-4d47-914a-c6aa1ebe6d94\0\0\0\0\0\0\0\0\0\0\0\0\0\0\0\0\0\0\0\0\0\0\0\0','82419','Christ.Schumm52@gmail.com','42-28-887','2018-12-19 09:40:59',100,2,_binary 'https://s3.amazonaws.com/uifaces/faces/twitter/iamglimy/128.jpg',1),(101,'Elton','VonRueden','Hal_Johns',_binary '2b01fb64-cd07-4869-bc24-119dd1b30e36\0\0\0\0\0\0\0\0\0\0\0\0\0\0\0\0\0\0\0\0\0\0\0\0','61087','Amber_Altenwerth@yahoo.com','20-769-37','2018-12-19 07:49:48',101,2,_binary 'https://s3.amazonaws.com/uifaces/faces/twitter/kostaspt/128.jpg',1),(102,'Marcia','Morar','Vicenta55',_binary '16ac0b97-2be8-401c-81de-bd684c39ecfe\0\0\0\0\0\0\0\0\0\0\0\0\0\0\0\0\0\0\0\0\0\0\0\0','32162','Randal_Witting@yahoo.com','77-651-442','2018-12-18 21:24:26',102,1,_binary 'https://s3.amazonaws.com/uifaces/faces/twitter/brandclay/128.jpg',0),(103,'Amani','DuBuque','Anya.Mayer',_binary '38002744-f3b6-440d-a197-9fd77a151212\0\0\0\0\0\0\0\0\0\0\0\0\0\0\0\0\0\0\0\0\0\0\0\0','24235','Archibald_Kertzmann71@hotmail.com','717-304-955','2018-12-19 02:05:30',103,4,_binary 'https://s3.amazonaws.com/uifaces/faces/twitter/shanehudson/128.jpg',1),(104,'Dillan','Sporer','Coralie16',_binary 'b4b56ad2-02bf-4a2e-abcc-8c48f9c9bb30\0\0\0\0\0\0\0\0\0\0\0\0\0\0\0\0\0\0\0\0\0\0\0\0','98011','Caleb62@yahoo.com','653-938-54','2018-12-19 02:16:52',104,4,_binary 'https://s3.amazonaws.com/uifaces/faces/twitter/_kkga/128.jpg',0),(105,'Claud','Hermann','Zella_Nienow',_binary '2349a9e3-8457-46ea-a478-4882a493c3ab\0\0\0\0\0\0\0\0\0\0\0\0\0\0\0\0\0\0\0\0\0\0\0\0','63719','Daija_Sporer@gmail.com','851-400-234','2018-12-19 03:17:13',105,1,_binary 'https://s3.amazonaws.com/uifaces/faces/twitter/algunsanabria/128.jpg',1),(106,'Benny','Wiza','Annamae_Lakin85',_binary '3323abd3-c483-497d-af0b-388206827114\0\0\0\0\0\0\0\0\0\0\0\0\0\0\0\0\0\0\0\0\0\0\0\0','63548','Tanner.Emmerich@yahoo.com','916-842-65','2018-12-19 04:28:15',106,1,_binary 'https://s3.amazonaws.com/uifaces/faces/twitter/rikas/128.jpg',0),(107,'Lee','Wilderman','Eugene_Rodriguez',_binary 'e5a868fd-ac9c-434c-b6f2-a4b6827f0bbe\0\0\0\0\0\0\0\0\0\0\0\0\0\0\0\0\0\0\0\0\0\0\0\0','41537','Rhoda1@hotmail.com','363-351-625','2018-12-19 10:15:43',107,3,_binary 'https://s3.amazonaws.com/uifaces/faces/twitter/iamjdeleon/128.jpg',0),(108,'Jan','Kessler','Jamir.Keebler25',_binary 'd62a2bde-b032-4e4e-973d-8ebb2f801456\0\0\0\0\0\0\0\0\0\0\0\0\0\0\0\0\0\0\0\0\0\0\0\0','22810','Monte70@yahoo.com','177-311-487','2018-12-18 23:11:04',108,1,_binary 'https://s3.amazonaws.com/uifaces/faces/twitter/geobikas/128.jpg',1),(109,'Althea','Gorczany','Noelia.Hodkiewicz34',_binary '35e4bb5a-9f84-4e10-b9cb-2e160d6a5c9b\0\0\0\0\0\0\0\0\0\0\0\0\0\0\0\0\0\0\0\0\0\0\0\0','72625','Alvis_Erdman43@yahoo.com','924-284-509','2018-12-18 18:26:14',109,2,_binary 'https://s3.amazonaws.com/uifaces/faces/twitter/martinansty/128.jpg',0),(110,'Keyshawn','McGlynn','Adam_Brown',_binary '34b65050-311e-4f80-8d25-bbfc1c659667\0\0\0\0\0\0\0\0\0\0\0\0\0\0\0\0\0\0\0\0\0\0\0\0','59071','Kianna6@gmail.com','665-137-963','2018-12-19 02:44:19',110,1,_binary 'https://s3.amazonaws.com/uifaces/faces/twitter/nilshelmersson/128.jpg',0),(111,'Rosalind','Farrell','Eddie_Kovacek',_binary '64e4ddd0-2a8a-4d2b-8e35-9d0d9ff2a69f\0\0\0\0\0\0\0\0\0\0\0\0\0\0\0\0\0\0\0\0\0\0\0\0','4667','Viola.Feil96@yahoo.com','17-958-726','2018-12-19 12:22:54',111,2,_binary 'https://s3.amazonaws.com/uifaces/faces/twitter/privetwagner/128.jpg',1),(112,'Ettie','Osinski','Brant_Jast86',_binary 'f058fc38-3c44-46ed-b92a-e1f965227bd1\0\0\0\0\0\0\0\0\0\0\0\0\0\0\0\0\0\0\0\0\0\0\0\0','39698','Everette_Champlin66@hotmail.com','50-131-250','2018-12-19 01:14:16',112,1,_binary 'https://s3.amazonaws.com/uifaces/faces/twitter/brenton_clarke/128.jpg',0),(113,'Kamille','Corwin','Franz97',_binary '1eb177cc-dd8c-4bc1-89c8-20d3569084ff\0\0\0\0\0\0\0\0\0\0\0\0\0\0\0\0\0\0\0\0\0\0\0\0','87824','Cristobal81@hotmail.com','72-852-315','2018-12-19 00:37:51',113,1,_binary 'https://s3.amazonaws.com/uifaces/faces/twitter/mymyboy/128.jpg',1),(114,'Rico','Douglas','Billy_Kuhlman47',_binary '75acb64d-9b2f-4ef8-b8ea-e676b1021f2e\0\0\0\0\0\0\0\0\0\0\0\0\0\0\0\0\0\0\0\0\0\0\0\0','67509','Aylin.White@hotmail.com','857-931-445','2018-12-19 08:32:09',114,2,_binary 'https://s3.amazonaws.com/uifaces/faces/twitter/constantx/128.jpg',1),(115,'Hassie','Williamson','Edmond76',_binary '5fe2167c-2f02-4b61-a13c-610f73c8b076\0\0\0\0\0\0\0\0\0\0\0\0\0\0\0\0\0\0\0\0\0\0\0\0','28531','Duncan_Heidenreich@yahoo.com','150-578-332','2018-12-18 14:58:50',115,3,_binary 'https://s3.amazonaws.com/uifaces/faces/twitter/craigrcoles/128.jpg',1),(116,'Ova','Graham','Elda.Parker',_binary 'fa4a700e-7e5f-4535-ac08-63a35fb5184a\0\0\0\0\0\0\0\0\0\0\0\0\0\0\0\0\0\0\0\0\0\0\0\0','92647','Ona.Stamm98@yahoo.com','335-925-172','2018-12-18 20:33:35',116,4,_binary 'https://s3.amazonaws.com/uifaces/faces/twitter/stan/128.jpg',1),(117,'Magnus','Yost','Emmett27',_binary '854127de-5b22-461e-9f3c-a233d2c0c1bc\0\0\0\0\0\0\0\0\0\0\0\0\0\0\0\0\0\0\0\0\0\0\0\0','4900','Jackson.Christiansen58@yahoo.com','929-506-249','2018-12-19 05:38:43',117,2,_binary 'https://s3.amazonaws.com/uifaces/faces/twitter/adamawesomeface/128.jpg',1),(118,'Gabriella','Stamm','Tanya.Wiza0',_binary '2f741cc8-24bf-4068-bedf-09a34053773e\0\0\0\0\0\0\0\0\0\0\0\0\0\0\0\0\0\0\0\0\0\0\0\0','80791','Alek_Robel@gmail.com','673-361-72','2018-12-19 08:11:46',118,2,_binary 'https://s3.amazonaws.com/uifaces/faces/twitter/kijanmaharjan/128.jpg',0),(119,'Katelyn','Yost','Libby.Conn88',_binary '3a2cca25-1113-4282-9cba-3cc760a2c40b\0\0\0\0\0\0\0\0\0\0\0\0\0\0\0\0\0\0\0\0\0\0\0\0','73485','Lamar.Dietrich50@gmail.com','258-813-496','2018-12-19 12:23:48',119,3,_binary 'https://s3.amazonaws.com/uifaces/faces/twitter/brandonflatsoda/128.jpg',1),(120,'Melyssa','Lebsack','Lourdes_Champlin',_binary 'e43118d3-e254-4014-8b55-12fc76c1b213\0\0\0\0\0\0\0\0\0\0\0\0\0\0\0\0\0\0\0\0\0\0\0\0','32470','Raquel.Murphy23@yahoo.com','469-184-776','2018-12-18 20:53:57',120,2,_binary 'https://s3.amazonaws.com/uifaces/faces/twitter/mhesslow/128.jpg',1),(121,'Karli','Feest','Vicky_Waelchi',_binary '1de66b04-4f96-452b-a2e0-8ea5b3fd6608\0\0\0\0\0\0\0\0\0\0\0\0\0\0\0\0\0\0\0\0\0\0\0\0','10473','Jaunita62@hotmail.com','839-536-916','2018-12-19 06:03:37',121,4,_binary 'https://s3.amazonaws.com/uifaces/faces/twitter/suprb/128.jpg',0),(122,'Shanon','Stoltenberg','Brandi_Rutherford18',_binary '75caa406-59f7-42fe-91d5-54b0240f18bd\0\0\0\0\0\0\0\0\0\0\0\0\0\0\0\0\0\0\0\0\0\0\0\0','1998','Alejandrin.Krajcik64@hotmail.com','222-21-840','2018-12-18 20:14:00',122,1,_binary 'https://s3.amazonaws.com/uifaces/faces/twitter/cicerobr/128.jpg',0),(123,'Salma','Marvin','Sydnee46',_binary '77438082-b99c-4451-93b0-17427922b0fa\0\0\0\0\0\0\0\0\0\0\0\0\0\0\0\0\0\0\0\0\0\0\0\0','29201','Dominic.Murazik25@hotmail.com','888-859-262','2018-12-18 21:44:42',123,4,_binary 'https://s3.amazonaws.com/uifaces/faces/twitter/vaughanmoffitt/128.jpg',0),(124,'Robert','Erdman','Berneice88',_binary '23ebfc33-0978-4530-a15d-fe5c62af9ddb\0\0\0\0\0\0\0\0\0\0\0\0\0\0\0\0\0\0\0\0\0\0\0\0','15875','Charles.Green@yahoo.com','168-780-700','2018-12-18 19:24:19',124,4,_binary 'https://s3.amazonaws.com/uifaces/faces/twitter/kevinoh/128.jpg',0),(125,'Hulda','Terry','Rickey45',_binary '1d7ea227-6085-4753-8238-00a5a3df60f5\0\0\0\0\0\0\0\0\0\0\0\0\0\0\0\0\0\0\0\0\0\0\0\0','22523','Brielle19@yahoo.com','885-838-337','2018-12-18 16:50:29',125,2,_binary 'https://s3.amazonaws.com/uifaces/faces/twitter/tanveerrao/128.jpg',0),(126,'Phoebe','Becker','Kaylah_Boyer90',_binary 'e3ee263a-d70b-4e5f-8edc-09f79ca5dc68\0\0\0\0\0\0\0\0\0\0\0\0\0\0\0\0\0\0\0\0\0\0\0\0','81839','Hiram_McDermott@gmail.com','97-398-1','2018-12-18 17:19:20',126,2,_binary 'https://s3.amazonaws.com/uifaces/faces/twitter/mahmoudmetwally/128.jpg',0),(127,'Electa','Wintheiser','Daryl.Rutherford58',_binary 'f4b6324c-3285-49ec-a632-008d7c6b5111\0\0\0\0\0\0\0\0\0\0\0\0\0\0\0\0\0\0\0\0\0\0\0\0','30930','Kenneth86@hotmail.com','175-951-172','2018-12-18 17:52:43',127,2,_binary 'https://s3.amazonaws.com/uifaces/faces/twitter/soffes/128.jpg',0),(128,'Kiera','Cassin','Roselyn64',_binary '5768587c-010b-40d0-9dba-3671efce67ae\0\0\0\0\0\0\0\0\0\0\0\0\0\0\0\0\0\0\0\0\0\0\0\0','92576','Lenora50@yahoo.com','3-312-56','2018-12-18 18:44:58',128,2,_binary 'https://s3.amazonaws.com/uifaces/faces/twitter/saarabpreet/128.jpg',0),(129,'Petra','Prosacco','Bonnie.Schimmel',_binary 'a25bc3d3-688f-49db-bc73-c91a1aba585d\0\0\0\0\0\0\0\0\0\0\0\0\0\0\0\0\0\0\0\0\0\0\0\0','7031','Stephon19@hotmail.com','267-356-688','2018-12-18 15:57:27',129,2,_binary 'https://s3.amazonaws.com/uifaces/faces/twitter/areandacom/128.jpg',0),(130,'Karelle','Okuneva','Colten5',_binary '4f8cb6b6-835c-47a1-80e7-5126c0849fe1\0\0\0\0\0\0\0\0\0\0\0\0\0\0\0\0\0\0\0\0\0\0\0\0','75897','Jeremy23@gmail.com','920-545-177','2018-12-19 11:46:00',130,4,_binary 'https://s3.amazonaws.com/uifaces/faces/twitter/gabrielrosser/128.jpg',0),(131,'Trinity','Lebsack','Shaina_Wilkinson57',_binary 'e676f26d-7a9a-4d87-9dd0-fba72ba0ff79\0\0\0\0\0\0\0\0\0\0\0\0\0\0\0\0\0\0\0\0\0\0\0\0','56457','Nick.Hodkiewicz32@gmail.com','891-712-315','2018-12-19 03:23:30',131,3,_binary 'https://s3.amazonaws.com/uifaces/faces/twitter/snowshade/128.jpg',1),(132,'Mack','Kirlin','Elmore.Schulist',_binary 'a1cf7147-3f0b-4171-ad78-3a1be9cc0a60\0\0\0\0\0\0\0\0\0\0\0\0\0\0\0\0\0\0\0\0\0\0\0\0','97749','Aubrey41@yahoo.com','887-705-859','2018-12-19 00:29:13',132,1,_binary 'https://s3.amazonaws.com/uifaces/faces/twitter/silvanmuhlemann/128.jpg',0),(133,'Tressie','Hermann','Santa.Effertz84',_binary 'a948b4d5-d0a2-4267-8354-79ae4e3fceec\0\0\0\0\0\0\0\0\0\0\0\0\0\0\0\0\0\0\0\0\0\0\0\0','55778','Hoyt.Abernathy12@gmail.com','195-562-878','2018-12-19 09:14:36',133,2,_binary 'https://s3.amazonaws.com/uifaces/faces/twitter/victorstuber/128.jpg',0),(134,'Brown','Carroll','Abbigail22',_binary '9cda8f91-9fb6-46ff-b77a-1d8fe776198b\0\0\0\0\0\0\0\0\0\0\0\0\0\0\0\0\0\0\0\0\0\0\0\0','90589','Randi.Bartell2@gmail.com','752-583-972','2018-12-19 08:39:50',134,4,_binary 'https://s3.amazonaws.com/uifaces/faces/twitter/gt/128.jpg',0),(135,'Nelda','Satterfield','Turner.Wisozk85',_binary '113e5e07-c4b4-46be-b9c3-be428567caa4\0\0\0\0\0\0\0\0\0\0\0\0\0\0\0\0\0\0\0\0\0\0\0\0','76497','Moshe.Prohaska@hotmail.com','56-318-912','2018-12-19 09:51:56',135,4,_binary 'https://s3.amazonaws.com/uifaces/faces/twitter/aislinnkelly/128.jpg',0),(136,'Isac','Schmidt','River_Spinka',_binary '8cc5fa20-4bdc-45cb-b12d-875a8082da49\0\0\0\0\0\0\0\0\0\0\0\0\0\0\0\0\0\0\0\0\0\0\0\0','3032','Arden.McDermott@yahoo.com','880-932-519','2018-12-19 13:56:10',136,4,_binary 'https://s3.amazonaws.com/uifaces/faces/twitter/mangosango/128.jpg',0),(137,'Zena','Botsford','Ryley_Huel',_binary '4553bc30-aecf-4439-ad4b-fa7e32c27828\0\0\0\0\0\0\0\0\0\0\0\0\0\0\0\0\0\0\0\0\0\0\0\0','75991','Eldridge_OKon@yahoo.com','406-546-595','2018-12-19 06:52:45',137,4,_binary 'https://s3.amazonaws.com/uifaces/faces/twitter/kostaspt/128.jpg',0),(138,'Geovany','Lubowitz','Tyrique.Bradtke76',_binary '2cfaacee-96c1-4321-abb8-03d46afa8399\0\0\0\0\0\0\0\0\0\0\0\0\0\0\0\0\0\0\0\0\0\0\0\0','80864','Warren_Cormier70@yahoo.com','691-32-332','2018-12-19 03:23:06',138,2,_binary 'https://s3.amazonaws.com/uifaces/faces/twitter/mekal/128.jpg',0),(139,'Alda','Schaefer','Cindy_Hauck',_binary 'a6267ab3-5af2-4753-b2e3-cde4b0cb1fad\0\0\0\0\0\0\0\0\0\0\0\0\0\0\0\0\0\0\0\0\0\0\0\0','87297','Gordon78@gmail.com','59-249-81','2018-12-18 20:21:13',139,3,_binary 'https://s3.amazonaws.com/uifaces/faces/twitter/damenleeturks/128.jpg',0),(140,'Zoila','Bailey','Forest_Spinka',_binary 'd8ddc9e4-db7d-4a03-8151-e244e135623c\0\0\0\0\0\0\0\0\0\0\0\0\0\0\0\0\0\0\0\0\0\0\0\0','12087','Talia.Friesen@gmail.com','900-271-979','2018-12-18 16:55:02',140,3,_binary 'https://s3.amazonaws.com/uifaces/faces/twitter/quailandquasar/128.jpg',0),(141,'Amani','Keebler','Osbaldo.Simonis44',_binary '1918b8b1-c930-4e4e-9073-d7a39dc70412\0\0\0\0\0\0\0\0\0\0\0\0\0\0\0\0\0\0\0\0\0\0\0\0','13092','Makenna.Bergstrom@gmail.com','981-837-110','2018-12-19 02:13:34',141,1,_binary 'https://s3.amazonaws.com/uifaces/faces/twitter/fiterik/128.jpg',1),(142,'Felicity','Howell','Loy.Swaniawski',_binary '9a742602-7d7a-427b-b372-66c278c85baf\0\0\0\0\0\0\0\0\0\0\0\0\0\0\0\0\0\0\0\0\0\0\0\0','24370','Krystina_OKeefe43@hotmail.com','798-437-134','2018-12-18 22:22:12',142,1,_binary 'https://s3.amazonaws.com/uifaces/faces/twitter/bartjo/128.jpg',1),(143,'Wava','Armstrong','Dagmar82',_binary '9841dabd-53ff-488a-9bbf-f2a0e0fe6576\0\0\0\0\0\0\0\0\0\0\0\0\0\0\0\0\0\0\0\0\0\0\0\0','26292','Isabell.Klein@gmail.com','47-325-443','2018-12-19 11:01:31',143,4,_binary 'https://s3.amazonaws.com/uifaces/faces/twitter/nyancecom/128.jpg',1),(144,'Gracie','Feeney','Ulises83',_binary 'bde9f732-b999-42e9-a9bc-0618919a39dd\0\0\0\0\0\0\0\0\0\0\0\0\0\0\0\0\0\0\0\0\0\0\0\0','23815','Halle.Beer@yahoo.com','506-18-762','2018-12-18 15:50:29',144,2,_binary 'https://s3.amazonaws.com/uifaces/faces/twitter/maxlinderman/128.jpg',0),(145,'Lennie','Anderson','Wellington_Fahey',_binary '94f3b405-0e9d-441c-b7f0-93d7406a6dc1\0\0\0\0\0\0\0\0\0\0\0\0\0\0\0\0\0\0\0\0\0\0\0\0','29509','Alphonso_Swaniawski98@hotmail.com','336-407-665','2018-12-18 15:11:30',145,3,_binary 'https://s3.amazonaws.com/uifaces/faces/twitter/sta1ex/128.jpg',1),(146,'Morris','O\'Keefe','Barbara.Torp',_binary '41d8f3fd-0971-4cf6-9681-8905fa3c33cc\0\0\0\0\0\0\0\0\0\0\0\0\0\0\0\0\0\0\0\0\0\0\0\0','97853','Rodger_Stanton50@gmail.com','354-508-545','2018-12-19 02:39:30',146,3,_binary 'https://s3.amazonaws.com/uifaces/faces/twitter/coreyhaggard/128.jpg',0),(147,'Weldon','Ledner','Erika32',_binary '5912cbfd-9b89-40a3-a1e8-b4b67fd038fd\0\0\0\0\0\0\0\0\0\0\0\0\0\0\0\0\0\0\0\0\0\0\0\0','59992','Enola_Herzog@gmail.com','960-25-592','2018-12-18 15:16:55',147,2,_binary 'https://s3.amazonaws.com/uifaces/faces/twitter/geshan/128.jpg',1),(148,'Alanis','Pouros','Chandler.Erdman87',_binary '2d3a2bc8-d60a-48d4-9a2e-4d685ee16bea\0\0\0\0\0\0\0\0\0\0\0\0\0\0\0\0\0\0\0\0\0\0\0\0','554','Charley84@yahoo.com','156-889-781','2018-12-19 08:01:04',148,4,_binary 'https://s3.amazonaws.com/uifaces/faces/twitter/Chakintosh/128.jpg',0),(149,'Concepcion','Armstrong','Rahul_Harvey15',_binary '467f6fe7-bc29-4d57-ac4e-5d130798acd8\0\0\0\0\0\0\0\0\0\0\0\0\0\0\0\0\0\0\0\0\0\0\0\0','72451','Lesley.McGlynn27@yahoo.com','514-618-432','2018-12-19 00:38:51',149,4,_binary 'https://s3.amazonaws.com/uifaces/faces/twitter/hiemil/128.jpg',1),(150,'Elliott','Hyatt','Macy.Boyer45',_binary 'a18a6529-b1d4-4a67-97cf-141e1c6214ec\0\0\0\0\0\0\0\0\0\0\0\0\0\0\0\0\0\0\0\0\0\0\0\0','35193','Reagan_Thiel90@yahoo.com','566-225-269','2018-12-18 14:18:14',150,2,_binary 'https://s3.amazonaws.com/uifaces/faces/twitter/ismail_biltagi/128.jpg',0),(151,'Finn','Baumbach','Jedidiah.Gerlach22',_binary '2f5a0829-ca27-4e58-8196-afad8efec04d\0\0\0\0\0\0\0\0\0\0\0\0\0\0\0\0\0\0\0\0\0\0\0\0','77626','Anabelle43@yahoo.com','998-207-434','2018-12-19 09:40:01',151,4,_binary 'https://s3.amazonaws.com/uifaces/faces/twitter/ahmetsulek/128.jpg',1),(152,'Blake','Rolfson','Moriah97',_binary 'c9889e58-045d-4fb4-a908-a68892f0318d\0\0\0\0\0\0\0\0\0\0\0\0\0\0\0\0\0\0\0\0\0\0\0\0','67987','Jedidiah86@yahoo.com','62-945-395','2018-12-19 11:47:24',152,2,_binary 'https://s3.amazonaws.com/uifaces/faces/twitter/mhaligowski/128.jpg',0),(153,'Emerson','Kshlerin','Neoma81',_binary '21cc6401-c2cc-4a9b-8d68-098e7f1e70bb\0\0\0\0\0\0\0\0\0\0\0\0\0\0\0\0\0\0\0\0\0\0\0\0','97389','Jane85@hotmail.com','433-764-943','2018-12-19 07:17:30',153,1,_binary 'https://s3.amazonaws.com/uifaces/faces/twitter/isnifer/128.jpg',0),(154,'Howell','Kautzer','Jameson46',_binary '7c35787e-1219-4645-b861-10f441e2b55c\0\0\0\0\0\0\0\0\0\0\0\0\0\0\0\0\0\0\0\0\0\0\0\0','52415','Rosella55@yahoo.com','343-141-281','2018-12-19 09:12:59',154,2,_binary 'https://s3.amazonaws.com/uifaces/faces/twitter/atanism/128.jpg',1),(155,'Colten','Schiller','Dorothea_Hahn33',_binary 'bb4703a2-062f-47df-baf6-dea7513f9a2f\0\0\0\0\0\0\0\0\0\0\0\0\0\0\0\0\0\0\0\0\0\0\0\0','14255','Carley.Nader22@gmail.com','619-294-835','2018-12-19 03:07:54',155,2,_binary 'https://s3.amazonaws.com/uifaces/faces/twitter/_kkga/128.jpg',0),(156,'Augusta','Howell','Sally82',_binary '5d9a2d24-5bb5-4885-8893-89120d43396f\0\0\0\0\0\0\0\0\0\0\0\0\0\0\0\0\0\0\0\0\0\0\0\0','48498','Wilford_Cremin22@hotmail.com','251-817-396','2018-12-19 05:21:03',156,3,_binary 'https://s3.amazonaws.com/uifaces/faces/twitter/coreyhaggard/128.jpg',1),(157,'Johnson','Schuster','Shakira_Rath45',_binary '131cb575-4198-436a-a0c6-5510fc615e19\0\0\0\0\0\0\0\0\0\0\0\0\0\0\0\0\0\0\0\0\0\0\0\0','65637','Mallory_Smitham@gmail.com','452-984-313','2018-12-18 20:36:25',157,1,_binary 'https://s3.amazonaws.com/uifaces/faces/twitter/derienzo777/128.jpg',0),(158,'Remington','Turcotte','Thomas_Waelchi',_binary '444cb6e1-3099-484b-9159-df4e8abeb962\0\0\0\0\0\0\0\0\0\0\0\0\0\0\0\0\0\0\0\0\0\0\0\0','32695','Ottis.Hirthe@gmail.com','294-397-341','2018-12-19 05:30:54',158,3,_binary 'https://s3.amazonaws.com/uifaces/faces/twitter/betraydan/128.jpg',1),(159,'Laurel','Feil','Dillon.Turcotte57',_binary '8dc972b9-142f-4d55-9de9-ee949ebc3f46\0\0\0\0\0\0\0\0\0\0\0\0\0\0\0\0\0\0\0\0\0\0\0\0','37853','Willard_Lakin97@hotmail.com','845-428-726','2018-12-19 09:33:24',159,3,_binary 'https://s3.amazonaws.com/uifaces/faces/twitter/herrhaase/128.jpg',0),(160,'Werner','Hickle','Jolie.Olson6',_binary '3a779892-4d17-4574-9233-c2aa145e1392\0\0\0\0\0\0\0\0\0\0\0\0\0\0\0\0\0\0\0\0\0\0\0\0','41457','Samanta_Barrows62@hotmail.com','635-129-742','2018-12-18 14:51:38',160,1,_binary 'https://s3.amazonaws.com/uifaces/faces/twitter/ccinojasso1/128.jpg',1),(161,'Burley','Schmidt','Vickie60',_binary '33f5c214-d823-4421-8d21-eefda6fdcf8e\0\0\0\0\0\0\0\0\0\0\0\0\0\0\0\0\0\0\0\0\0\0\0\0','40812','Alessandro_Lesch@gmail.com','967-363-751','2018-12-19 10:35:47',161,2,_binary 'https://s3.amazonaws.com/uifaces/faces/twitter/eyronn/128.jpg',1),(162,'Derek','Dietrich','Alford.Zemlak99',_binary '8bf3075e-4bca-408f-9af1-15f8717be537\0\0\0\0\0\0\0\0\0\0\0\0\0\0\0\0\0\0\0\0\0\0\0\0','3427','Xavier_Becker77@gmail.com','768-119-987','2018-12-18 21:41:22',162,4,_binary 'https://s3.amazonaws.com/uifaces/faces/twitter/wikiziner/128.jpg',1),(163,'Newton','Ratke','Hipolito44',_binary '3cd8a848-6344-46ff-8aea-2bdcbb55ed4e\0\0\0\0\0\0\0\0\0\0\0\0\0\0\0\0\0\0\0\0\0\0\0\0','45616','Ashly_Bergstrom@yahoo.com','203-392-242','2018-12-19 03:03:18',163,2,_binary 'https://s3.amazonaws.com/uifaces/faces/twitter/andysolomon/128.jpg',0),(164,'Ella','Stehr','Kameron.Haley',_binary '7d730e85-590c-4dcf-953c-f1c936528976\0\0\0\0\0\0\0\0\0\0\0\0\0\0\0\0\0\0\0\0\0\0\0\0','87584','Shaniya18@hotmail.com','91-357-849','2018-12-19 13:29:40',164,2,_binary 'https://s3.amazonaws.com/uifaces/faces/twitter/de_ascanio/128.jpg',1),(165,'Marilie','Simonis','Arely.Rau60',_binary '437b9892-1a96-4b3b-b436-d410eed14bd4\0\0\0\0\0\0\0\0\0\0\0\0\0\0\0\0\0\0\0\0\0\0\0\0','7222','Cortez60@yahoo.com','482-278-331','2018-12-19 13:36:12',165,4,_binary 'https://s3.amazonaws.com/uifaces/faces/twitter/andytlaw/128.jpg',1),(166,'Davion','Roob','Fleta_Tillman90',_binary 'b3ede5db-2244-4880-a17a-1e349dabc559\0\0\0\0\0\0\0\0\0\0\0\0\0\0\0\0\0\0\0\0\0\0\0\0','93931','Esteban.Renner@yahoo.com','406-548-112','2018-12-19 08:15:40',166,2,_binary 'https://s3.amazonaws.com/uifaces/faces/twitter/kalmerrautam/128.jpg',1),(167,'Carli','Jaskolski','Corene_Gaylord97',_binary '6ed50c85-11cb-43c2-bbcc-b50d30dd1943\0\0\0\0\0\0\0\0\0\0\0\0\0\0\0\0\0\0\0\0\0\0\0\0','43963','Kelley20@gmail.com','670-457-760','2018-12-18 16:51:37',167,1,_binary 'https://s3.amazonaws.com/uifaces/faces/twitter/mymyboy/128.jpg',0),(168,'Macie','Lubowitz','Agnes_Johns',_binary '522fa888-4a93-45eb-9be2-d6c48b020d69\0\0\0\0\0\0\0\0\0\0\0\0\0\0\0\0\0\0\0\0\0\0\0\0','96946','Bernie88@hotmail.com','603-515-276','2018-12-19 04:04:08',168,1,_binary 'https://s3.amazonaws.com/uifaces/faces/twitter/gabrielrosser/128.jpg',0),(169,'Misael','Hermiston','Elwyn_Vandervort10',_binary 'd4275667-5ada-45a0-a1e9-8cc1071387b9\0\0\0\0\0\0\0\0\0\0\0\0\0\0\0\0\0\0\0\0\0\0\0\0','83375','Finn.Cruickshank42@hotmail.com','740-958-843','2018-12-19 13:17:55',169,3,_binary 'https://s3.amazonaws.com/uifaces/faces/twitter/lvovenok/128.jpg',1),(170,'Dariana','Emard','Lucio.Wilderman2',_binary 'b9f3f49d-6ad0-4bc8-ab5b-0a28df86d168\0\0\0\0\0\0\0\0\0\0\0\0\0\0\0\0\0\0\0\0\0\0\0\0','94113','Kevon87@gmail.com','126-462-793','2018-12-18 20:38:50',170,4,_binary 'https://s3.amazonaws.com/uifaces/faces/twitter/timgthomas/128.jpg',0),(171,'Mallie','Russel','Nannie.Bayer',_binary '43b225b1-fec5-4d81-b3bb-257d0d9db584\0\0\0\0\0\0\0\0\0\0\0\0\0\0\0\0\0\0\0\0\0\0\0\0','58037','Alene17@yahoo.com','872-399-283','2018-12-19 10:55:52',171,2,_binary 'https://s3.amazonaws.com/uifaces/faces/twitter/lebronjennan/128.jpg',1),(172,'Therese','Romaguera','Mac.Terry',_binary '0bade19f-7bbf-4a88-83cd-47f6db7188aa\0\0\0\0\0\0\0\0\0\0\0\0\0\0\0\0\0\0\0\0\0\0\0\0','10134','Aleen_OHara@gmail.com','892-681-129','2018-12-19 02:04:34',172,3,_binary 'https://s3.amazonaws.com/uifaces/faces/twitter/diesellaws/128.jpg',1),(173,'Shaina','Heathcote','Lenore_Bradtke',_binary '24ede66a-7f57-4b32-b9ee-91bd3dedaca3\0\0\0\0\0\0\0\0\0\0\0\0\0\0\0\0\0\0\0\0\0\0\0\0','87949','Gia_Waters@gmail.com','463-71-989','2018-12-19 07:13:45',173,2,_binary 'https://s3.amazonaws.com/uifaces/faces/twitter/normanbox/128.jpg',0),(174,'Brook','Feest','Chad_Russel20',_binary 'c5fe7fed-48b3-43c3-86a8-d22bd60701a2\0\0\0\0\0\0\0\0\0\0\0\0\0\0\0\0\0\0\0\0\0\0\0\0','28094','Maria.Jacobson4@gmail.com','616-624-686','2018-12-18 13:56:50',174,1,_binary 'https://s3.amazonaws.com/uifaces/faces/twitter/emileboudeling/128.jpg',0),(175,'Floy','Johnson','Meda_Krajcik',_binary 'bbfc3942-379e-4d6b-8d5b-c3c724d90acf\0\0\0\0\0\0\0\0\0\0\0\0\0\0\0\0\0\0\0\0\0\0\0\0','46400','Adolphus.Paucek31@yahoo.com','257-718-337','2018-12-19 13:52:56',175,2,_binary 'https://s3.amazonaws.com/uifaces/faces/twitter/rikas/128.jpg',0),(176,'Anabel','Torphy','Reilly64',_binary '361d1791-1f21-49ea-bdb8-766dfabccb3a\0\0\0\0\0\0\0\0\0\0\0\0\0\0\0\0\0\0\0\0\0\0\0\0','24342','Annamarie18@gmail.com','783-980-664','2018-12-19 00:00:01',176,2,_binary 'https://s3.amazonaws.com/uifaces/faces/twitter/suribbles/128.jpg',1),(177,'Ressie','Walsh','Adolphus28',_binary '8e53710e-fbd2-459a-870f-c88024a93bfa\0\0\0\0\0\0\0\0\0\0\0\0\0\0\0\0\0\0\0\0\0\0\0\0','20388','Thora_Hodkiewicz60@gmail.com','774-650-762','2018-12-19 07:28:48',177,3,_binary 'https://s3.amazonaws.com/uifaces/faces/twitter/rtgibbons/128.jpg',1),(178,'Leland','Runolfsdottir','Grayce_Howe12',_binary 'd9479e7e-47b9-4bda-9812-cf39c59170d7\0\0\0\0\0\0\0\0\0\0\0\0\0\0\0\0\0\0\0\0\0\0\0\0','45242','Juanita_Paucek@hotmail.com','772-352-113','2018-12-18 22:04:07',178,1,_binary 'https://s3.amazonaws.com/uifaces/faces/twitter/dingyi/128.jpg',0),(179,'Mina','Trantow','Shanel_Murphy5',_binary '07786a34-df75-472e-90c2-0b841d52434c\0\0\0\0\0\0\0\0\0\0\0\0\0\0\0\0\0\0\0\0\0\0\0\0','79638','Tatyana.Kris@hotmail.com','281-561-187','2018-12-18 16:39:15',179,4,_binary 'https://s3.amazonaws.com/uifaces/faces/twitter/dcalonaci/128.jpg',1),(180,'Doyle','Leuschke','Karlee.Hegmann88',_binary '7e8513e1-d0b9-44b3-a7e6-9d6c58ac8dd0\0\0\0\0\0\0\0\0\0\0\0\0\0\0\0\0\0\0\0\0\0\0\0\0','17037','Arch27@gmail.com','334-850-989','2018-12-19 07:03:25',180,1,_binary 'https://s3.amazonaws.com/uifaces/faces/twitter/ilya_pestov/128.jpg',0),(181,'Madisyn','Gusikowski','Maud22',_binary '57ccf396-c898-440a-8a71-50bf03e423b1\0\0\0\0\0\0\0\0\0\0\0\0\0\0\0\0\0\0\0\0\0\0\0\0','24890','Alfonso_Auer7@hotmail.com','959-308-335','2018-12-18 21:33:35',181,1,_binary 'https://s3.amazonaws.com/uifaces/faces/twitter/lhausermann/128.jpg',0),(182,'Dillon','Stamm','Ines.Zemlak',_binary 'd62a6bb4-ede5-4a0e-8a9c-cc4ce21afa64\0\0\0\0\0\0\0\0\0\0\0\0\0\0\0\0\0\0\0\0\0\0\0\0','6392','Jayda_Morar5@yahoo.com','315-643-152','2018-12-18 19:25:07',182,2,_binary 'https://s3.amazonaws.com/uifaces/faces/twitter/danillos/128.jpg',1),(183,'Art','Grant','Esther.Gleason38',_binary '32ae6531-ad0d-436f-9651-aa38452fcae6\0\0\0\0\0\0\0\0\0\0\0\0\0\0\0\0\0\0\0\0\0\0\0\0','49024','Adrienne19@gmail.com','352-825-935','2018-12-19 06:26:40',183,3,_binary 'https://s3.amazonaws.com/uifaces/faces/twitter/lonesomelemon/128.jpg',0),(184,'Mikel','Turner','Khalid.Upton',_binary '5d45d6e7-a31a-49d0-8b24-0f123d582a76\0\0\0\0\0\0\0\0\0\0\0\0\0\0\0\0\0\0\0\0\0\0\0\0','4005','Willa40@hotmail.com','273-883-718','2018-12-18 19:22:35',184,3,_binary 'https://s3.amazonaws.com/uifaces/faces/twitter/ssbb_me/128.jpg',1),(185,'Randy','Dietrich','Nils_McCullough96',_binary '3a90b3f0-d4a6-402b-9fd8-469f4aeed052\0\0\0\0\0\0\0\0\0\0\0\0\0\0\0\0\0\0\0\0\0\0\0\0','21912','Valentin_Jakubowski@hotmail.com','637-690-177','2018-12-19 12:13:18',185,3,_binary 'https://s3.amazonaws.com/uifaces/faces/twitter/angelcreative/128.jpg',0),(186,'Abdiel','Conroy','Araceli_Moore66',_binary '4493e93b-8f8f-47e3-9b04-1f852d4e62fd\0\0\0\0\0\0\0\0\0\0\0\0\0\0\0\0\0\0\0\0\0\0\0\0','73608','Rowena.Borer36@gmail.com','486-448-178','2018-12-19 01:21:26',186,1,_binary 'https://s3.amazonaws.com/uifaces/faces/twitter/conspirator/128.jpg',1),(187,'Eryn','Goodwin','Katherine.Terry82',_binary '600e1c01-b72a-4524-930a-a8a8672910aa\0\0\0\0\0\0\0\0\0\0\0\0\0\0\0\0\0\0\0\0\0\0\0\0','8777','Albertha_Gulgowski83@hotmail.com','219-875-127','2018-12-18 22:42:57',187,2,_binary 'https://s3.amazonaws.com/uifaces/faces/twitter/igorgarybaldi/128.jpg',0),(188,'April','Willms','Domenica_Moore73',_binary '5a1cfe24-0ea1-4141-b65d-7e4f7dbb65bb\0\0\0\0\0\0\0\0\0\0\0\0\0\0\0\0\0\0\0\0\0\0\0\0','35628','Toney_Collins63@yahoo.com','483-833-928','2018-12-18 14:56:18',188,3,_binary 'https://s3.amazonaws.com/uifaces/faces/twitter/kalmerrautam/128.jpg',1),(189,'Britney','Sauer','Laverna37',_binary '45fa4ea8-9a8c-4051-b465-18e7226e83e0\0\0\0\0\0\0\0\0\0\0\0\0\0\0\0\0\0\0\0\0\0\0\0\0','36793','Devon41@gmail.com','439-431-953','2018-12-19 02:56:41',189,2,_binary 'https://s3.amazonaws.com/uifaces/faces/twitter/laurengray/128.jpg',1),(190,'Payton','Effertz','Adolf_Roob93',_binary 'c3ac1abf-0079-4903-9d5f-0822fc4af2e2\0\0\0\0\0\0\0\0\0\0\0\0\0\0\0\0\0\0\0\0\0\0\0\0','83594','Javier_Ziemann@yahoo.com','187-244-486','2018-12-18 17:14:25',190,2,_binary 'https://s3.amazonaws.com/uifaces/faces/twitter/2fockus/128.jpg',1),(191,'Magnolia','Mohr','Alphonso_Douglas11',_binary '8412913c-2b76-4a13-b72a-acf6d25b0843\0\0\0\0\0\0\0\0\0\0\0\0\0\0\0\0\0\0\0\0\0\0\0\0','73062','Keyon_Cartwright21@yahoo.com','978-596-17','2018-12-19 10:37:35',191,4,_binary 'https://s3.amazonaws.com/uifaces/faces/twitter/elliotlewis/128.jpg',0),(192,'Elena','Hessel','Nedra_Armstrong92',_binary '0fe14666-1fca-469d-8b9e-adf5ba2a7bb7\0\0\0\0\0\0\0\0\0\0\0\0\0\0\0\0\0\0\0\0\0\0\0\0','45521','Larue.Nienow@hotmail.com','204-401-754','2018-12-18 19:36:03',192,3,_binary 'https://s3.amazonaws.com/uifaces/faces/twitter/adrienths/128.jpg',1),(193,'Amelie','Hegmann','Jerrell_Rodriguez55',_binary 'b8b45760-d49f-4591-a62f-d60336a886fa\0\0\0\0\0\0\0\0\0\0\0\0\0\0\0\0\0\0\0\0\0\0\0\0','52221','Cornelius.Grimes25@gmail.com','34-403-322','2018-12-18 15:07:28',193,1,_binary 'https://s3.amazonaws.com/uifaces/faces/twitter/weavermedia/128.jpg',0),(194,'Kari','Runolfsson','Jaren.Boyer',_binary '20601806-ed71-4f25-87f3-ac128be8cc65\0\0\0\0\0\0\0\0\0\0\0\0\0\0\0\0\0\0\0\0\0\0\0\0','59626','Kari67@hotmail.com','889-434-389','2018-12-18 21:10:33',194,4,_binary 'https://s3.amazonaws.com/uifaces/faces/twitter/lososina/128.jpg',0),(195,'Giles','Nicolas','Maci_Heathcote25',_binary '0a171d43-ed43-44a8-ab03-dba9af366a39\0\0\0\0\0\0\0\0\0\0\0\0\0\0\0\0\0\0\0\0\0\0\0\0','47622','Ericka_Kilback@gmail.com','200-91-278','2018-12-19 01:14:05',195,1,_binary 'https://s3.amazonaws.com/uifaces/faces/twitter/joshuaraichur/128.jpg',1),(196,'Zechariah','Hills','Etha98',_binary 'a7cebb0d-9de8-43ee-8cb1-58a631f3ba1b\0\0\0\0\0\0\0\0\0\0\0\0\0\0\0\0\0\0\0\0\0\0\0\0','13844','Erik26@yahoo.com','236-794-746','2018-12-19 06:17:50',196,2,_binary 'https://s3.amazonaws.com/uifaces/faces/twitter/nicollerich/128.jpg',0),(197,'Retha','Bosco','Oma.Schowalter83',_binary 'cd57c1a4-df48-4111-8263-cedc9e6c0a04\0\0\0\0\0\0\0\0\0\0\0\0\0\0\0\0\0\0\0\0\0\0\0\0','38571','Shyann.Herman61@gmail.com','997-729-374','2018-12-18 23:18:36',197,2,_binary 'https://s3.amazonaws.com/uifaces/faces/twitter/kianoshp/128.jpg',0),(198,'Skyla','Borer','Tristian.Jerde27',_binary '505b2a91-b823-4bc2-882c-90ef01c2c070\0\0\0\0\0\0\0\0\0\0\0\0\0\0\0\0\0\0\0\0\0\0\0\0','70618','Emanuel_Kirlin@gmail.com','933-301-363','2018-12-19 10:07:10',198,3,_binary 'https://s3.amazonaws.com/uifaces/faces/twitter/anatolinicolae/128.jpg',0),(199,'Norene','Brakus','Keenan_Gutkowski',_binary 'dd56f164-9ff8-487b-bf0f-fe223d4937b9\0\0\0\0\0\0\0\0\0\0\0\0\0\0\0\0\0\0\0\0\0\0\0\0','2269','Wilford.Collier94@gmail.com','928-227-221','2018-12-18 18:49:59',199,1,_binary 'https://s3.amazonaws.com/uifaces/faces/twitter/adhiardana/128.jpg',0),(200,'Zackery','McGlynn','Tyrel_Conroy60',_binary '207d44dd-eb8d-44a6-b6c1-84cee3123525\0\0\0\0\0\0\0\0\0\0\0\0\0\0\0\0\0\0\0\0\0\0\0\0','40292','Stacy67@hotmail.com','167-376-148','2018-12-19 04:46:11',200,2,_binary 'https://s3.amazonaws.com/uifaces/faces/twitter/ivanfilipovbg/128.jpg',1),(201,'Karlee','O\'Connell','Wilford16',_binary '339ca117-68bc-4116-b035-6951d1083575\0\0\0\0\0\0\0\0\0\0\0\0\0\0\0\0\0\0\0\0\0\0\0\0','37233','Bonnie76@yahoo.com','204-885-430','2018-12-19 13:24:04',201,4,_binary 'https://s3.amazonaws.com/uifaces/faces/twitter/lewisainslie/128.jpg',0),(202,'Marlen','Beer','Mafalda_Lang6',_binary 'f8aa750c-3fd7-4ecd-bc4f-45a46248a987\0\0\0\0\0\0\0\0\0\0\0\0\0\0\0\0\0\0\0\0\0\0\0\0','99762','Josefa_Ziemann@yahoo.com','745-477-570','2018-12-19 12:29:35',202,1,_binary 'https://s3.amazonaws.com/uifaces/faces/twitter/imcoding/128.jpg',0),(203,'Hilbert','Hand','Macey47',_binary '94451b2a-5d14-4287-aea5-0ceb0e45669f\0\0\0\0\0\0\0\0\0\0\0\0\0\0\0\0\0\0\0\0\0\0\0\0','65483','Missouri.Toy@yahoo.com','762-338-152','2018-12-19 03:08:27',203,1,_binary 'https://s3.amazonaws.com/uifaces/faces/twitter/dotgridline/128.jpg',0),(204,'Shaina','Jacobson','Letha21',_binary '81db1f72-067d-47c5-8245-9f67d9de6a57\0\0\0\0\0\0\0\0\0\0\0\0\0\0\0\0\0\0\0\0\0\0\0\0','72205','Christina90@hotmail.com','512-524-658','2018-12-18 19:01:34',204,3,_binary 'https://s3.amazonaws.com/uifaces/faces/twitter/noufalibrahim/128.jpg',1),(205,'Milan','Greenholt','Jodie_Goldner57',_binary '9fdc1557-4b4f-4832-970f-c3c28f76cd98\0\0\0\0\0\0\0\0\0\0\0\0\0\0\0\0\0\0\0\0\0\0\0\0','33953','Dock_Mante54@hotmail.com','96-659-53','2018-12-19 05:50:42',205,4,_binary 'https://s3.amazonaws.com/uifaces/faces/twitter/prinzadi/128.jpg',0),(206,'Zack','Kuphal','Felipe54',_binary 'f18e82ce-6bbf-47a7-b5a3-b3900a4d7ed1\0\0\0\0\0\0\0\0\0\0\0\0\0\0\0\0\0\0\0\0\0\0\0\0','58854','Ilene53@gmail.com','745-353-980','2018-12-19 11:01:12',206,2,_binary 'https://s3.amazonaws.com/uifaces/faces/twitter/byryan/128.jpg',0),(207,'Jose','Turner','Lue_Erdman65',_binary '4ed9bc6b-d16b-45e3-9415-fc38ac5f3b69\0\0\0\0\0\0\0\0\0\0\0\0\0\0\0\0\0\0\0\0\0\0\0\0','85707','Earline72@hotmail.com','784-828-52','2018-12-19 13:06:14',207,4,_binary 'https://s3.amazonaws.com/uifaces/faces/twitter/cemshid/128.jpg',1),(208,'Jonathon','Abernathy','Rodger18',_binary '79931cc3-dfe4-471f-b4f8-e4c2e8472ba3\0\0\0\0\0\0\0\0\0\0\0\0\0\0\0\0\0\0\0\0\0\0\0\0','31284','Fritz.Turcotte@yahoo.com','334-180-288','2018-12-19 08:22:37',208,4,_binary 'https://s3.amazonaws.com/uifaces/faces/twitter/gearpixels/128.jpg',1),(209,'Candida','Windler','Chet.West',_binary '616c0c05-014d-4c47-b571-4a23c0d22983\0\0\0\0\0\0\0\0\0\0\0\0\0\0\0\0\0\0\0\0\0\0\0\0','11394','Missouri_Balistreri@yahoo.com','159-87-952','2018-12-19 13:12:11',209,2,_binary 'https://s3.amazonaws.com/uifaces/faces/twitter/pifagor/128.jpg',1),(210,'Yadira','Streich','Cordie33',_binary 'dc765b5f-33b4-48c7-b758-466ceeca51eb\0\0\0\0\0\0\0\0\0\0\0\0\0\0\0\0\0\0\0\0\0\0\0\0','8705','Dejon_Keebler41@yahoo.com','333-357-927','2018-12-18 15:55:39',210,4,_binary 'https://s3.amazonaws.com/uifaces/faces/twitter/keryilmaz/128.jpg',1),(211,'Marquis','Dooley','Maymie_Greenholt43',_binary '74910a7f-a268-46ac-9a36-56561d396b6b\0\0\0\0\0\0\0\0\0\0\0\0\0\0\0\0\0\0\0\0\0\0\0\0','5208','Aditya28@yahoo.com','421-838-42','2018-12-19 09:37:48',211,3,_binary 'https://s3.amazonaws.com/uifaces/faces/twitter/ariil/128.jpg',1),(212,'Maria','Tremblay','Dessie25',_binary '790f6145-9509-484a-a0da-0005307a0d3f\0\0\0\0\0\0\0\0\0\0\0\0\0\0\0\0\0\0\0\0\0\0\0\0','39352','Isidro_Mosciski@yahoo.com','560-448-770','2018-12-19 10:50:15',212,4,_binary 'https://s3.amazonaws.com/uifaces/faces/twitter/panghal0/128.jpg',1),(213,'Maryjane','Towne','Jacinthe_Renner94',_binary 'e1980e19-6f0d-47d2-9748-41e7d73eff82\0\0\0\0\0\0\0\0\0\0\0\0\0\0\0\0\0\0\0\0\0\0\0\0','36142','Lane_Fadel@gmail.com','111-79-697','2018-12-18 19:08:03',213,3,_binary 'https://s3.amazonaws.com/uifaces/faces/twitter/sachingawas/128.jpg',1),(214,'Frederick','Morissette','Lucio_Rice58',_binary '16ba38c8-fe73-473a-ac38-d475b9e52562\0\0\0\0\0\0\0\0\0\0\0\0\0\0\0\0\0\0\0\0\0\0\0\0','89593','Lindsey82@hotmail.com','616-369-672','2018-12-19 03:27:44',214,4,_binary 'https://s3.amazonaws.com/uifaces/faces/twitter/dudestein/128.jpg',0),(215,'Bertha','Cremin','Jayne.Tillman',_binary '2ed69d3d-9057-4f3f-b6ea-bcb33320a386\0\0\0\0\0\0\0\0\0\0\0\0\0\0\0\0\0\0\0\0\0\0\0\0','61003','Lenny_Towne@yahoo.com','222-212-230','2018-12-18 15:00:10',215,1,_binary 'https://s3.amazonaws.com/uifaces/faces/twitter/tom_even/128.jpg',0),(216,'Godfrey','Reinger','Alycia_Stokes',_binary 'f739a797-dcfc-46bc-ba18-ab5050ffef2d\0\0\0\0\0\0\0\0\0\0\0\0\0\0\0\0\0\0\0\0\0\0\0\0','23955','Lia_Ullrich38@yahoo.com','215-994-165','2018-12-18 16:01:13',216,1,_binary 'https://s3.amazonaws.com/uifaces/faces/twitter/kiwiupover/128.jpg',0),(217,'Omer','Conn','Christine.Dietrich79',_binary '817d6132-ab2e-4c28-99c6-96fd769f00f2\0\0\0\0\0\0\0\0\0\0\0\0\0\0\0\0\0\0\0\0\0\0\0\0','35551','Leila_Romaguera28@hotmail.com','364-339-706','2018-12-19 07:17:41',217,1,_binary 'https://s3.amazonaws.com/uifaces/faces/twitter/looneydoodle/128.jpg',1),(218,'Madisyn','Ondricka','Jude57',_binary '2bc06d54-4987-43a9-8e80-1796babfd71c\0\0\0\0\0\0\0\0\0\0\0\0\0\0\0\0\0\0\0\0\0\0\0\0','43293','Leta.Bayer53@yahoo.com','674-596-384','2018-12-18 22:05:31',218,4,_binary 'https://s3.amazonaws.com/uifaces/faces/twitter/sharvin/128.jpg',0),(219,'Kailyn','Moen','Angus.Lakin',_binary '4e9dc790-6cae-4ce2-a6cf-d0ef8e115468\0\0\0\0\0\0\0\0\0\0\0\0\0\0\0\0\0\0\0\0\0\0\0\0','21109','Lilliana91@hotmail.com','104-492-817','2018-12-18 23:32:43',219,4,_binary 'https://s3.amazonaws.com/uifaces/faces/twitter/wim1k/128.jpg',0),(220,'Kaylin','Ferry','Cleve_Harris',_binary 'b4791dd3-1785-4c62-ac7c-6a6e7bd5826b\0\0\0\0\0\0\0\0\0\0\0\0\0\0\0\0\0\0\0\0\0\0\0\0','92719','Christian40@hotmail.com','13-885-974','2018-12-19 12:29:31',220,4,_binary 'https://s3.amazonaws.com/uifaces/faces/twitter/kirangopal/128.jpg',1),(221,'Ronny','Keeling','Laurence_Jakubowski',_binary '9d2784c8-7ebe-4c1c-85b6-bdc7e23629d7\0\0\0\0\0\0\0\0\0\0\0\0\0\0\0\0\0\0\0\0\0\0\0\0','39493','Rita2@hotmail.com','70-200-146','2018-12-19 04:08:30',221,1,_binary 'https://s3.amazonaws.com/uifaces/faces/twitter/dss49/128.jpg',0),(222,'Tessie','Kirlin','Maia.Schiller99',_binary '75814413-c477-422c-aa69-71bd83827534\0\0\0\0\0\0\0\0\0\0\0\0\0\0\0\0\0\0\0\0\0\0\0\0','79836','Melany_Lang78@gmail.com','430-943-521','2018-12-18 22:13:46',222,2,_binary 'https://s3.amazonaws.com/uifaces/faces/twitter/lawlbwoy/128.jpg',0),(223,'Soledad','Konopelski','Onie_Carter14',_binary '51dcfbda-a5cf-457f-bc71-abb44e5d4e76\0\0\0\0\0\0\0\0\0\0\0\0\0\0\0\0\0\0\0\0\0\0\0\0','9017','Danial48@hotmail.com','157-40-428','2018-12-19 07:22:09',223,2,_binary 'https://s3.amazonaws.com/uifaces/faces/twitter/funwatercat/128.jpg',0),(224,'Mia','Pagac','Magnus_Klocko',_binary '2fffcd0a-ea16-4c63-a999-fb68d2ba3a9d\0\0\0\0\0\0\0\0\0\0\0\0\0\0\0\0\0\0\0\0\0\0\0\0','50139','Jude.Corkery@yahoo.com','644-681-566','2018-12-19 02:33:49',224,1,_binary 'https://s3.amazonaws.com/uifaces/faces/twitter/necodymiconer/128.jpg',0),(225,'Micheal','Cartwright','Chadd92',_binary 'cc1f2aad-7c29-43d2-8c6d-4573aab10b18\0\0\0\0\0\0\0\0\0\0\0\0\0\0\0\0\0\0\0\0\0\0\0\0','49220','Maxine.Wolf@yahoo.com','886-914-492','2018-12-19 07:47:39',225,2,_binary 'https://s3.amazonaws.com/uifaces/faces/twitter/fjaguero/128.jpg',0),(226,'Jimmy','Hirthe','Jewell.Hilll35',_binary '00c2a9c8-71ef-4669-b0bc-0aa7d0654d28\0\0\0\0\0\0\0\0\0\0\0\0\0\0\0\0\0\0\0\0\0\0\0\0','76439','Harold_Keeling9@yahoo.com','353-522-199','2018-12-18 23:29:24',226,3,_binary 'https://s3.amazonaws.com/uifaces/faces/twitter/terryxlife/128.jpg',1),(227,'Horace','Rau','Jalyn73',_binary '32dafbf3-ef7e-4faf-a7b4-3e971b3ea9d8\0\0\0\0\0\0\0\0\0\0\0\0\0\0\0\0\0\0\0\0\0\0\0\0','98470','Kacie.Hagenes63@gmail.com','91-825-705','2018-12-18 19:03:31',227,2,_binary 'https://s3.amazonaws.com/uifaces/faces/twitter/jjsiii/128.jpg',0),(228,'Gust','Williamson','Chesley34',_binary '2e1e4a5f-5825-48e4-bda5-e59b23982f03\0\0\0\0\0\0\0\0\0\0\0\0\0\0\0\0\0\0\0\0\0\0\0\0','69713','Delores_Zulauf51@yahoo.com','19-574-710','2018-12-18 20:10:24',228,1,_binary 'https://s3.amazonaws.com/uifaces/faces/twitter/imammuht/128.jpg',0),(229,'Dawson','Gutkowski','Samson_Emard',_binary '915c3c59-5f9a-495d-ab7e-bbb80c179515\0\0\0\0\0\0\0\0\0\0\0\0\0\0\0\0\0\0\0\0\0\0\0\0','44062','Judge.Greenholt21@yahoo.com','964-125-9','2018-12-18 16:46:55',229,3,_binary 'https://s3.amazonaws.com/uifaces/faces/twitter/saulihirvi/128.jpg',1),(230,'Karli','Heidenreich','Jaleel34',_binary 'bdac2906-d27b-422a-9937-64146f7aac43\0\0\0\0\0\0\0\0\0\0\0\0\0\0\0\0\0\0\0\0\0\0\0\0','9606','Donald_Hilpert14@yahoo.com','381-647-672','2018-12-18 21:26:56',230,3,_binary 'https://s3.amazonaws.com/uifaces/faces/twitter/juangomezw/128.jpg',0),(231,'Virgie','Zboncak','Donnell93',_binary 'd458f110-cf9b-41c6-a649-2f125458c365\0\0\0\0\0\0\0\0\0\0\0\0\0\0\0\0\0\0\0\0\0\0\0\0','65795','Hillard.Corkery@hotmail.com','480-961-441','2018-12-19 00:36:02',231,3,_binary 'https://s3.amazonaws.com/uifaces/faces/twitter/richardgarretts/128.jpg',1),(232,'Gordon','Schmitt','Addie_Braun',_binary 'bfec3a73-8247-4fcb-aae9-001b7f9e7385\0\0\0\0\0\0\0\0\0\0\0\0\0\0\0\0\0\0\0\0\0\0\0\0','69735','Buck_Bernhard@hotmail.com','951-32-978','2018-12-18 15:54:01',232,2,_binary 'https://s3.amazonaws.com/uifaces/faces/twitter/fabbrucci/128.jpg',1),(233,'Giovanni','Wintheiser','Gay.Wilkinson',_binary '08f6ba9f-4e11-4e99-a9a6-07b3c91b93f0\0\0\0\0\0\0\0\0\0\0\0\0\0\0\0\0\0\0\0\0\0\0\0\0','86268','Reinhold92@gmail.com','354-632-895','2018-12-19 11:23:51',233,3,_binary 'https://s3.amazonaws.com/uifaces/faces/twitter/bennyjien/128.jpg',1),(234,'Marina','Parisian','Amani_Marquardt',_binary '85ce1acc-7d9e-4fcd-9675-fd145a02cea5\0\0\0\0\0\0\0\0\0\0\0\0\0\0\0\0\0\0\0\0\0\0\0\0','77659','Mose89@hotmail.com','804-292-455','2018-12-18 19:09:22',234,3,_binary 'https://s3.amazonaws.com/uifaces/faces/twitter/adityasutomo/128.jpg',0),(235,'Xavier','Barton','Audie26',_binary '0f9b8b33-9922-413d-bacd-e6261939a638\0\0\0\0\0\0\0\0\0\0\0\0\0\0\0\0\0\0\0\0\0\0\0\0','10506','Hanna.Brekke@gmail.com','731-874-491','2018-12-18 17:11:33',235,2,_binary 'https://s3.amazonaws.com/uifaces/faces/twitter/stushona/128.jpg',1),(236,'Wilmer','Bayer','Donna_Schulist56',_binary '5cc71cf7-4846-40a1-a714-d757a2d24801\0\0\0\0\0\0\0\0\0\0\0\0\0\0\0\0\0\0\0\0\0\0\0\0','55995','Eliezer_Barrows47@hotmail.com','489-788-132','2018-12-19 00:21:27',236,2,_binary 'https://s3.amazonaws.com/uifaces/faces/twitter/txcx/128.jpg',0),(237,'Otho','Von','Coleman.Macejkovic36',_binary '7afcda13-af42-47aa-8c9c-6980f59c1f3d\0\0\0\0\0\0\0\0\0\0\0\0\0\0\0\0\0\0\0\0\0\0\0\0','22225','London_Batz@gmail.com','59-608-362','2018-12-18 17:05:17',237,1,_binary 'https://s3.amazonaws.com/uifaces/faces/twitter/de_ascanio/128.jpg',1),(238,'Hank','Cronin','Benedict.Bergstrom39',_binary '6ff27772-3ac8-426a-9e4b-40893a06903f\0\0\0\0\0\0\0\0\0\0\0\0\0\0\0\0\0\0\0\0\0\0\0\0','74780','Wyman.Kessler@yahoo.com','210-733-796','2018-12-18 17:01:44',238,4,_binary 'https://s3.amazonaws.com/uifaces/faces/twitter/hoangloi/128.jpg',0),(239,'Blaise','Franecki','Charlene88',_binary '3b97cfc7-348c-4600-bc35-8aa3786e9c86\0\0\0\0\0\0\0\0\0\0\0\0\0\0\0\0\0\0\0\0\0\0\0\0','75007','Ignacio_Hessel73@gmail.com','23-796-736','2018-12-19 01:55:00',239,1,_binary 'https://s3.amazonaws.com/uifaces/faces/twitter/enda/128.jpg',1),(240,'Dianna','Heller','Lessie_Williamson',_binary '44980a12-62f4-43e5-b2f9-df4fd5d3d512\0\0\0\0\0\0\0\0\0\0\0\0\0\0\0\0\0\0\0\0\0\0\0\0','46827','Raven16@gmail.com','840-671-168','2018-12-18 23:23:12',240,4,_binary 'https://s3.amazonaws.com/uifaces/faces/twitter/matkins/128.jpg',0),(241,'Arnoldo','Quigley','Martina32',_binary 'ae33da01-0842-438e-9422-14c920fdb6b9\0\0\0\0\0\0\0\0\0\0\0\0\0\0\0\0\0\0\0\0\0\0\0\0','16359','Nettie.Hintz93@gmail.com','16-534-869','2018-12-18 19:44:40',241,3,_binary 'https://s3.amazonaws.com/uifaces/faces/twitter/cadikkara/128.jpg',0),(242,'Angela','Reichert','Marielle38',_binary '0cf17376-7dae-469e-ad48-1146c073efd7\0\0\0\0\0\0\0\0\0\0\0\0\0\0\0\0\0\0\0\0\0\0\0\0','58856','Omari.Bogan11@gmail.com','10-805-711','2018-12-18 16:47:31',242,4,_binary 'https://s3.amazonaws.com/uifaces/faces/twitter/elbuscainfo/128.jpg',0),(243,'Michael','Stroman','David48',_binary 'ad59a12d-bce3-4aab-9402-e816d9f9066d\0\0\0\0\0\0\0\0\0\0\0\0\0\0\0\0\0\0\0\0\0\0\0\0','53180','Shea6@hotmail.com','8-742-191','2018-12-18 15:21:22',243,4,_binary 'https://s3.amazonaws.com/uifaces/faces/twitter/mactopus/128.jpg',0),(244,'Randall','Fay','Amparo_Kessler',_binary 'ce3c0e16-897b-4aa3-acf3-96db9fb51e68\0\0\0\0\0\0\0\0\0\0\0\0\0\0\0\0\0\0\0\0\0\0\0\0','73724','Emmalee89@yahoo.com','414-497-860','2018-12-19 05:09:14',244,4,_binary 'https://s3.amazonaws.com/uifaces/faces/twitter/scottfeltham/128.jpg',1),(245,'Corrine','Anderson','Haven_Schmeler5',_binary '939ed953-2f23-4ec0-bee3-02e7751ffac9\0\0\0\0\0\0\0\0\0\0\0\0\0\0\0\0\0\0\0\0\0\0\0\0','71186','Lia.Thiel82@hotmail.com','498-984-890','2018-12-18 22:27:31',245,2,_binary 'https://s3.amazonaws.com/uifaces/faces/twitter/xtopherpaul/128.jpg',1),(246,'Cooper','Frami','Genoveva23',_binary '3ed0764f-37fb-4671-ae91-64724d382aca\0\0\0\0\0\0\0\0\0\0\0\0\0\0\0\0\0\0\0\0\0\0\0\0','22507','Florence_OConner69@hotmail.com','155-393-956','2018-12-19 10:17:56',246,3,_binary 'https://s3.amazonaws.com/uifaces/faces/twitter/thaodang17/128.jpg',0),(247,'Otha','Grant','Therese_Medhurst',_binary '806c473d-8455-4a57-9151-beaf33672788\0\0\0\0\0\0\0\0\0\0\0\0\0\0\0\0\0\0\0\0\0\0\0\0','58627','Orval.Bayer90@yahoo.com','362-326-213','2018-12-18 23:04:53',247,1,_binary 'https://s3.amazonaws.com/uifaces/faces/twitter/bassamology/128.jpg',0),(248,'Mckayla','Medhurst','Robert1',_binary '8023018e-7fda-4ed6-98ad-08ab16c36e6b\0\0\0\0\0\0\0\0\0\0\0\0\0\0\0\0\0\0\0\0\0\0\0\0','5123','Ladarius_Johnson80@hotmail.com','251-972-82','2018-12-19 02:24:43',248,2,_binary 'https://s3.amazonaws.com/uifaces/faces/twitter/bartjo/128.jpg',1),(249,'Alexandro','Glover','Jaylin_Raynor10',_binary '22156621-6a4d-41a9-977f-3a765f421b53\0\0\0\0\0\0\0\0\0\0\0\0\0\0\0\0\0\0\0\0\0\0\0\0','46695','Santiago.Hayes@yahoo.com','706-617-962','2018-12-18 21:13:06',249,3,_binary 'https://s3.amazonaws.com/uifaces/faces/twitter/vimarethomas/128.jpg',0),(250,'Litzy','Braun','Angie78',_binary '0380c1f6-71b3-414f-a9c8-449faadf0679\0\0\0\0\0\0\0\0\0\0\0\0\0\0\0\0\0\0\0\0\0\0\0\0','6659','Shawna18@gmail.com','825-172-717','2018-12-18 21:23:32',250,1,_binary 'https://s3.amazonaws.com/uifaces/faces/twitter/davidhemphill/128.jpg',1),(251,'Elmore','Torphy','Clinton.Kemmer',_binary '2b9b930d-437c-4b6c-a02d-f62ccb60d011\0\0\0\0\0\0\0\0\0\0\0\0\0\0\0\0\0\0\0\0\0\0\0\0','29864','Marlee_Jenkins90@hotmail.com','402-702-814','2018-12-19 05:40:58',251,3,_binary 'https://s3.amazonaws.com/uifaces/faces/twitter/beweinreich/128.jpg',0),(252,'Rossie','Nienow','Trenton.Kutch',_binary 'd786214b-c69e-4230-b932-0a686bc7bb9b\0\0\0\0\0\0\0\0\0\0\0\0\0\0\0\0\0\0\0\0\0\0\0\0','63141','Chauncey.Legros@hotmail.com','303-89-20','2018-12-19 07:32:08',252,1,_binary 'https://s3.amazonaws.com/uifaces/faces/twitter/charliegann/128.jpg',0),(253,'Armand','Hyatt','Glenda.Schinner92',_binary '9d08954d-5b83-4fc0-a215-e0d5e8e3083c\0\0\0\0\0\0\0\0\0\0\0\0\0\0\0\0\0\0\0\0\0\0\0\0','5092','Kennith.Wintheiser56@hotmail.com','630-669-126','2018-12-19 13:30:47',253,2,_binary 'https://s3.amazonaws.com/uifaces/faces/twitter/buddhasource/128.jpg',0),(254,'Dakota','Jerde','Drake.Corkery',_binary 'cd1a3931-da45-42e6-9f07-1b9521869480\0\0\0\0\0\0\0\0\0\0\0\0\0\0\0\0\0\0\0\0\0\0\0\0','17267','Enid.Reynolds@gmail.com','986-266-226','2018-12-18 16:18:20',254,3,_binary 'https://s3.amazonaws.com/uifaces/faces/twitter/adobi/128.jpg',0),(255,'Reva','Upton','Matteo_Stiedemann45',_binary '0190eca5-8168-47dc-a0c5-fa548c7c3356\0\0\0\0\0\0\0\0\0\0\0\0\0\0\0\0\0\0\0\0\0\0\0\0','30548','Vesta_Pfeffer92@hotmail.com','517-967-440','2018-12-19 03:22:13',255,3,_binary 'https://s3.amazonaws.com/uifaces/faces/twitter/stephcoue/128.jpg',0),(256,'Leola','Blanda','Mireya34',_binary '8f54d57c-52e2-4d76-a724-454b7bc95aad\0\0\0\0\0\0\0\0\0\0\0\0\0\0\0\0\0\0\0\0\0\0\0\0','87783','Marianna.Paucek@gmail.com','638-994-568','2018-12-18 19:31:29',256,3,_binary 'https://s3.amazonaws.com/uifaces/faces/twitter/peachananr/128.jpg',0),(257,'Lazaro','Runolfsdottir','Amelia.Hackett',_binary '066265f6-291a-4626-a2e6-2c6ad94b4849\0\0\0\0\0\0\0\0\0\0\0\0\0\0\0\0\0\0\0\0\0\0\0\0','19273','Nettie86@gmail.com','660-488-978','2018-12-19 06:45:47',257,3,_binary 'https://s3.amazonaws.com/uifaces/faces/twitter/mr_subtle/128.jpg',0),(258,'Jeromy','Murray','Noelia_Walker',_binary '03ce3185-b78d-4e37-a1be-678a09cfe7ef\0\0\0\0\0\0\0\0\0\0\0\0\0\0\0\0\0\0\0\0\0\0\0\0','88094','Nedra90@hotmail.com','736-100-357','2018-12-18 21:19:29',258,1,_binary 'https://s3.amazonaws.com/uifaces/faces/twitter/carlosm/128.jpg',1),(259,'Liza','Klocko','Hilton.Moore90',_binary 'a852e9b1-4886-4e02-b4e9-6f7357888396\0\0\0\0\0\0\0\0\0\0\0\0\0\0\0\0\0\0\0\0\0\0\0\0','69357','Kolby_Wiza13@yahoo.com','702-434-318','2018-12-19 08:18:12',259,3,_binary 'https://s3.amazonaws.com/uifaces/faces/twitter/jlsolerdeltoro/128.jpg',0),(260,'Talon','Gerhold','Dejon99',_binary '523d4fe4-1b38-4383-8f12-ad96b1098455\0\0\0\0\0\0\0\0\0\0\0\0\0\0\0\0\0\0\0\0\0\0\0\0','51744','Della_Konopelski@hotmail.com','339-139-496','2018-12-19 09:03:45',260,1,_binary 'https://s3.amazonaws.com/uifaces/faces/twitter/nehfy/128.jpg',1),(261,'Mack','Bogisich','Houston.Bashirian10',_binary '80c5da6e-ecab-4e55-acde-86227621d3d5\0\0\0\0\0\0\0\0\0\0\0\0\0\0\0\0\0\0\0\0\0\0\0\0','88577','Hester_Gerlach@gmail.com','329-728-569','2018-12-18 20:53:31',261,3,_binary 'https://s3.amazonaws.com/uifaces/faces/twitter/dpmachado/128.jpg',1),(262,'Waino','Rodriguez','Emelie_Boyer49',_binary '02a2729d-b21a-4b92-bc50-5bb4880fbf14\0\0\0\0\0\0\0\0\0\0\0\0\0\0\0\0\0\0\0\0\0\0\0\0','8834','Bradly.Schulist@gmail.com','798-444-73','2018-12-19 13:32:50',262,1,_binary 'https://s3.amazonaws.com/uifaces/faces/twitter/grahamkennery/128.jpg',0),(263,'Gage','Hand','Ignacio.OConner34',_binary 'ab26c590-1be6-4573-8065-6a189bbcc869\0\0\0\0\0\0\0\0\0\0\0\0\0\0\0\0\0\0\0\0\0\0\0\0','79272','Elwyn.Kub@gmail.com','894-455-983','2018-12-18 14:56:04',263,2,_binary 'https://s3.amazonaws.com/uifaces/faces/twitter/jmfsocial/128.jpg',1),(264,'Kacie','Beahan','Barbara_Koepp10',_binary 'a273c19a-474a-4da5-a387-a844328388ee\0\0\0\0\0\0\0\0\0\0\0\0\0\0\0\0\0\0\0\0\0\0\0\0','43938','Estella.Gerlach@gmail.com','134-613-485','2018-12-19 10:55:54',264,4,_binary 'https://s3.amazonaws.com/uifaces/faces/twitter/bu7921/128.jpg',1),(265,'Clark','Jacobs','Consuelo_Jerde',_binary 'ada7aeab-c4e8-42e1-a475-c14a0a62760b\0\0\0\0\0\0\0\0\0\0\0\0\0\0\0\0\0\0\0\0\0\0\0\0','39967','Eldon.Hayes@gmail.com','804-751-34','2018-12-19 02:58:14',265,2,_binary 'https://s3.amazonaws.com/uifaces/faces/twitter/gregrwilkinson/128.jpg',0),(266,'Felipe','Shields','Einar_Gutkowski86',_binary '086c60f3-88f2-4755-bd0b-6cd01a9f9228\0\0\0\0\0\0\0\0\0\0\0\0\0\0\0\0\0\0\0\0\0\0\0\0','35484','Corbin.Hoeger@yahoo.com','328-856-172','2018-12-18 22:03:27',266,2,_binary 'https://s3.amazonaws.com/uifaces/faces/twitter/plasticine/128.jpg',0),(267,'Albert','Murazik','Myrtice_Stroman94',_binary 'f0a8d4ec-b335-4b57-b9f5-6405a9c0a660\0\0\0\0\0\0\0\0\0\0\0\0\0\0\0\0\0\0\0\0\0\0\0\0','95892','Alison_Brekke@hotmail.com','195-772-964','2018-12-19 11:59:16',267,2,_binary 'https://s3.amazonaws.com/uifaces/faces/twitter/iamjdeleon/128.jpg',1),(268,'Phoebe','Ortiz','America_Leffler',_binary '58c30f1b-57c1-49a6-8d1d-1e1a4d3bcaaa\0\0\0\0\0\0\0\0\0\0\0\0\0\0\0\0\0\0\0\0\0\0\0\0','58686','Edward.Carter2@hotmail.com','325-32-804','2018-12-19 06:24:25',268,3,_binary 'https://s3.amazonaws.com/uifaces/faces/twitter/angelceballos/128.jpg',1),(269,'Treva','Ritchie','Gust47',_binary '5da71466-41e7-4163-b1e0-ae81376f202c\0\0\0\0\0\0\0\0\0\0\0\0\0\0\0\0\0\0\0\0\0\0\0\0','57117','Jess.McDermott32@gmail.com','97-713-269','2018-12-18 21:45:11',269,3,_binary 'https://s3.amazonaws.com/uifaces/faces/twitter/panghal0/128.jpg',1),(270,'Maryam','Wolf','Vincenza.Jakubowski2',_binary 'd01ff83a-216b-4804-8e18-8522273ad2ee\0\0\0\0\0\0\0\0\0\0\0\0\0\0\0\0\0\0\0\0\0\0\0\0','34965','Christopher51@yahoo.com','256-975-962','2018-12-18 15:10:27',270,4,_binary 'https://s3.amazonaws.com/uifaces/faces/twitter/gt/128.jpg',0),(271,'Felipa','Lang','Lesley.Farrell',_binary '3cbea87c-bf7e-4acf-80be-93c36ddbfdb2\0\0\0\0\0\0\0\0\0\0\0\0\0\0\0\0\0\0\0\0\0\0\0\0','71368','Wellington.Kirlin@hotmail.com','185-757-479','2018-12-18 16:39:14',271,1,_binary 'https://s3.amazonaws.com/uifaces/faces/twitter/aoimedia/128.jpg',0),(272,'Renee','Borer','Juliana_West',_binary '3deb356d-74f4-4bf3-add7-a6e5fee824cb\0\0\0\0\0\0\0\0\0\0\0\0\0\0\0\0\0\0\0\0\0\0\0\0','70289','Ruben_Stokes@yahoo.com','907-548-131','2018-12-19 12:26:05',272,2,_binary 'https://s3.amazonaws.com/uifaces/faces/twitter/kaysix_dizzy/128.jpg',1),(273,'Salvatore','Connelly','Cristina88',_binary '69e86bf5-68f7-495f-ba8f-10b04b557541\0\0\0\0\0\0\0\0\0\0\0\0\0\0\0\0\0\0\0\0\0\0\0\0','80810','Jennings.Zulauf@gmail.com','854-656-344','2018-12-19 05:37:38',273,4,_binary 'https://s3.amazonaws.com/uifaces/faces/twitter/kerem/128.jpg',0),(274,'Zula','Johns','Providenci.Schinner6',_binary '241fa1c7-238c-456b-af6c-eb2dd89722c6\0\0\0\0\0\0\0\0\0\0\0\0\0\0\0\0\0\0\0\0\0\0\0\0','12693','Stuart_Koepp82@gmail.com','40-480-192','2018-12-19 07:22:18',274,4,_binary 'https://s3.amazonaws.com/uifaces/faces/twitter/prinzadi/128.jpg',1),(275,'Bobby','Dach','Grayce.Corkery94',_binary '7d917ffb-0038-484b-aba0-df8920ca496e\0\0\0\0\0\0\0\0\0\0\0\0\0\0\0\0\0\0\0\0\0\0\0\0','75285','Geoffrey41@gmail.com','594-160-425','2018-12-18 22:54:33',275,3,_binary 'https://s3.amazonaws.com/uifaces/faces/twitter/nomidesigns/128.jpg',1),(276,'Arely','Kuhn','Irving20',_binary '3149dea9-82f8-4c42-a16b-7eeee6ee778b\0\0\0\0\0\0\0\0\0\0\0\0\0\0\0\0\0\0\0\0\0\0\0\0','76607','Marietta_Beatty@yahoo.com','695-875-835','2018-12-18 18:05:15',276,3,_binary 'https://s3.amazonaws.com/uifaces/faces/twitter/vocino/128.jpg',1),(277,'Vella','Greenholt','Ernie49',_binary '1375fd90-92ea-410a-8796-6d0ff645d381\0\0\0\0\0\0\0\0\0\0\0\0\0\0\0\0\0\0\0\0\0\0\0\0','52212','Anthony_Oberbrunner50@gmail.com','488-241-900','2018-12-19 09:07:17',277,3,_binary 'https://s3.amazonaws.com/uifaces/faces/twitter/linkibol/128.jpg',1),(278,'Luna','Hegmann','Solon.Kuhic',_binary 'd588f32c-ce72-4cdc-b94d-9644fbad46e2\0\0\0\0\0\0\0\0\0\0\0\0\0\0\0\0\0\0\0\0\0\0\0\0','43238','Napoleon.Hauck@gmail.com','573-393-824','2018-12-18 21:03:22',278,2,_binary 'https://s3.amazonaws.com/uifaces/faces/twitter/adellecharles/128.jpg',1),(279,'Leta','Kovacek','Austen.Parker',_binary 'e62bc08e-8c12-4cf5-9321-a698512e91f0\0\0\0\0\0\0\0\0\0\0\0\0\0\0\0\0\0\0\0\0\0\0\0\0','91361','Brandi_Waelchi@hotmail.com','430-887-826','2018-12-19 06:31:05',279,4,_binary 'https://s3.amazonaws.com/uifaces/faces/twitter/colgruv/128.jpg',1),(280,'Norwood','Carter','Devyn.Lueilwitz',_binary '40d28179-073f-4863-90e3-d9200d9ecd9a\0\0\0\0\0\0\0\0\0\0\0\0\0\0\0\0\0\0\0\0\0\0\0\0','29355','Elfrieda_Kuphal@yahoo.com','842-427-720','2018-12-18 23:05:35',280,2,_binary 'https://s3.amazonaws.com/uifaces/faces/twitter/adobi/128.jpg',1),(281,'Elta','Brown','Constance_Thompson',_binary '1f49cc3b-1713-4d7a-8907-9a46fd1fa7a1\0\0\0\0\0\0\0\0\0\0\0\0\0\0\0\0\0\0\0\0\0\0\0\0','94721','Dawn73@gmail.com','410-37-775','2018-12-19 06:30:07',281,3,_binary 'https://s3.amazonaws.com/uifaces/faces/twitter/andrewcohen/128.jpg',1),(282,'Shaniya','Witting','Fritz.Jones',_binary '57e93932-5ae4-46a6-b4a9-a8233d4092eb\0\0\0\0\0\0\0\0\0\0\0\0\0\0\0\0\0\0\0\0\0\0\0\0','9485','Doug.McLaughlin@gmail.com','599-394-753','2018-12-18 21:29:23',282,4,_binary 'https://s3.amazonaws.com/uifaces/faces/twitter/keyuri85/128.jpg',1),(283,'Benjamin','Hand','Magdalena.Pfannersti',_binary '360e2b48-1be7-4977-a468-467c2cef611e\0\0\0\0\0\0\0\0\0\0\0\0\0\0\0\0\0\0\0\0\0\0\0\0','8152','Cassidy_Strosin@yahoo.com','187-351-520','2018-12-19 08:35:59',283,3,_binary 'https://s3.amazonaws.com/uifaces/faces/twitter/dixchen/128.jpg',1),(284,'Clark','Bauch','Ila_Predovic',_binary '5cc40d69-472d-45c1-98e8-f005ac73ed9d\0\0\0\0\0\0\0\0\0\0\0\0\0\0\0\0\0\0\0\0\0\0\0\0','71626','Abigail.Friesen96@hotmail.com','657-313-634','2018-12-18 18:30:14',284,1,_binary 'https://s3.amazonaws.com/uifaces/faces/twitter/isaacfifth/128.jpg',0),(285,'King','Rau','Howell.Rice16',_binary '69668dbd-f5e4-4298-9f37-c1fbbacf7fdb\0\0\0\0\0\0\0\0\0\0\0\0\0\0\0\0\0\0\0\0\0\0\0\0','78991','Lucie.Stokes@gmail.com','915-781-852','2018-12-18 18:36:28',285,3,_binary 'https://s3.amazonaws.com/uifaces/faces/twitter/S0ufi4n3/128.jpg',0),(286,'Chad','Upton','Maye9',_binary 'ea1204b6-083a-4e94-a1ea-9e60e1801d6b\0\0\0\0\0\0\0\0\0\0\0\0\0\0\0\0\0\0\0\0\0\0\0\0','97521','Kathryn.Waters7@gmail.com','804-846-146','2018-12-19 04:24:43',286,2,_binary 'https://s3.amazonaws.com/uifaces/faces/twitter/tereshenkov/128.jpg',0),(287,'Emily','Predovic','Evelyn2',_binary '7b4f7b12-fc56-4a60-b2eb-f8f2403c45f1\0\0\0\0\0\0\0\0\0\0\0\0\0\0\0\0\0\0\0\0\0\0\0\0','27013','Elda.Wintheiser13@hotmail.com','913-914-754','2018-12-19 07:11:20',287,2,_binary 'https://s3.amazonaws.com/uifaces/faces/twitter/oscarowusu/128.jpg',0),(288,'Itzel','McCullough','Kaya.Reichert9',_binary '35fd1014-9b4a-4310-b556-7f5d6ef064fb\0\0\0\0\0\0\0\0\0\0\0\0\0\0\0\0\0\0\0\0\0\0\0\0','20283','Bridie36@yahoo.com','451-600-360','2018-12-19 05:42:43',288,2,_binary 'https://s3.amazonaws.com/uifaces/faces/twitter/franciscoamk/128.jpg',0),(289,'Serenity','Rohan','Joanny.Hammes',_binary 'c6673141-b018-462a-b430-4680777240ea\0\0\0\0\0\0\0\0\0\0\0\0\0\0\0\0\0\0\0\0\0\0\0\0','91903','Everette27@yahoo.com','640-441-183','2018-12-19 08:29:11',289,2,_binary 'https://s3.amazonaws.com/uifaces/faces/twitter/thiagovernetti/128.jpg',0),(290,'Gussie','Weissnat','Gianni78',_binary '2cbe764c-cbb8-4ba6-b6ee-689e5a22f03c\0\0\0\0\0\0\0\0\0\0\0\0\0\0\0\0\0\0\0\0\0\0\0\0','26224','Carrie_Halvorson20@hotmail.com','405-800-146','2018-12-19 08:56:06',290,3,_binary 'https://s3.amazonaws.com/uifaces/faces/twitter/cyril_gaillard/128.jpg',0),(291,'Ofelia','Bartoletti','Novella_Muller94',_binary 'e47c9c9d-d95b-49ab-aede-efa73a0428b0\0\0\0\0\0\0\0\0\0\0\0\0\0\0\0\0\0\0\0\0\0\0\0\0','36851','Gennaro8@gmail.com','944-853-204','2018-12-19 11:05:02',291,3,_binary 'https://s3.amazonaws.com/uifaces/faces/twitter/hota_v/128.jpg',1),(292,'Demetrius','Robel','Josue.Bergnaum',_binary '7874e2b4-c6a7-46df-b629-517c53048638\0\0\0\0\0\0\0\0\0\0\0\0\0\0\0\0\0\0\0\0\0\0\0\0','68652','Vella_Bogisich@hotmail.com','396-194-441','2018-12-18 16:58:10',292,1,_binary 'https://s3.amazonaws.com/uifaces/faces/twitter/polarity/128.jpg',0),(293,'Abraham','Gleichner','Orlando.Ortiz',_binary '9491e695-d922-414f-acb6-5193db3af9c3\0\0\0\0\0\0\0\0\0\0\0\0\0\0\0\0\0\0\0\0\0\0\0\0','2359','Lillian_Parker24@gmail.com','961-868-424','2018-12-18 17:59:37',293,1,_binary 'https://s3.amazonaws.com/uifaces/faces/twitter/notbadart/128.jpg',1),(294,'Albertha','Reynolds','Kiel_Bruen98',_binary 'f0fe87c1-482f-4e35-87ad-75babf5622dc\0\0\0\0\0\0\0\0\0\0\0\0\0\0\0\0\0\0\0\0\0\0\0\0','66838','Alek.Bayer61@yahoo.com','932-323-447','2018-12-19 03:56:20',294,1,_binary 'https://s3.amazonaws.com/uifaces/faces/twitter/bluefx_/128.jpg',1),(295,'Johathan','Olson','Marquise.Collier11',_binary 'c9adf036-381e-4756-8ae2-8530e2fa9d39\0\0\0\0\0\0\0\0\0\0\0\0\0\0\0\0\0\0\0\0\0\0\0\0','46170','Annamae_Balistreri@yahoo.com','455-429-202','2018-12-19 07:43:13',295,2,_binary 'https://s3.amazonaws.com/uifaces/faces/twitter/sulaqo/128.jpg',1),(296,'Keyshawn','Larkin','Fredrick54',_binary 'af8eaed3-f2ef-45da-9631-0ed0ae9f63c2\0\0\0\0\0\0\0\0\0\0\0\0\0\0\0\0\0\0\0\0\0\0\0\0','45734','Lilian.Stiedemann@gmail.com','934-15-316','2018-12-19 11:39:53',296,1,_binary 'https://s3.amazonaws.com/uifaces/faces/twitter/j2deme/128.jpg',1),(297,'Simeon','Rohan','Ellis87',_binary '8241d5db-c58a-4c7b-bef5-9ba6989d2002\0\0\0\0\0\0\0\0\0\0\0\0\0\0\0\0\0\0\0\0\0\0\0\0','47174','Bennie66@hotmail.com','76-313-477','2018-12-19 07:48:48',297,1,_binary 'https://s3.amazonaws.com/uifaces/faces/twitter/robturlinckx/128.jpg',1),(298,'Emmitt','Steuber','Lacy20',_binary 'c8e197f4-9977-428b-bc7f-164f524c2d29\0\0\0\0\0\0\0\0\0\0\0\0\0\0\0\0\0\0\0\0\0\0\0\0','82563','Elwin_Stracke@gmail.com','85-264-684','2018-12-18 17:44:59',298,3,_binary 'https://s3.amazonaws.com/uifaces/faces/twitter/hiemil/128.jpg',0),(299,'Berry','Ferry','Orlo74',_binary '6310188e-c19a-4d0f-9379-80ce6e1f1257\0\0\0\0\0\0\0\0\0\0\0\0\0\0\0\0\0\0\0\0\0\0\0\0','46449','Amara.Veum@yahoo.com','707-193-536','2018-12-19 08:57:29',299,1,_binary 'https://s3.amazonaws.com/uifaces/faces/twitter/jeremyworboys/128.jpg',1),(300,'Dixie','Pagac','Edwina_Auer',_binary '1170214e-0dae-4334-888c-bfe68aff8a42\0\0\0\0\0\0\0\0\0\0\0\0\0\0\0\0\0\0\0\0\0\0\0\0','43218','Reginald43@yahoo.com','92-54-68','2018-12-18 21:42:54',300,1,_binary 'https://s3.amazonaws.com/uifaces/faces/twitter/terpimost/128.jpg',1);
/*!40000 ALTER TABLE `Uzytkownicy` ENABLE KEYS */;
UNLOCK TABLES;

--
-- Table structure for table `Winnica`
--

DROP TABLE IF EXISTS `Winnica`;
/*!40101 SET @saved_cs_client     = @@character_set_client */;
/*!40101 SET character_set_client = utf8 */;
CREATE TABLE `Winnica` (
  `idWinnica` int(11) NOT NULL AUTO_INCREMENT,
  `nazwa` varchar(40) NOT NULL,
  `powierzchnia` decimal(6,2) NOT NULL,
  `stan` enum('Aktywna','Nieczynna') NOT NULL,
  `terroir` varchar(255) DEFAULT NULL,
  `dataOstatniegoZbioru` date DEFAULT NULL,
  `dataZasadzenia` date NOT NULL,
  `ewidencyjnyIdDzialki` varchar(45) NOT NULL,
  `odmianiaWinogronIdOdmianaWinogron` int(11) NOT NULL,
  PRIMARY KEY (`idWinnica`),
  UNIQUE KEY `idWinnica_UNIQUE` (`idWinnica`),
  UNIQUE KEY `nazwa_UNIQUE` (`nazwa`),
  UNIQUE KEY `ewidencyjnyIdDzialki_UNIQUE` (`ewidencyjnyIdDzialki`),
  KEY `fk_winnica_rodzaj_winogron1_idx` (`odmianiaWinogronIdOdmianaWinogron`),
  CONSTRAINT `fk_winnica_rodzaj_winogron1` FOREIGN KEY (`odmianiaWinogronIdOdmianaWinogron`) REFERENCES `DictOdmianaWinogron` (`idOdmianaWinogron`) ON DELETE CASCADE ON UPDATE CASCADE
) ENGINE=InnoDB AUTO_INCREMENT=301 DEFAULT CHARSET=utf8;
/*!40101 SET character_set_client = @saved_cs_client */;

--
-- Dumping data for table `Winnica`
--

LOCK TABLES `Winnica` WRITE;
/*!40000 ALTER TABLE `Winnica` DISABLE KEYS */;
INSERT INTO `Winnica` VALUES (1,'Auto Loan Account1',6624.70,'Aktywna','evolve black Shoes Chief connecting Danish Krone engage Florida Kids Missouri','2018-12-19','2018-11-10','1',5),(2,'haptic2',4892.65,'Aktywna','e-business e-business overriding users Car Architect parallelism Gambia Licensed customer loyalty','2018-12-19','2018-02-14','2',5),(3,'Secured3',9292.14,'Nieczynna','Ergonomic Practical Rubber Ball Developer platforms technologies Wooden Global withdrawal needs-based Causeway','2018-12-19','2018-02-05','3',6),(4,'Refined4',6495.60,'Aktywna','generate protocol Virginia Web Corporate whiteboard Credit Card Account CSS background XML','2018-12-19','2018-06-02','4',4),(5,'indigo5',4470.34,'Aktywna','Future cyan Handcrafted fuchsia Home Loan Account JBOD wireless Avon Future Buckinghamshire','2018-12-19','2018-04-23','5',1),(6,'open-source6',1248.62,'Aktywna','Hong Kong portals Generic Fresh Hat grey HDD Practical Fantastic Universal Saint Lucia generate','2018-12-18','2018-03-26','6',2),(7,'Maine7',2029.63,'Aktywna','backing up Creative Tasty Steel Bacon Re-engineered Central Product Auto Loan Account seamless Strategist compressing','2018-12-18','2018-02-28','7',6),(8,'microchip8',8666.25,'Nieczynna','hacking Security Home Loan Account syndicate solid state Metrics capacitor Practical Baby Poland','2018-12-19','2018-05-11','8',4),(9,'incremental9',7430.73,'Aktywna','Generic Assurance Personal Loan Account transmitting Strategist Swaziland Unbranded reboot Frozen Soft','2018-12-19','2018-07-27','9',6),(10,'Computers10',4255.93,'Nieczynna','invoice quantify application Trinidad and Tobago solid state Sao Tome and Principe Manager Electronics Mauritius Rupee Keys','2018-12-18','2018-06-10','10',5),(11,'Passage11',1589.26,'Aktywna','International Awesome Customer Synergistic matrix card index Outdoors connecting Optimization','2018-12-18','2018-03-12','11',2),(12,'best-of-breed12',5543.27,'Aktywna','Inverse Papua New Guinea Product Jewelery Shoes generate Refined Dynamic Applications Refined','2018-12-18','2018-08-27','12',3),(13,'navigate13',7979.91,'Aktywna','Ball Jewelery Strategist copying Regional Ergonomic withdrawal mission-critical Place Bacon','2018-12-19','2018-05-16','13',6),(14,'Facilitator14',6512.40,'Aktywna','facilitate Global Refined Granite Shirt withdrawal generating grey SMTP Soft Mountains overriding','2018-12-18','2018-11-22','14',8),(15,'evolve15',5628.62,'Aktywna','cross-platform Gold EXE microchip Unbranded Steel Cheese application Fantastic Small Concrete Keyboard Program generate','2018-12-19','2018-01-23','15',5),(16,'Grocery16',7192.10,'Aktywna','ivory Naira Small Fresh Chair synthesize conglomeration Frozen Checking Account Creative Haiti parsing','2018-12-19','2018-10-01','16',10),(17,'indigo17',8140.68,'Aktywna','AGP XSS Technician Awesome Granite Ball Ergonomic Metal Health Silver Cotton Bypass','2018-12-18','2018-04-14','17',3),(18,'teal18',9737.33,'Aktywna','JBOD Health Tenge asynchronous Checking Account Group Representative Oklahoma modular Electronics','2018-12-19','2018-04-13','18',1),(19,'pixel19',302.90,'Aktywna','Shoes EXE primary Facilitator International Human Handmade USB firewall infrastructures','2018-12-18','2018-04-10','19',10),(20,'Mobility20',2923.51,'Aktywna','Architect Fresh Extended Small Soft Bike Avon Fantastic connecting Future-proofed auxiliary experiences','2018-12-19','2018-07-08','20',3),(21,'card21',4222.37,'Aktywna','backing up Maryland Strategist Pakistan Rupee client-driven Iowa Object-based Books Fantastic Paradigm','2018-12-19','2018-10-17','21',2),(22,'COM22',7726.64,'Aktywna','multi-byte auxiliary invoice parsing Tasty application Granite copying Orchestrator Netherlands Antillian Guilder','2018-12-18','2018-05-26','22',2),(23,'Florida23',4542.88,'Aktywna','Chief Investment Account alarm Dale Papua New Guinea payment Balanced revolutionize Granite program','2018-12-19','2018-06-22','23',10),(24,'Quality-focused24',9153.80,'Aktywna','Sausages Texas Unbranded empower Designer Avon background Somalia Slovenia Electronics','2018-12-19','2018-01-06','24',10),(25,'Balboa US Dollar25',1740.30,'Nieczynna','driver cyan Designer Cambridgeshire teal Shoal Auto Loan Account executive Avon Russian Ruble','2018-12-18','2018-02-17','25',2),(26,'Realigned26',3370.51,'Aktywna','Morocco intermediate interactive Planner Awesome Frozen Car world-class Fantastic Saint Vincent and the Grenadines Shirt portal','2018-12-18','2018-09-15','26',5),(27,'Gloves27',9848.10,'Aktywna','Handmade digital collaboration morph Kansas SQL Markets mint green Accounts District','2018-12-19','2018-07-04','27',7),(28,'payment28',2296.14,'Aktywna','bluetooth Handcrafted Wooden Keyboard dynamic Direct solutions De-engineered Refined end-to-end system XML','2018-12-19','2018-04-21','28',6),(29,'Infrastructure29',2366.30,'Aktywna','turn-key heuristic Virgin Islands, British Branding Sports Tunisian Dinar e-tailers orange eyeballs navigating','2018-12-18','2018-06-20','29',9),(30,'copying30',5468.31,'Aktywna','leverage Bolivar Fuerte orange Sao Tome and Principe analyzer function 4th generation New York parsing Triple-buffered','2018-12-18','2018-05-19','30',6),(31,'Borders31',7483.64,'Aktywna','hacking Infrastructure Savings Account copying Identity National Point Incredible calculate maximize','2018-12-19','2018-02-23','31',7),(32,'Handcrafted32',7389.20,'Aktywna','El Salvador Colon US Dollar Mobility application Plastic local parallelism National neural Louisiana Metal','2018-12-18','2018-01-25','32',3),(33,'Group33',9621.13,'Aktywna','paradigms Awesome Rubber Tuna overriding generate blue invoice Grocery South Dakota lime lime','2018-12-19','2018-01-14','33',5),(34,'SSL34',6927.80,'Nieczynna','transmit Bahamian Dollar cross-platform e-services Money Market Account syndicate Virgin Islands, British Steel Small Personal Loan Account','2018-12-19','2018-07-21','34',1),(35,'array35',5728.76,'Nieczynna','innovate Wooden infomediaries Granite Metal Investor Metal Money Market Account backing up Total','2018-12-19','2018-12-09','35',9),(36,'Dominica36',7191.64,'Aktywna','Indiana Home Loan Account Checking Account schemas holistic Auto Loan Account unleash Shirt Strategist Legacy','2018-12-18','2018-11-20','36',2),(37,'Global37',6700.85,'Aktywna','Bike hacking Assurance throughput Global Integration Licensed purple Creative Berkshire','2018-12-19','2018-04-11','37',6),(38,'green38',9219.99,'Aktywna','Future Cotton Home Loan Account Central Small Plastic Fish COM experiences Borders withdrawal Steel','2018-12-18','2018-07-11','38',4),(39,'back-end39',6663.50,'Aktywna','Plastic Licensed Bedfordshire Intelligent Metal Chair Rand Namibia Dollar Sausages matrix Ferry quantify Berkshire','2018-12-19','2018-11-16','39',7),(40,'Berkshire40',734.28,'Aktywna','Sleek Concrete Bacon RSS Brunei Dollar synthesize indigo Stand-alone Soft Incredible Steel Computer Metical Gorgeous Metal Fish','2018-12-18','2018-04-10','40',9),(41,'Utah41',898.23,'Aktywna','hacking Solutions Analyst leverage systems Architect eyeballs Personal Loan Account Practical Frozen Sausages withdrawal','2018-12-18','2018-05-08','41',10),(42,'transition42',903.51,'Aktywna','Handcrafted ADP Generic salmon Cross-group connecting lime methodologies Brand Tools','2018-12-18','2018-10-18','42',6),(43,'virtual43',4460.70,'Aktywna','User-centric bandwidth platforms alarm Central National solution-oriented virtual impactful Human','2018-12-18','2018-01-30','43',10),(44,'Road44',4254.95,'Nieczynna','Gloves withdrawal Beauty Practical Steel Chair Bedfordshire JBOD withdrawal frictionless deliverables Executive','2018-12-19','2018-11-20','44',9),(45,'deposit45',1408.90,'Aktywna','Rubber proactive digital International Argentine Peso parsing Keyboard Handcrafted Soft Towels 3rd generation front-end','2018-12-19','2018-12-13','45',4),(46,'Course46',6596.44,'Aktywna','Chicken analyzing Buckinghamshire Outdoors back-end Awesome red quantifying matrix Zloty','2018-12-18','2018-04-02','46',2),(47,'Extended47',8180.26,'Nieczynna','card Soft Estonia Shoes Fantastic Granite Salad Bacon actuating bus Garden Shirt','2018-12-18','2018-06-30','47',10),(48,'Cambridgeshire48',4287.59,'Aktywna','enterprise Ergonomic Club Handmade hack cross-platform project programming Gloves Legacy','2018-12-18','2018-11-17','48',3),(49,'Branding49',1086.30,'Aktywna','drive Manager 24/365 Credit Card Account payment deposit utilisation Concrete Small Money Market Account','2018-12-19','2018-02-17','49',4),(50,'Via50',5426.44,'Nieczynna','parsing Inverse Home Loan Account Sleek Berkshire back-end Cambridgeshire empower conglomeration Producer','2018-12-18','2018-05-28','50',4),(51,'Plastic51',1235.84,'Aktywna','auxiliary hacking bus Applications Officer port interactive sensor Rubber Buckinghamshire','2018-12-19','2018-01-30','51',4),(52,'Belize Dollar52',2633.50,'Aktywna','niches Buckinghamshire firmware Public-key white cross-platform Frozen Towels Home Loan Account quantifying','2018-12-18','2018-01-25','52',1),(53,'Intelligent53',3366.25,'Aktywna','olive Security interface bypass Creative uniform transmitter Direct Bike Berkshire','2018-12-18','2018-09-04','53',2),(54,'Kansas54',5961.53,'Aktywna','Health Engineer SDD utilisation Groves intangible benchmark SMTP Fantastic Rubber Fish Forward','2018-12-18','2018-03-15','54',5),(55,'neural55',9595.43,'Nieczynna','hack Graphical User Interface Representative Movies Rubber European Monetary Unit (E.M.U.-6) foreground PCI Outdoors Car','2018-12-19','2018-04-15','55',4),(56,'Credit Card Account56',8018.86,'Aktywna','invoice HDD Solutions SMTP SMS Investment Account port Avon Handmade Intranet','2018-12-18','2018-06-22','56',5),(57,'Savings Account57',7748.93,'Aktywna','vortals Mouse Congolese Franc Alabama invoice cross-platform Auto Loan Account Movies haptic pink','2018-12-18','2018-04-01','57',6),(58,'panel58',1436.72,'Aktywna','Graphic Interface Borders Metal Inverse Director hacking Quality feed integrate Fresh','2018-12-19','2018-09-10','58',1),(59,'Checking Account59',6646.98,'Aktywna','capacitor Forward Product Adaptive Montenegro Delaware Turnpike Georgia heuristic Berkshire','2018-12-18','2018-01-26','59',2),(60,'Wooden60',9559.26,'Aktywna','model Tennessee Intranet customer loyalty SQL Agent New Zealand Dollar back-end Borders Pennsylvania','2018-12-19','2017-12-27','60',8),(61,'Row61',5647.54,'Aktywna','Functionality Generic feed Belarus Cambridgeshire Steel Roads transmitting Marketing Directives','2018-12-19','2018-07-20','61',7),(62,'Overpass62',9985.59,'Aktywna','adapter Money Market Account throughput Re-contextualized technologies bypassing Metal withdrawal compelling applications','2018-12-19','2018-12-06','62',4),(63,'Sports63',8872.53,'Aktywna','West Virginia Total connecting redundant haptic Gorgeous Plastic Towels Security models cultivate Berkshire','2018-12-18','2018-01-31','63',9),(64,'Planner64',403.85,'Aktywna','Home Loan Account invoice Congo bluetooth Branding asynchronous Programmable Alaska Borders Exclusive','2018-12-18','2018-07-10','64',10),(65,'Leone65',5088.18,'Aktywna','Garden Internal Small Plastic Sausages Administrator calculating synergies Texas invoice monitoring Internal','2018-12-19','2018-07-14','65',8),(66,'Fiji Dollar66',5670.63,'Aktywna','Grocery 24/7 Communications holistic Burundi Franc Avenue Table networks Granite strategic','2018-12-18','2018-12-15','66',8),(67,'virtual67',3879.62,'Aktywna','input Handcrafted Optimization Devolved Course target Health Jewelery Metal Mississippi','2018-12-19','2018-07-23','67',7),(68,'Investment Account68',5023.75,'Aktywna','copying Svalbard & Jan Mayen Islands Planner withdrawal Savings Account HTTP Beauty pixel cyan scalable','2018-12-18','2018-05-02','68',1),(69,'Developer69',3041.90,'Aktywna','Fish Keyboard withdrawal programming Cloned online driver Group EXE Handcrafted Steel Cheese','2018-12-19','2018-09-12','69',6),(70,'THX70',2648.63,'Aktywna','Small Soft Car mobile Delaware XSS Re-contextualized embrace interface card whiteboard reinvent','2018-12-18','2018-05-24','70',2),(71,'parse71',7374.13,'Aktywna','Gorgeous Plastic Chair Steel Organized Ergonomic Street Fresh SDD Buckinghamshire Oregon Dynamic','2018-12-19','2018-02-27','71',3),(72,'Marshall Islands72',8295.50,'Aktywna','International payment Brunei Darussalam Rhode Island Agent Lead Awesome Wooden Bike Ohio Fish interactive','2018-12-19','2018-06-16','72',9),(73,'bandwidth73',6498.31,'Aktywna','reboot Ergonomic Concrete Hat back-end Configurable Assimilated Cambridgeshire Functionality circuit Towels Port','2018-12-19','2018-11-11','73',6),(74,'Directives74',6154.31,'Nieczynna','Assurance Towels Garden encryption Rand deploy AGP Delaware red invoice','2018-12-18','2018-08-23','74',4),(75,'Avon75',6720.80,'Aktywna','redundant Associate Investment Account Shoes primary hacking mesh invoice cross-platform solid state','2018-12-19','2018-05-17','75',10),(76,'Metal76',1752.00,'Aktywna','bluetooth Polarised Borders conglomeration bus Product connect payment TCP Zimbabwe Dollar','2018-12-19','2018-10-05','76',6),(77,'Hryvnia77',6299.55,'Aktywna','Persevering Electronics Gold Salad static green transmitting Savings Account Personal Loan Account Integration','2018-12-18','2018-08-30','77',2),(78,'Branding78',4141.31,'Aktywna','Business-focused invoice Agent Grenada Adaptive withdrawal Granite circuit programming hierarchy','2018-12-19','2018-11-28','78',4),(79,'Strategist79',1684.12,'Aktywna','Pennsylvania deposit synergy Summit Bedfordshire Home Loan Account Planner Senior digital Corporate','2018-12-19','2018-01-31','79',10),(80,'markets80',610.58,'Aktywna','haptic interface Sleek yellow revolutionize Lead Lead Philippine Peso Developer Nicaragua','2018-12-19','2018-03-09','80',1),(81,'Generic81',6731.96,'Aktywna','Drive clicks-and-mortar Generic digital quantifying Avenue synergy Open-source Incredible Fresh Chair Palladium','2018-12-18','2018-04-29','81',8),(82,'Computer82',674.10,'Aktywna','GB Dynamic Bacon Borders ability North Carolina Officer mint green withdrawal turquoise','2018-12-19','2018-10-29','82',2),(83,'Philippine Peso83',7523.36,'Aktywna','calculating Wisconsin Cambridgeshire Communications navigate Licensed generate Practical Qatari Rial multi-state','2018-12-18','2018-05-26','83',9),(84,'model84',7457.78,'Aktywna','Dominica sensor Auto Loan Account deposit HTTP Rustic Buckinghamshire invoice pixel Music','2018-12-19','2018-06-29','84',4),(85,'Chief85',3382.60,'Aktywna','Division Garden transmitter Burgs Avon quantifying Concrete matrix Incredible Plastic Chips seize','2018-12-18','2018-02-13','85',6),(86,'Rubber86',1079.85,'Aktywna','Cotton Vatu revolutionary Bedfordshire paradigms quantifying Cambridgeshire SAS Associate XSS','2018-12-18','2018-10-02','86',5),(87,'Analyst87',2062.72,'Aktywna','Croatia ivory Supervisor magenta Optimized Representative online Home monetize Concrete','2018-12-19','2018-12-11','87',1),(88,'Bedfordshire88',6305.50,'Nieczynna','tan Rubber Accounts wireless Buckinghamshire Functionality National Investment Account Face to face Salad','2018-12-19','2018-04-18','88',4),(89,'Extension89',4763.83,'Aktywna','transmitting definition Generic Mountain Loop Open-source Chief Connecticut Berkshire Senior','2018-12-19','2018-11-15','89',7),(90,'Guarani90',5611.90,'Aktywna','Kids Intuitive maximize Beauty synthesizing deposit Legacy Pants card Sleek Metal Hat','2018-12-18','2018-08-13','90',1),(91,'salmon91',5665.27,'Aktywna','models visionary Fantastic Rubber Hat Metal Terrace Handmade streamline Bypass database alarm','2018-12-19','2018-09-30','91',6),(92,'hacking92',8608.69,'Aktywna','web-readiness Money Market Account Licensed Fresh Hat Money Market Account Metal Cedi Movies solid state Group Legacy','2018-12-19','2018-02-25','92',2),(93,'array93',1168.73,'Aktywna','Usability Cambridgeshire Borders repurpose Salad Liberian Dollar Bedfordshire Investment Account channels circuit','2018-12-18','2018-02-07','93',1),(94,'Intelligent94',362.42,'Aktywna','Baht Principal Credit Card Account Generic Sausages Berkshire Mount Arkansas haptic regional','2018-12-19','2018-01-17','94',5),(95,'Metal95',3866.88,'Nieczynna','violet Strategist Idaho function Refined Fresh Tuna Beauty Fish bluetooth drive Markets','2018-12-19','2018-10-28','95',9),(96,'connect96',4770.82,'Aktywna','users indigo payment Credit Card Account Nepal Croatian Kuna green indigo 24/7 Infrastructure','2018-12-19','2018-07-09','96',1),(97,'tertiary97',8266.79,'Aktywna','relationships Security compressing Tactics interface Identity secured line JBOD payment auxiliary','2018-12-19','2018-03-19','97',7),(98,'function98',9130.88,'Nieczynna','generating Avon Buckinghamshire monitor Investment Account South Dakota Beauty Congo collaborative payment','2018-12-19','2018-07-12','98',7),(99,'solutions99',2251.18,'Aktywna','SMS Orchestrator seize Checking Account Beauty e-markets Handmade Senior infrastructures zero tolerance','2018-12-18','2018-01-01','99',1),(100,'Rustic100',8622.28,'Aktywna','microchip Sao Tome and Principe Ball multi-state Buckinghamshire Re-contextualized Personal Loan Account architecture Functionality Small Fresh Bike','2018-12-19','2018-09-18','100',2),(101,'Cheese101',6663.42,'Aktywna','Handcrafted Steel Shoes Open-architected Refined Soft Pants enterprise withdrawal Jewelery system engine Avon ROI maroon','2018-12-18','2018-03-17','101',2),(102,'Orchestrator102',1292.74,'Aktywna','Loop neural dot-com Bedfordshire Incredible Cotton Fish Customer impactful connecting syndicate tertiary','2018-12-18','2018-02-20','102',2),(103,'hack103',8314.00,'Aktywna','Incredible Soft Chicken Response Connecticut Chief Multi-layered Berkshire Interactions synthesize Facilitator Metal','2018-12-19','2018-10-09','103',8),(104,'1080p104',4003.66,'Aktywna','Refined Wooden Keyboard Minnesota calculating Towels Personal Loan Account Bermudian Dollar (customarily known as Bermuda Dollar) demand-driven FTP Central Personal Loan Account','2018-12-18','2018-04-16','104',1),(105,'redundant105',3598.85,'Aktywna','Reunion Savings Account disintermediate tan digital Investment Account Executive Chips Trinidad and Tobago 1080p','2018-12-19','2018-06-09','105',8),(106,'XSS106',2315.83,'Aktywna','Computer Web parse fuchsia Home Loan Account withdrawal Home Loan Account solid state Beauty Estate','2018-12-19','2018-05-12','106',3),(107,'Berkshire107',7882.58,'Aktywna','Oregon communities Guyana Dollar deliverables Credit Card Account invoice intangible Generic Metal Table Intelligent Ergonomic Steel Sausages','2018-12-18','2018-02-03','107',1),(108,'Kansas108',2801.16,'Aktywna','Chips navigate RSS Ranch port Rustic French Southern Territories Sudan synthesize Fantastic Rubber Shoes','2018-12-18','2018-08-15','108',5),(109,'ivory109',630.86,'Nieczynna','maroon Lead Automotive redefine Team-oriented neural-net Profit-focused reboot Landing Ball','2018-12-19','2018-02-11','109',10),(110,'viral110',1461.64,'Aktywna','pixel Garden Bedfordshire program Movies Michigan CSS ivory Unbranded Frozen Shoes Bedfordshire','2018-12-18','2018-12-01','110',3),(111,'American Samoa111',8989.90,'Aktywna','Producer Checking Account Agent moratorium salmon Rubber Table Chips Concrete Zimbabwe','2018-12-19','2018-03-14','111',3),(112,'Iceland Krona112',8023.75,'Aktywna','New Hampshire utilize withdrawal auxiliary Auto Loan Account Shirt networks Sleek olive Sudan','2018-12-19','2018-10-23','112',8),(113,'Persevering113',729.13,'Aktywna','calculating Maine Nebraska scale invoice real-time Colorado Money Market Account matrix 3rd generation','2018-12-18','2018-07-09','113',3),(114,'Maine114',2895.30,'Aktywna','Arkansas indigo reciprocal Shirt Incredible Wooden Shirt Licensed Metal Mouse magenta Ergonomic Bedfordshire green','2018-12-19','2018-04-08','114',4),(115,'Credit Card Account115',8249.47,'Aktywna','mindshare Hat 6th generation Dynamic interactive Cote d\'Ivoire innovative yellow Handmade front-end','2018-12-18','2018-12-14','115',9),(116,'Electronics116',2368.61,'Aktywna','SMS Toys convergence Ranch global synthesizing help-desk Intuitive partnerships Auto Loan Account','2018-12-19','2018-07-24','116',5),(117,'Granite117',1742.38,'Aktywna','revolutionize Home Fork Practical Frozen Computer bluetooth Junction Orchestrator Toys SMTP California','2018-12-18','2018-03-05','117',3),(118,'Burundi Franc118',3545.13,'Aktywna','schemas HDD Quality Integrated Operations optimize Small Soft Pants Small Infrastructure port','2018-12-18','2018-07-29','118',5),(119,'Planner119',2698.15,'Aktywna','PCI bypassing Tasty Buckinghamshire Gabon Health Bedfordshire Money Market Account Health Markets','2018-12-18','2018-12-06','119',6),(120,'back up120',4656.15,'Nieczynna','deposit capacitor Fully-configurable Kyrgyz Republic Directives system Supervisor Pitcairn Islands copying Licensed Cotton Ball','2018-12-18','2018-01-17','120',9),(121,'Associate121',473.20,'Aktywna','PNG SAS Legacy USB intuitive Circles JBOD bluetooth system-worthy Coves','2018-12-18','2018-10-28','121',3),(122,'bypassing122',8631.61,'Aktywna','Concrete real-time out-of-the-box multi-state Music Cotton Won Refined syndicate Garden','2018-12-19','2018-03-29','122',3),(123,'index123',5339.30,'Aktywna','Intelligent Soft Chips Small Frozen Chips Belize Dollar Union Virginia Program Texas neural Planner plum','2018-12-19','2018-11-16','123',10),(124,'Sao Tome and Princip124',5149.48,'Aktywna','mesh RSS Botswana Auto Loan Account demand-driven bluetooth Health withdrawal auxiliary Summit','2018-12-19','2018-11-14','124',1),(125,'THX125',378.61,'Aktywna','homogeneous paradigms index Gorgeous deposit XML indigo New Caledonia JBOD Minnesota','2018-12-18','2018-02-04','125',3),(126,'end-to-end126',3484.33,'Aktywna','executive Equatorial Guinea Investment Account primary Vista hacking Investment Account Personal Loan Account HDD interface','2018-12-19','2018-07-31','126',6),(127,'schemas127',1472.10,'Aktywna','Sleek invoice Avon Soft niches Guatemala ADP quantifying West Virginia Michigan','2018-12-18','2017-12-25','127',4),(128,'magenta128',8905.11,'Aktywna','lavender Officer rich transform Fish core input withdrawal Human payment','2018-12-18','2018-05-04','128',2),(129,'bandwidth129',9144.10,'Aktywna','action-items invoice SSL Customer-focused Car Gorgeous deposit cyan connecting enterprise','2018-12-19','2018-03-27','129',7),(130,'Forward130',3378.71,'Aktywna','North Dakota Cuban Peso Peso Convertible Auto Loan Account Handmade invoice port olive Georgia Robust Soft','2018-12-19','2018-04-03','130',9),(131,'Assimilated131',46.26,'Nieczynna','matrix Tugrik lime Ethiopia open-source Car Sleek Borders Tugrik Awesome Metal Chips','2018-12-19','2018-04-25','131',2),(132,'Direct132',7340.39,'Aktywna','Fantastic Cotton Computer haptic Cape Verde Credit Card Account payment magnetic bleeding-edge Cambridgeshire hacking digital','2018-12-19','2018-08-30','132',7),(133,'Spur133',867.66,'Aktywna','Centers multi-byte generating Fantastic Chips Agent Garden digital transmitting Canada','2018-12-18','2018-04-29','133',10),(134,'reboot134',7086.83,'Aktywna','Rustic supply-chains Pizza User-friendly invoice Fields Bedfordshire Auto Loan Account Uganda Rustic Rubber Keyboard','2018-12-19','2018-11-18','134',2),(135,'hacking135',8933.78,'Aktywna','Iran Towels embrace out-of-the-box Fantastic Fresh Soap copying disintermediate circuit Netherlands copying','2018-12-19','2018-07-02','135',8),(136,'firmware136',562.91,'Aktywna','Brazilian Real Dominican Peso Fantastic Pennsylvania Cambridgeshire GB Branding override Tasty Metal Soap Uganda Shilling','2018-12-19','2018-04-29','136',5),(137,'intermediate137',1236.56,'Aktywna','withdrawal Berkshire streamline Hat 24/365 Executive portals Outdoors Gorgeous Home Loan Account','2018-12-18','2018-05-29','137',6),(138,'Credit Card Account138',4595.60,'Nieczynna','Credit Card Account Gorgeous Fresh Fish program Euro Crossroad programming Gabon Personal Loan Account Awesome Frozen Table Gourde US Dollar','2018-12-19','2018-04-03','138',4),(139,'Republic of Korea139',758.36,'Aktywna','open-source well-modulated olive Legacy Home Loan Account service-desk Yemen Branding plum Industrial','2018-12-19','2018-02-16','139',8),(140,'Investment Account140',332.27,'Aktywna','harness Metal Persistent Slovakia (Slovak Republic) Fantastic Wooden Pants Cross-group Human magenta Fresh Tools','2018-12-18','2018-02-25','140',4),(141,'generate141',9776.16,'Nieczynna','Graphic Interface deliver Unbranded Soft Salad capacitor Cross-group unleash Accounts Incredible Home Loan Account Steel','2018-12-18','2018-06-02','141',6),(142,'Intranet142',3339.75,'Aktywna','Denmark Dynamic Gorgeous pixel Louisiana Synchronised Computers hybrid Producer platforms','2018-12-19','2018-08-26','142',2),(143,'Mouse143',8698.97,'Aktywna','Flat HDD XML drive Senior haptic South Carolina Handcrafted next-generation Licensed','2018-12-19','2018-06-24','143',7),(144,'model144',8824.32,'Aktywna','azure Fresh Progressive User-centric open-source Drive Cambridgeshire coherent Bedfordshire mobile','2018-12-18','2018-07-10','144',5),(145,'multi-byte145',497.32,'Aktywna','EXE neural Granite transition override Kids input Monitored utilisation fresh-thinking','2018-12-19','2018-09-02','145',9),(146,'Global146',354.59,'Aktywna','incentivize ivory Avon Money Market Account deliver high-level enterprise experiences Paradigm Small Plastic Pants','2018-12-19','2018-02-15','146',4),(147,'payment147',5022.76,'Aktywna','backing up Cambridgeshire Burundi Franc tertiary Car Lights Greenland El Salvador Colon US Dollar Jamaican Dollar olive','2018-12-19','2018-06-07','147',10),(148,'Ergonomic148',5852.47,'Aktywna','Intelligent Operations CSS Awesome Frozen Chips Row navigating Avon Principal Buckinghamshire Vision-oriented','2018-12-19','2018-09-12','148',4),(149,'Generic149',3061.50,'Aktywna','Colorado Consultant withdrawal Senegal Customizable Field driver Handmade Granite Mouse Chips Handmade','2018-12-19','2018-02-03','149',6),(150,'regional150',8306.18,'Aktywna','clear-thinking Enterprise-wide Program bypassing program Frozen Alaska SSL Technician Concrete','2018-12-19','2018-02-20','150',6),(151,'Tuna151',2323.60,'Aktywna','Island Maryland Buckinghamshire bluetooth Generic Granite Table disintermediate encompassing Towels modular Dominica','2018-12-19','2018-12-04','151',9),(152,'visualize152',9944.35,'Aktywna','salmon invoice Virgin Islands, U.S. HDD Sausages Robust Cambridgeshire Senior adapter calculating','2018-12-18','2018-01-02','152',3),(153,'cross-platform153',3123.54,'Aktywna','navigate morph Avon Wisconsin tan Personal Loan Account Money Market Account mint green Tasty middleware','2018-12-19','2018-11-07','153',4),(154,'Small154',5876.30,'Aktywna','Ergonomic Steel Pizza strategize 6th generation Forest Home Loan Account Croatian Kuna Senior discrete Checking Account Rustic Cotton Hat','2018-12-19','2018-05-31','154',7),(155,'Money Market Account155',3531.52,'Aktywna','Toys mindshare Generic Future deploy distributed Gorgeous SQL back up Berkshire','2018-12-19','2018-05-25','155',3),(156,'Maine156',8667.87,'Aktywna','Refined Checking Account withdrawal projection JBOD Associate black Quality implementation Incredible','2018-12-18','2018-08-27','156',3),(157,'Garden157',6804.80,'Aktywna','SDD invoice Nebraska Malagasy Ariary International Central African Republic Buckinghamshire RSS Right-sized hard drive','2018-12-19','2017-12-26','157',1),(158,'SMTP158',1642.17,'Aktywna','Dynamic Plastic Rustic Frozen Chips Berkshire benchmark bypassing primary Cambridgeshire Fantastic Vietnam','2018-12-19','2018-09-26','158',2),(159,'Coordinator159',8533.18,'Aktywna','Auto Loan Account Accountability calculate didactic Cotton Investment Account e-commerce Developer Maldives Applications','2018-12-19','2018-04-25','159',1),(160,'innovate160',889.46,'Aktywna','Plastic payment Response Automotive white Handcrafted Plastic Towels Fish Saint Pierre and Miquelon AGP hack','2018-12-18','2018-08-20','160',8),(161,'Tasty Frozen Compute161',3159.62,'Aktywna','Car Ergonomic Plastic Ball Oklahoma Guam explicit best-of-breed knowledge user Cuban Peso Peso Convertible Fish District','2018-12-19','2018-11-10','161',6),(162,'Borders162',6733.19,'Aktywna','incentivize CSS e-services TCP Directives Mission modular Borders asynchronous Accountability','2018-12-19','2018-07-07','162',7),(163,'Hat163',9753.92,'Nieczynna','Handmade Frozen Keyboard Soft Manors Bahraini Dinar multi-byte bus Handmade Romania Hawaii visualize','2018-12-19','2018-01-29','163',3),(164,'seamless164',7054.80,'Aktywna','Refined Steel Soap withdrawal Customer-focused Solutions Product Consultant strategic Pants auxiliary Practical Concrete Mouse','2018-12-19','2017-12-22','164',10),(165,'wireless165',5786.40,'Aktywna','optimizing indexing attitude-oriented high-level Rubber quantifying quantify impactful overriding bus','2018-12-19','2018-07-03','165',4),(166,'Minnesota166',2706.44,'Aktywna','Rhode Island Shoes Designer Tokelau hard drive Electronics bandwidth bandwidth Bike Licensed Steel Cheese','2018-12-19','2018-01-22','166',5),(167,'Specialist167',2747.72,'Aktywna','Avon connecting aggregate Home Fresh mobile yellow Auto Loan Account Granite Chair','2018-12-19','2018-12-03','167',9),(168,'Multi-lateral168',4405.62,'Aktywna','Chair XSS haptic withdrawal Home Loan Account Administrator methodologies composite Rustic Wooden','2018-12-19','2018-08-27','168',5),(169,'parse169',27.47,'Nieczynna','SCSI driver Coordinator Grocery withdrawal quantify Computer mindshare Flats Rustic Wooden Mouse','2018-12-19','2018-10-27','169',1),(170,'input170',9450.99,'Aktywna','red Refined Yen Automotive invoice payment Bedfordshire Movies leading edge Cambridgeshire','2018-12-18','2018-04-06','170',5),(171,'Fantastic171',4053.33,'Aktywna','Cook Islands tan Liechtenstein harness enable Reactive support Oklahoma Producer Metal','2018-12-19','2018-07-12','171',2),(172,'multi-byte172',401.41,'Nieczynna','Connecticut Concrete Object-based Secured Jordan Argentina South Africa Movies envisioneer analyzer','2018-12-19','2018-07-03','172',2),(173,'solid state173',3646.32,'Aktywna','Handcrafted Wooden Chips Auto Loan Account black Pants Sleek Synchronised one-to-one Shoes Checking Account deposit','2018-12-18','2018-10-25','173',6),(174,'transmitter174',5881.64,'Aktywna','Salad vertical copy protocol Alabama Berkshire National Table Coves Security','2018-12-18','2018-08-09','174',9),(175,'Personal Loan Accoun175',3761.83,'Aktywna','Money Market Account Paradigm parallelism Home Wooden mobile AGP Small Wooden Tuna Steel Incredible','2018-12-19','2018-07-19','175',1),(176,'transform176',7301.34,'Aktywna','Gorgeous Frozen Fish Granite 4th generation Arkansas Rubber Analyst Open-architected Small synthesize yellow','2018-12-18','2018-02-14','176',10),(177,'Steel177',2533.67,'Aktywna','Colombia Dong virtual Health Web yellow interactive Multi-tiered reintermediate transmit','2018-12-19','2018-04-27','177',6),(178,'Pennsylvania178',5876.28,'Nieczynna','Auto Loan Account Handmade plug-and-play Gorgeous Granite Soap synthesizing Licensed supply-chains niches Canada Groves','2018-12-18','2018-12-12','178',6),(179,'cross-platform179',9272.46,'Aktywna','visualize paradigms Shoes invoice Creative dot-com Dynamic Small Rubber Bike Administrator Direct','2018-12-19','2018-06-09','179',9),(180,'XSS180',9012.23,'Aktywna','Outdoors deposit Orchard JSON partnerships Meadow protocol generate Maine Customer','2018-12-18','2018-12-10','180',4),(181,'Bosnia and Herzegovi181',8967.93,'Aktywna','back-end visualize overriding bandwidth withdrawal deploy Savings Account invoice Hat Oval','2018-12-19','2018-09-14','181',10),(182,'multimedia182',5680.27,'Aktywna','Bedfordshire navigating Sleek Health Functionality Oregon monitor Buckinghamshire hacking Managed','2018-12-18','2018-12-14','182',5),(183,'Adaptive183',4964.64,'Aktywna','Bedfordshire Security port back up Automated wireless Borders JBOD B2B magnetic','2018-12-19','2018-11-18','183',6),(184,'Tasty Frozen Salad184',6482.30,'Aktywna','Lake Roads Practical Practical EXE withdrawal calculating orchestration Engineer Ergonomic Frozen Shoes','2018-12-18','2018-01-24','184',7),(185,'Bhutan185',8564.63,'Aktywna','Texas Ergonomic silver deposit Tunnel Japan Bedfordshire e-enable Personal Loan Account reboot','2018-12-19','2018-03-21','185',3),(186,'Kentucky186',5680.52,'Aktywna','Executive Web SMTP CFP Franc compress iterate panel connecting maximize directional','2018-12-19','2018-09-08','186',9),(187,'synthesize187',881.43,'Aktywna','empowering Fantastic Wooden Keyboard Estate Handmade Soft Pizza Rustic interface deliverables networks auxiliary Personal Loan Account','2018-12-19','2018-04-15','187',8),(188,'Salad188',3155.12,'Nieczynna','JSON Unbranded Mount Response Small initiatives SCSI override Assurance Grass-roots','2018-12-19','2018-11-21','188',10),(189,'intermediate189',8225.45,'Aktywna','salmon Singapore Dollar framework quantifying even-keeled Mills vortals calculate Licensed Plastic Tuna e-markets','2018-12-19','2018-04-13','189',2),(190,'hack190',3040.30,'Aktywna','COM Garden Music Handmade Ergonomic Wooden Pizza reboot bandwidth moratorium visionary deliver','2018-12-18','2018-08-13','190',9),(191,'Boliviano Mvdol191',8339.40,'Aktywna','Frozen Honduras Dynamic contingency infrastructures Place Awesome Metal Soap synthesize Bedfordshire Bedfordshire','2018-12-19','2018-01-20','191',6),(192,'supply-chains192',316.75,'Aktywna','Rhode Island revolutionize Tools Supervisor synergize Savings Account Illinois indigo JBOD system','2018-12-18','2018-10-24','192',1),(193,'wireless193',1097.66,'Aktywna','connect Savings Account salmon Health indigo Vermont solid state Cambridgeshire applications payment','2018-12-19','2018-08-03','193',8),(194,'Personal Loan Accoun194',1967.92,'Aktywna','extranet Keyboard Fantastic Cotton Ball Producer synthesize Dynamic Profound Industrial asynchronous Investment Account','2018-12-18','2018-05-09','194',6),(195,'functionalities195',2029.96,'Aktywna','transition Steel Burundi visionary Home Loan Account encryption withdrawal Rustic Concrete Tuna capacitor Cambridgeshire','2018-12-18','2018-04-07','195',2),(196,'circuit196',8475.96,'Nieczynna','Home Marketing Unbranded Plastic Hat 1080p Cambridgeshire Florida Pataca Ethiopian Birr Global Martinique','2018-12-19','2018-06-05','196',7),(197,'Grocery197',8933.12,'Aktywna','Strategist Legacy Cambridgeshire Auto Loan Account Planner 1080p primary Practical Silver exploit','2018-12-19','2018-02-27','197',10),(198,'bypassing198',8653.79,'Aktywna','Somali Shilling brand Liberia ivory navigating Licensed Frozen Shirt connect Table Rubber Generic Cotton Sausages','2018-12-19','2018-09-10','198',3),(199,'Checking Account199',318.65,'Aktywna','Estonia Beauty Rustic Steel Ball Pants transmit Refined Senior process improvement Awesome Fresh Ball Berkshire','2018-12-18','2018-01-27','199',5),(200,'orange200',7824.19,'Aktywna','Generic Frozen Bike Licensed Fresh Cheese Regional program Lempira tangible Yuan Renminbi CSS Gorgeous portal','2018-12-18','2018-07-21','200',7),(201,'Drive201',6282.99,'Aktywna','Lao People\'s Democratic Republic Electronics Specialist portal deposit Research Metal orange interface Ergonomic Fresh Shirt','2018-12-19','2018-12-05','201',1),(202,'calculating202',1075.21,'Aktywna','sexy Ball extranet District Integrated bus impactful pink Forint Zloty','2018-12-19','2017-12-21','202',1),(203,'alarm203',8.81,'Nieczynna','deposit yellow Rubber drive Integration Frozen Engineer THX Associate withdrawal','2018-12-19','2018-09-24','203',2),(204,'1080p204',8108.44,'Nieczynna','Auto Loan Account methodologies Money Market Account Rustic yellow technologies plum interfaces feed wireless','2018-12-18','2018-07-17','204',8),(205,'Chips205',5603.31,'Aktywna','bypass Handmade Granite Gloves Sleek Steel Pizza Gorgeous Frozen Chair Licensed Usability utilize Reduced interfaces Car','2018-12-19','2018-08-27','205',10),(206,'Zambian Kwacha206',7207.26,'Aktywna','Movies Brunei Darussalam feed Human gold Iowa Focused Expressway Computers Baht','2018-12-19','2018-04-20','206',4),(207,'Sleek Wooden Bacon207',7340.20,'Aktywna','Infrastructure payment Grocery HTTP Chair Program parsing Credit Card Account Mobility Home Loan Account','2018-12-19','2018-12-11','207',4),(208,'Aruba208',2505.20,'Aktywna','Mouse Tasty Automotive Ohio Cheese Dominica Programmable Small Steel Cheese Practical Metal Bike collaboration','2018-12-18','2018-04-11','208',3),(209,'Baby209',8741.29,'Aktywna','ivory Bacon Specialist pink Coordinator Internal Meadow convergence fuchsia Handcrafted Wooden Ball','2018-12-19','2018-11-29','209',2),(210,'Direct210',5210.13,'Aktywna','reboot Web gold RAM Future process improvement Wooden Supervisor leverage Haven','2018-12-19','2018-11-08','210',6),(211,'secondary211',4907.19,'Aktywna','optical paradigm envisioneer Computers invoice Forward Berkshire Liberian Dollar Outdoors array','2018-12-18','2018-10-30','211',4),(212,'transparent212',7157.67,'Aktywna','Berkshire XSS 6th generation 1080p standardization Interactions Gloves maximized Avon integrated','2018-12-19','2018-12-15','212',9),(213,'users213',8935.96,'Aktywna','Metal mesh content time-frame orange Fantastic Product invoice Music Checking Account','2018-12-19','2018-04-20','213',3),(214,'Money Market Account214',6493.37,'Aktywna','ivory middleware Shirt back-end New Mexico Tactics Azerbaijan Islands Bhutan Soft','2018-12-19','2018-10-27','214',4),(215,'initiatives215',9725.44,'Aktywna','hard drive Car panel JSON Senior Accounts Refined Books plug-and-play Saudi Riyal','2018-12-19','2018-02-09','215',5),(216,'Handcrafted Concrete216',6825.14,'Nieczynna','Function-based deposit Product Handcrafted panel New Taiwan Dollar Response calculating Movies synthesize','2018-12-18','2018-09-23','216',6),(217,'Iran217',7275.95,'Aktywna','Garden Refined purple Granite black open-source actuating Michigan application info-mediaries','2018-12-18','2018-08-04','217',10),(218,'Track218',7500.33,'Aktywna','value-added sensor instruction set solid state Isle of Man bypass HDD Designer Concrete plug-and-play','2018-12-19','2018-03-06','218',10),(219,'Bedfordshire219',7279.90,'Nieczynna','Wall engineer monitor Generic array Alley Investment Account Customer-focused Re-contextualized lavender','2018-12-18','2018-07-16','219',9),(220,'Fresh220',4515.29,'Aktywna','24 hour parsing Gorgeous Handcrafted Progressive support Moldovan Leu Saint Vincent and the Grenadines impactful Generic','2018-12-19','2017-12-27','220',4),(221,'Samoa221',2765.40,'Nieczynna','Investment Account Response Malta Refined Shoes grey upward-trending solid state coherent Investment Account','2018-12-19','2018-01-02','221',5),(222,'Frozen222',9084.50,'Aktywna','pixel withdrawal Club Music Stand-alone Sports compressing Singapore Dollar Salad clear-thinking','2018-12-18','2018-12-09','222',8),(223,'Steel223',5916.95,'Aktywna','Toys sky blue Interactions Frozen Morocco Assurance e-business Credit Card Account Assistant Assurance','2018-12-19','2018-01-10','223',3),(224,'Iowa224',1700.65,'Nieczynna','Supervisor Tennessee withdrawal index Loaf target harness harness Soft plum','2018-12-19','2018-06-05','224',5),(225,'Associate225',2651.84,'Aktywna','payment mobile eyeballs incremental compress middleware Arizona Direct Beauty Cambridgeshire','2018-12-18','2018-03-22','225',2),(226,'bus226',2757.26,'Aktywna','Balanced interface Gorgeous Wooden Ball Falkland Islands Pound Specialist XML interface directional West Virginia quantifying','2018-12-19','2018-02-14','226',8),(227,'maroon227',6838.52,'Aktywna','Gorgeous Fresh Table solid state Shirt Mobility flexibility connect Fish reboot hacking transmitting','2018-12-19','2018-05-16','227',1),(228,'Refined Fresh Fish228',4913.29,'Aktywna','Direct compress efficient Gorgeous Granite Tuna Intelligent COM Brook Identity override Granite','2018-12-18','2018-03-05','228',10),(229,'homogeneous229',8560.88,'Aktywna','invoice Realigned firewall full-range Savings Account platforms bandwidth logistical Square Metal','2018-12-18','2018-03-11','229',1),(230,'SCSI230',4386.11,'Aktywna','Fantastic Metal Salad Electronics Checking Account Tactics model Bulgarian Lev United States of America Hollow Refined Wooden Chicken paradigms','2018-12-18','2018-09-22','230',10),(231,'Networked231',4255.30,'Aktywna','calculate Home Loan Account payment extend bypass best-of-breed Orchard Intelligent Global Wooden','2018-12-19','2018-11-27','231',7),(232,'Small Wooden Shirt232',4394.23,'Aktywna','transmitting system Principal Extended initiatives Course wireless Administrator Digitized withdrawal','2018-12-18','2018-03-29','232',3),(233,'Tasty Plastic Gloves233',3912.00,'Aktywna','Connecticut Extensions matrix extranet Personal Loan Account JSON turn-key United Arab Emirates Norfolk Island connect','2018-12-19','2018-09-09','233',5),(234,'Managed234',2247.59,'Aktywna','Ball B2B hard drive deposit invoice Bedfordshire Rhode Island Myanmar virtual Mountains','2018-12-18','2018-11-03','234',7),(235,'withdrawal235',3471.90,'Aktywna','Borders Berkshire haptic Maine wireless Cambridgeshire Kuwait Engineer Fantastic back-end','2018-12-18','2018-03-04','235',3),(236,'portals236',6818.19,'Aktywna','dynamic Licensed solid state magenta South Dakota zero defect Representative Synergistic mobile Personal Loan Account','2018-12-19','2018-04-27','236',8),(237,'Health237',6907.56,'Aktywna','Rubber Accounts compelling Human Cambridgeshire Buckinghamshire back up Concrete Indiana East Caribbean Dollar','2018-12-19','2018-10-09','237',3),(238,'Table238',6149.30,'Aktywna','Ghana deposit payment RAM cross-platform Grove copying Synergistic deposit North Carolina','2018-12-18','2018-08-07','238',5),(239,'Course239',2631.89,'Aktywna','Mouse open-source Quality parse deposit Officer stable Rustic Reactive internet solution','2018-12-19','2018-01-14','239',7),(240,'regional240',4173.38,'Aktywna','Developer Sausages Outdoors Generic Fresh Keyboard Bypass initiatives facilitate Inverse Representative Principal','2018-12-19','2018-07-20','240',3),(241,'backing up241',6528.19,'Aktywna','SMTP Customer-focused payment overriding bypassing Guernsey Technician multi-byte backing up Louisiana','2018-12-18','2018-05-02','241',3),(242,'bluetooth242',6036.61,'Aktywna','hack Louisiana incentivize transmit Savings Account Beauty withdrawal sexy Producer plum','2018-12-19','2018-03-23','242',5),(243,'Refined Rubber Tuna243',870.62,'Aktywna','Home Loan Account Garden bypassing Credit Card Account Lempira Gorgeous Metal Towels platforms multi-byte relationships Home Loan Account','2018-12-18','2018-09-11','243',4),(244,'productivity244',3534.78,'Aktywna','compressing support indexing Global Cheese Orchestrator Auto Loan Account Pizza Cambridgeshire interfaces','2018-12-18','2018-08-28','244',10),(245,'Cotton245',6873.25,'Aktywna','Minnesota feed cross-platform JBOD Sleek Infrastructure Awesome Dynamic cyan Massachusetts','2018-12-18','2018-02-02','245',10),(246,'B2B246',7728.99,'Aktywna','Awesome Frozen Shoes Liaison paradigms COM Facilitator Bedfordshire connecting Home Handmade Steel Sausages Falkland Islands Pound','2018-12-18','2018-09-16','246',9),(247,'monetize247',9431.18,'Nieczynna','foreground Wyoming haptic Brunei Dollar Buckinghamshire Tasty Wooden Mouse Virginia mint green core next-generation','2018-12-18','2018-12-12','247',10),(248,'pink248',3831.79,'Aktywna','transparent Customer-focused users Wooden deposit Metal PCI Checking Account Sleek Fantastic Granite Hat','2018-12-19','2018-08-21','248',9),(249,'Administrator249',9553.92,'Aktywna','Wooden Court compress Crest copying Syrian Arab Republic Coordinator Rustic Concrete Cheese Solutions synthesizing','2018-12-18','2018-10-31','249',8),(250,'viral250',7335.39,'Aktywna','Cambodia Salad Senior proactive Games Universal purple Awesome Rubber Cheese Practical Steel Computer 4th generation','2018-12-18','2018-08-21','250',7),(251,'invoice251',7972.14,'Nieczynna','Illinois Tuna Supervisor Home Awesome web services program indigo next-generation Planner','2018-12-19','2018-01-15','251',5),(252,'Computers252',5368.95,'Aktywna','Fresh deposit 6th generation local area network turquoise Games Small Concrete Soap Group deposit Jewelery','2018-12-19','2018-03-21','252',7),(253,'Keyboard253',9153.32,'Aktywna','Unbranded Granite Shirt Chips Handcrafted Steel Sausages integrate Shoes Club Intelligent Steel override Balboa US Dollar','2018-12-18','2018-02-09','253',2),(254,'Plastic254',3240.11,'Aktywna','Skyway Congolese Franc modular deposit Grocery copying Integrated Savings Account Quality digital','2018-12-18','2018-04-09','254',3),(255,'frictionless255',6988.11,'Aktywna','Cambridgeshire Soft hacking Towels Jordan Fish whiteboard Refined New Hampshire Unbranded','2018-12-18','2018-04-22','255',8),(256,'cyan256',8779.29,'Nieczynna','transmitting cohesive real-time Savings Account expedite Lesotho Regional Executive Buckinghamshire feed','2018-12-19','2018-11-07','256',8),(257,'copying257',191.40,'Aktywna','Total Distributed Chicken Soap Georgia Tennessee scale Burg Table real-time','2018-12-19','2018-03-04','257',1),(258,'Product258',9040.69,'Aktywna','Fresh Automotive Rubber platforms Curve Organized Borders bandwidth payment Fish','2018-12-19','2018-01-09','258',5),(259,'Engineer259',8773.79,'Aktywna','Brand markets orange backing up synergies North Carolina Computer sensor yellow bypassing','2018-12-19','2018-09-23','259',6),(260,'Steel260',3444.53,'Aktywna','AGP Frozen Hong Kong Sri Lanka Rupee Shoes target Operative Ouguiya Intelligent Gorgeous Concrete Pizza','2018-12-18','2018-05-04','260',4),(261,'Home Loan Account261',8720.63,'Aktywna','auxiliary multi-byte Industrial deliver redefine Bahamas Berkshire Intelligent Cotton Table Self-enabling adapter','2018-12-19','2018-07-12','261',9),(262,'back up262',803.96,'Aktywna','Grass-roots granular Malagasy Ariary payment Checking Account synthesizing global bypassing primary Fantastic','2018-12-19','2018-04-20','262',9),(263,'Car263',7906.31,'Aktywna','primary maximized Product Borders Research leverage California Croatia feed drive','2018-12-19','2018-06-16','263',1),(264,'Texas264',7905.32,'Aktywna','Handcrafted Plains Concrete indexing program real-time withdrawal Assurance even-keeled Kina','2018-12-19','2018-06-07','264',3),(265,'blue265',992.38,'Aktywna','Personal Loan Account cyan Soft Intelligent JSON 24/7 back-end Iceland Krona synergistic Virginia','2018-12-18','2018-08-24','265',2),(266,'back-end266',4799.31,'Nieczynna','collaboration lavender online matrix Decentralized Analyst Plains cyan District Sleek','2018-12-18','2018-04-28','266',8),(267,'index267',978.43,'Aktywna','maximized eyeballs Assurance Creative Bedfordshire Shores web-enabled maroon North Carolina task-force','2018-12-19','2018-06-10','267',2),(268,'open-source268',4529.35,'Aktywna','Handcrafted Fresh Salad Fish Steel Unbranded Rubber Cheese deposit Argentine Peso Movies drive North Carolina sky blue','2018-12-19','2018-07-06','268',10),(269,'Shoes269',403.50,'Aktywna','USB transmitting Refined Wooden Sausages envisioneer Borders Bedfordshire withdrawal synergy Park Money Market Account','2018-12-19','2018-09-14','269',7),(270,'copy270',9070.86,'Nieczynna','Shoes Square Guarani reinvent withdrawal Streamlined Handmade Concrete Computer Sleek Steel Bacon Producer Manager','2018-12-19','2018-07-09','270',5),(271,'web services271',5440.32,'Nieczynna','Burundi Franc Fantastic Soft Shirt Extensions eyeballs Cotton Analyst Berkshire Sleek online Denmark','2018-12-19','2018-03-19','271',6),(272,'program272',7477.65,'Aktywna','Buckinghamshire e-enable Home Loan Account New Jersey Salad quantify Markets Branch disintermediate Tools','2018-12-18','2018-11-15','272',4),(273,'Wisconsin273',3621.46,'Aktywna','Networked Canadian Dollar Club Licensed generate calculate Minnesota Lari system 1080p','2018-12-18','2018-12-10','273',3),(274,'didactic274',4554.26,'Aktywna','website Licensed neural Buckinghamshire adapter payment ADP Steel Assistant Agent','2018-12-19','2018-08-23','274',4),(275,'Liaison275',5223.10,'Aktywna','Berkshire Home Loan Account deposit Rupiah synthesize Licensed Metal Salad Practical Soft Mouse Incredible Gloves Personal Loan Account','2018-12-19','2018-11-20','275',4),(276,'Ball276',3984.10,'Nieczynna','Isle Global Saudi Riyal Denmark Consultant Re-contextualized Executive Savings Account Supervisor calculate','2018-12-19','2018-02-02','276',7),(277,'productize277',5282.12,'Aktywna','Malagasy Ariary Niue generate Open-architected Checking Account encompassing Outdoors Bahamas payment Centers','2018-12-19','2018-05-16','277',6),(278,'Fantastic278',8997.21,'Nieczynna','Home deposit content generating transmitting multi-byte initiatives help-desk indexing Montenegro','2018-12-18','2018-09-12','278',2),(279,'Port279',6640.82,'Aktywna','Identity Sleek Steel Hat reciprocal Intelligent Cotton Keyboard open system extensible payment Handmade Frozen Gloves withdrawal local area network','2018-12-19','2018-08-29','279',5),(280,'context-sensitive280',3641.71,'Aktywna','Guarani synthesize GB Strategist parsing Texas Directives gold efficient France','2018-12-19','2018-08-12','280',10),(281,'Jamaican Dollar281',5497.12,'Aktywna','Assistant Concrete content-based Plastic UIC-Franc Architect global Dominican Peso teal Legacy','2018-12-18','2018-07-21','281',9),(282,'Security282',441.33,'Nieczynna','mint green Frozen feed Falkland Islands Pound Forward Oregon Practical Soft Gloves payment Central African Republic Refined','2018-12-19','2018-08-04','282',7),(283,'AI283',2941.91,'Aktywna','6th generation B2B Falls Minnesota seize Berkshire Toys Toys navigating user-centric','2018-12-18','2018-12-17','283',1),(284,'Representative284',8568.44,'Aktywna','Virtual Intelligent Uzbekistan tan Assurance Tasty Frozen Chips Arkansas JSON Borders Regional','2018-12-19','2018-05-22','284',10),(285,'matrix285',1734.41,'Aktywna','matrix SAS AI Rapid content-based magenta Connecticut Alaska Tuna Fresh','2018-12-19','2018-08-19','285',7),(286,'visualize286',1980.93,'Aktywna','JSON strategy Liaison Integrated Pakistan New Hampshire grey array Avon magnetic','2018-12-19','2018-07-12','286',1),(287,'initiatives287',8660.32,'Aktywna','Buckinghamshire Avon withdrawal transitional Montana Global Practical Steel Computer Keyboard Towels XML','2018-12-19','2018-11-24','287',9),(288,'Georgia288',7408.78,'Aktywna','Music Buckinghamshire Bedfordshire Road Technician EXE B2B grey bandwidth compressing','2018-12-19','2018-06-06','288',3),(289,'AI289',1298.50,'Aktywna','teal Alaska Soft Small Frozen Implemented Function-based Investor Personal Loan Account West Virginia','2018-12-18','2018-03-28','289',10),(290,'Investment Account290',883.67,'Aktywna','payment syndicate payment Refined Rubber Gloves Cayman Islands Dollar parse Enhanced orange Gorgeous Burgs','2018-12-18','2018-01-10','290',8),(291,'salmon291',4939.50,'Aktywna','azure models bluetooth Electronics Shirt Fantastic withdrawal compress driver service-desk','2018-12-18','2018-08-17','291',8),(292,'turn-key292',2600.12,'Nieczynna','Concrete Optional Soft SSL Fish Lead redefine copying Mississippi Fantastic','2018-12-19','2018-07-19','292',1),(293,'Falkland Islands Pou293',3563.96,'Aktywna','Manager enhance deposit Practical Metal Chicken Myanmar Table parse Crossing global Ameliorated','2018-12-18','2018-05-02','293',2),(294,'lavender294',3447.87,'Aktywna','Organic bandwidth gold Concrete indexing Multi-lateral copying withdrawal back-end Functionality','2018-12-19','2018-11-20','294',6),(295,'killer295',8823.81,'Aktywna','dot-com collaborative Incredible Orchestrator facilitate deposit Licensed experiences Handcrafted Wooden Computer Personal Loan Account','2018-12-19','2018-07-08','295',8),(296,'mindshare296',1324.28,'Aktywna','parsing RSS Division Strategist Music whiteboard withdrawal experiences Movies Creative','2018-12-18','2018-01-03','296',7),(297,'panel297',6476.49,'Aktywna','technologies Utah Automotive orchestration Guinea-Bissau withdrawal Directives cross-platform withdrawal Valleys','2018-12-19','2018-05-07','297',1),(298,'programming298',4385.58,'Aktywna','program Borders XML Creative Cheese Tactics Germany Investor Ergonomic Granite Bacon Checking Account','2018-12-19','2018-04-13','298',2),(299,'Identity299',279.49,'Aktywna','bus Mozambique Mozambique TCP Home Awesome Avon Designer productize harness','2018-12-19','2018-01-30','299',2),(300,'Soft300',2735.90,'Aktywna','ROI composite Refined Granite Table Intranet Buckinghamshire archive payment reboot Grocery Credit Card Account','2018-12-19','2018-08-01','300',9);
/*!40000 ALTER TABLE `Winnica` ENABLE KEYS */;
UNLOCK TABLES;

--
-- Table structure for table `Winobranie`
--

DROP TABLE IF EXISTS `Winobranie`;
/*!40101 SET @saved_cs_client     = @@character_set_client */;
/*!40101 SET character_set_client = utf8 */;
CREATE TABLE `Winobranie` (
  `idWinobranie` int(11) NOT NULL AUTO_INCREMENT,
  `dataWinobrania` date NOT NULL,
  `iloscZebranychWinogron` decimal(4,1) NOT NULL,
  `winnicaIdWinnica` int(11) NOT NULL,
  PRIMARY KEY (`idWinobranie`),
  UNIQUE KEY `idWinobranie_UNIQUE` (`idWinobranie`),
  KEY `fk_winobranie_winnica1_idx` (`winnicaIdWinnica`),
  CONSTRAINT `fk_winobranie_winnica1` FOREIGN KEY (`winnicaIdWinnica`) REFERENCES `Winnica` (`idWinnica`) ON DELETE CASCADE ON UPDATE CASCADE
) ENGINE=InnoDB AUTO_INCREMENT=301 DEFAULT CHARSET=utf8;
/*!40101 SET character_set_client = @saved_cs_client */;

--
-- Dumping data for table `Winobranie`
--

LOCK TABLES `Winobranie` WRITE;
/*!40000 ALTER TABLE `Winobranie` DISABLE KEYS */;
INSERT INTO `Winobranie` VALUES (1,'2018-03-04',82.6,1),(2,'2018-01-29',800.8,2),(3,'2018-02-12',602.0,3),(4,'2018-02-09',544.7,4),(5,'2018-01-21',664.6,5),(6,'2018-03-27',389.5,6),(7,'2018-11-16',779.8,7),(8,'2018-01-01',215.6,8),(9,'2018-07-11',821.4,9),(10,'2018-11-24',311.2,10),(11,'2018-04-30',121.9,11),(12,'2018-09-25',83.0,12),(13,'2018-03-10',19.7,13),(14,'2018-05-20',29.2,14),(15,'2017-12-23',995.4,15),(16,'2018-10-04',822.5,16),(17,'2018-01-23',142.2,17),(18,'2018-01-16',265.5,18),(19,'2018-12-03',140.5,19),(20,'2018-09-27',851.9,20),(21,'2018-04-21',464.3,21),(22,'2018-06-05',494.9,22),(23,'2018-04-24',87.8,23),(24,'2018-03-09',537.6,24),(25,'2018-08-14',661.2,25),(26,'2018-07-17',851.8,26),(27,'2018-11-09',370.7,27),(28,'2018-06-15',947.8,28),(29,'2018-12-08',850.1,29),(30,'2018-08-31',3.3,30),(31,'2018-04-11',627.3,31),(32,'2018-01-05',959.6,32),(33,'2018-04-15',604.6,33),(34,'2018-01-10',352.7,34),(35,'2018-07-20',484.8,35),(36,'2018-05-31',872.9,36),(37,'2018-01-19',631.6,37),(38,'2017-12-21',35.5,38),(39,'2018-08-22',120.6,39),(40,'2018-03-29',244.5,40),(41,'2017-12-26',711.2,41),(42,'2018-07-22',467.4,42),(43,'2018-08-21',346.9,43),(44,'2018-10-08',25.5,44),(45,'2018-09-24',178.5,45),(46,'2018-05-27',250.3,46),(47,'2018-06-21',542.8,47),(48,'2018-05-06',498.7,48),(49,'2018-06-14',286.4,49),(50,'2018-07-25',68.1,50),(51,'2018-01-15',797.7,51),(52,'2017-12-24',717.7,52),(53,'2018-08-17',539.1,53),(54,'2018-02-28',106.8,54),(55,'2018-06-09',765.6,55),(56,'2018-03-27',566.7,56),(57,'2018-12-08',967.6,57),(58,'2018-05-08',977.2,58),(59,'2018-08-23',61.5,59),(60,'2018-01-25',377.2,60),(61,'2018-05-09',728.3,61),(62,'2018-09-10',43.3,62),(63,'2018-02-06',257.6,63),(64,'2018-03-18',6.8,64),(65,'2018-06-27',330.5,65),(66,'2018-05-09',199.7,66),(67,'2018-06-24',833.1,67),(68,'2018-10-09',554.5,68),(69,'2018-06-30',879.2,69),(70,'2018-07-09',718.3,70),(71,'2018-06-25',687.6,71),(72,'2018-07-07',434.0,72),(73,'2018-07-11',494.4,73),(74,'2018-04-19',586.1,74),(75,'2018-04-17',840.5,75),(76,'2018-02-16',514.2,76),(77,'2018-01-14',977.1,77),(78,'2018-08-21',184.3,78),(79,'2018-10-15',458.9,79),(80,'2018-07-16',526.2,80),(81,'2018-11-17',918.4,81),(82,'2018-11-05',672.1,82),(83,'2018-01-01',956.9,83),(84,'2018-11-15',902.4,84),(85,'2018-02-14',505.3,85),(86,'2018-08-23',361.4,86),(87,'2018-04-27',26.2,87),(88,'2018-01-30',385.8,88),(89,'2018-03-07',29.2,89),(90,'2018-07-21',399.5,90),(91,'2018-06-15',889.0,91),(92,'2018-04-05',11.8,92),(93,'2018-08-18',70.4,93),(94,'2018-04-28',782.0,94),(95,'2018-01-27',616.1,95),(96,'2018-10-27',497.0,96),(97,'2018-04-15',467.0,97),(98,'2018-03-19',53.3,98),(99,'2018-09-01',374.7,99),(100,'2018-01-29',305.8,100),(101,'2018-03-03',605.4,101),(102,'2018-11-09',930.7,102),(103,'2018-03-25',20.4,103),(104,'2018-11-07',163.3,104),(105,'2018-12-09',411.6,105),(106,'2017-12-26',962.1,106),(107,'2018-07-03',837.9,107),(108,'2018-09-04',304.3,108),(109,'2018-02-03',409.2,109),(110,'2017-12-24',708.9,110),(111,'2018-11-01',941.2,111),(112,'2018-11-04',205.0,112),(113,'2018-01-16',346.6,113),(114,'2018-04-30',92.1,114),(115,'2018-03-14',632.7,115),(116,'2018-09-09',252.6,116),(117,'2018-06-02',266.5,117),(118,'2018-09-27',879.5,118),(119,'2018-08-28',59.9,119),(120,'2018-02-10',241.7,120),(121,'2018-02-18',519.3,121),(122,'2018-01-14',99.2,122),(123,'2018-08-24',516.5,123),(124,'2018-12-03',136.6,124),(125,'2018-02-02',991.1,125),(126,'2018-05-27',921.5,126),(127,'2018-01-04',784.3,127),(128,'2018-07-23',352.1,128),(129,'2018-09-11',92.8,129),(130,'2018-10-10',585.8,130),(131,'2018-04-02',560.9,131),(132,'2018-06-15',195.0,132),(133,'2018-08-16',985.3,133),(134,'2018-09-23',323.2,134),(135,'2018-01-05',383.2,135),(136,'2018-01-10',170.3,136),(137,'2018-10-14',128.8,137),(138,'2018-06-06',550.4,138),(139,'2018-03-08',234.4,139),(140,'2018-01-31',239.6,140),(141,'2018-02-17',376.2,141),(142,'2018-11-20',409.7,142),(143,'2017-12-28',687.3,143),(144,'2018-10-20',202.1,144),(145,'2018-07-22',766.2,145),(146,'2018-01-16',248.5,146),(147,'2018-04-20',463.8,147),(148,'2018-07-26',773.7,148),(149,'2018-02-22',95.1,149),(150,'2018-05-26',663.2,150),(151,'2018-01-24',147.5,151),(152,'2018-06-16',974.7,152),(153,'2018-09-12',247.1,153),(154,'2018-01-17',591.3,154),(155,'2018-03-21',79.6,155),(156,'2018-03-30',655.0,156),(157,'2018-04-02',140.0,157),(158,'2018-06-07',530.9,158),(159,'2018-04-28',541.3,159),(160,'2018-08-06',263.0,160),(161,'2018-06-16',28.5,161),(162,'2018-06-08',939.4,162),(163,'2018-05-07',409.6,163),(164,'2018-11-18',452.5,164),(165,'2018-03-09',714.1,165),(166,'2018-11-22',596.6,166),(167,'2018-09-09',872.2,167),(168,'2018-11-09',870.4,168),(169,'2018-06-14',842.5,169),(170,'2018-01-30',659.5,170),(171,'2018-05-10',929.4,171),(172,'2018-05-19',300.1,172),(173,'2018-03-04',642.0,173),(174,'2018-08-07',209.0,174),(175,'2018-08-31',257.6,175),(176,'2018-01-19',943.7,176),(177,'2018-11-19',287.0,177),(178,'2018-01-19',479.0,178),(179,'2018-03-13',739.2,179),(180,'2018-04-11',670.7,180),(181,'2018-07-06',579.2,181),(182,'2017-12-31',878.8,182),(183,'2018-10-30',543.4,183),(184,'2018-04-27',432.6,184),(185,'2018-03-06',443.3,185),(186,'2018-10-16',465.4,186),(187,'2018-03-15',903.6,187),(188,'2018-07-20',638.1,188),(189,'2018-08-06',68.3,189),(190,'2018-02-05',652.1,190),(191,'2018-09-09',483.0,191),(192,'2018-06-26',667.6,192),(193,'2018-08-03',324.7,193),(194,'2018-01-02',447.7,194),(195,'2018-05-11',311.7,195),(196,'2018-02-14',735.0,196),(197,'2018-02-23',877.5,197),(198,'2017-12-26',763.9,198),(199,'2018-02-15',465.5,199),(200,'2018-02-10',223.3,200),(201,'2018-07-04',435.0,201),(202,'2018-08-07',664.7,202),(203,'2018-11-15',854.8,203),(204,'2018-07-04',530.0,204),(205,'2018-10-22',665.6,205),(206,'2018-01-18',322.9,206),(207,'2018-12-06',162.7,207),(208,'2018-11-22',994.6,208),(209,'2018-10-27',56.2,209),(210,'2018-08-01',826.1,210),(211,'2018-04-28',226.5,211),(212,'2018-06-18',399.5,212),(213,'2018-07-04',788.3,213),(214,'2018-01-17',927.7,214),(215,'2018-01-30',449.3,215),(216,'2018-08-07',305.7,216),(217,'2018-10-18',873.9,217),(218,'2018-08-15',664.8,218),(219,'2018-08-29',643.8,219),(220,'2018-10-28',337.3,220),(221,'2018-08-28',175.4,221),(222,'2018-02-01',729.5,222),(223,'2017-12-30',992.7,223),(224,'2018-02-27',789.5,224),(225,'2018-07-18',779.6,225),(226,'2018-07-09',595.0,226),(227,'2018-01-17',9.5,227),(228,'2018-11-12',493.8,228),(229,'2018-02-19',779.6,229),(230,'2018-03-26',841.6,230),(231,'2018-09-10',334.0,231),(232,'2018-08-22',17.0,232),(233,'2018-12-03',801.1,233),(234,'2018-03-30',13.6,234),(235,'2018-03-30',607.4,235),(236,'2018-08-10',94.4,236),(237,'2018-11-08',159.2,237),(238,'2018-06-19',464.1,238),(239,'2018-12-08',660.3,239),(240,'2018-06-27',998.6,240),(241,'2018-11-07',146.4,241),(242,'2018-11-09',138.8,242),(243,'2018-07-01',525.4,243),(244,'2018-12-10',289.5,244),(245,'2018-10-26',423.1,245),(246,'2018-01-22',233.6,246),(247,'2018-11-18',954.4,247),(248,'2018-05-24',243.1,248),(249,'2017-12-26',786.9,249),(250,'2018-04-16',10.4,250),(251,'2018-02-07',902.9,251),(252,'2017-12-22',812.2,252),(253,'2018-07-05',984.5,253),(254,'2018-11-20',94.0,254),(255,'2018-05-08',238.3,255),(256,'2018-10-07',762.4,256),(257,'2018-09-12',234.2,257),(258,'2018-05-18',230.7,258),(259,'2018-10-13',972.5,259),(260,'2018-08-25',939.5,260),(261,'2018-09-26',730.0,261),(262,'2018-05-14',721.5,262),(263,'2018-08-25',186.9,263),(264,'2018-11-05',475.8,264),(265,'2018-12-04',158.5,265),(266,'2018-12-11',596.6,266),(267,'2018-08-21',291.8,267),(268,'2018-04-03',396.0,268),(269,'2018-02-21',895.5,269),(270,'2018-07-03',931.1,270),(271,'2018-10-14',146.6,271),(272,'2018-07-05',451.6,272),(273,'2018-11-10',159.0,273),(274,'2018-06-09',739.4,274),(275,'2018-10-02',957.8,275),(276,'2018-05-03',892.1,276),(277,'2017-12-29',148.1,277),(278,'2018-12-11',914.8,278),(279,'2018-09-30',715.3,279),(280,'2018-03-29',692.9,280),(281,'2018-09-25',502.9,281),(282,'2018-02-20',83.2,282),(283,'2018-09-01',198.1,283),(284,'2018-08-11',454.0,284),(285,'2018-05-12',794.2,285),(286,'2018-02-01',73.5,286),(287,'2018-11-16',833.7,287),(288,'2018-10-06',78.7,288),(289,'2018-10-20',963.8,289),(290,'2018-09-12',879.6,290),(291,'2018-09-12',380.6,291),(292,'2018-09-29',174.6,292),(293,'2018-05-06',342.8,293),(294,'2018-02-04',715.3,294),(295,'2018-01-25',204.3,295),(296,'2017-12-22',969.5,296),(297,'2018-03-03',396.9,297),(298,'2018-08-19',729.2,298),(299,'2018-04-07',135.2,299),(300,'2018-05-23',33.0,300);
/*!40000 ALTER TABLE `Winobranie` ENABLE KEYS */;
UNLOCK TABLES;
/*!40103 SET TIME_ZONE=@OLD_TIME_ZONE */;

/*!40101 SET SQL_MODE=@OLD_SQL_MODE */;
/*!40014 SET FOREIGN_KEY_CHECKS=@OLD_FOREIGN_KEY_CHECKS */;
/*!40014 SET UNIQUE_CHECKS=@OLD_UNIQUE_CHECKS */;
/*!40101 SET CHARACTER_SET_CLIENT=@OLD_CHARACTER_SET_CLIENT */;
/*!40101 SET CHARACTER_SET_RESULTS=@OLD_CHARACTER_SET_RESULTS */;
/*!40101 SET COLLATION_CONNECTION=@OLD_COLLATION_CONNECTION */;
/*!40111 SET SQL_NOTES=@OLD_SQL_NOTES */;

-- Dump completed on 2018-12-19 14:14:18
